tissue,num_non_tfs,num_tfs,mae,f1_005,f1_001,abs_time_saving,rel_time_saving,abs_emission_saving,rel_emission_saving,total_runtime,correlation,tp_001
Adipose_Tissue,1,-1,0.012832598088449576,0.9149490905771367,0.8535745321209809,880350.9037418365,330.09000328465123,37.58760273246293,510.5532760760625,2675.1067943573,0.9899925247672051,80545
Adipose_Tissue,2,-1,0.012503057760689022,0.916333475783157,0.8547859754785976,880253.0082893372,318.43681754572674,37.58508484480514,493.70149676816715,2773.0022468566895,0.9910514295094605,79478
Adipose_Tissue,3,-1,0.012339917924338509,0.9175334091872476,0.8529104179918708,880420.1116437912,338.8565892217101,37.58701680180401,506.52984806526587,2605.898892402649,0.9913721995811396,79110
Adipose_Tissue,4,-1,0.012299704076578039,0.9155684647487471,0.852593086881089,880481.9835736752,347.0977405294327,37.5887051070554,518.2988646132392,2544.026962518692,0.9914835959948362,79856
Adipose_Tissue,5,-1,0.012200887000410509,0.9167706796144661,0.8534302201325069,880351.9712061882,330.22177371427426,37.592995879796604,550.8250677286914,2674.0393300056458,0.9916950002178763,79864
Adipose_Tissue,6,-1,0.012226761104800607,0.9169275324808618,0.8554905171901264,880220.4669997692,314.7432927244877,37.575951570322026,440.91208105926046,2805.543536424637,0.9916329373429288,79141
Adipose_Tissue,7,-1,0.012144308927381725,0.9158243315546686,0.8551618204668249,880207.1541583538,313.25682907364563,37.5772119797327,447.5156044722512,2818.856377840042,0.991841799902632,79613
Adipose_Tissue,8,-1,0.01224311388090317,0.9160251496193177,0.8559745764982664,880262.7186694145,319.55582439627653,37.57401913520269,431.1577603528387,2763.2918667793274,0.9916565994755824,79862
Adipose_Tissue,9,-1,0.012133324463058487,0.9164383332496947,0.8569310680081001,880172.7346258163,309.47796086757177,37.57381014690257,430.128653528522,2853.2759103775024,0.9918902698233498,79767
Adipose_Tissue,10,-1,0.01215576752186338,0.9148873346622379,0.8556730556200995,880315.6582891941,325.7975089819675,37.58592225751516,499.18131579943304,2710.3522469997406,0.9918266124428448,79175
Adipose_Tissue,20,-1,0.012104447983318724,0.9167517523195572,0.8561045115430181,880015.0106623173,293.2667045911644,37.5696542574349,410.6380428342471,3010.9998738765717,0.9918792250944948,80211
Adipose_Tissue,30,-1,0.01199944128609891,0.9168885577690841,0.8558301869516274,879667.447132349,262.917772975588,37.55242307311703,345.6901308957012,3358.5634038448334,0.9921054527178085,79448
Adipose_Tissue,40,-1,0.011991529912560885,0.9161263828847025,0.8571489882191369,878824.1767647266,210.15253305174332,37.51816339631673,262.98895932617296,4201.833771467209,0.9920722533633263,79888
Adipose_Tissue,50,-1,0.011977970059422667,0.9171011882805649,0.8550802426064087,878255.156512022,185.0876187077382,37.48029004984158,207.98368160382756,4770.854024171829,0.9920924236478473,79655
Adipose_Tissue,60,-1,0.011938152554841508,0.9176853244221665,0.8550257835899145,878123.7561433315,180.1265172655828,37.46896130470421,195.73781015283518,4902.25439286232,0.9921542111850464,79505
Adipose_Tissue,70,-1,0.011898993377291353,0.9172864171628011,0.8550744858970506,877175.0035588741,150.91863912640528,37.454990451982624,182.48725480483495,5851.006977319717,0.9922042006591066,79669
Adipose_Tissue,80,-1,0.011922326440363758,0.9172280171871748,0.8561070201012323,876774.3496222496,141.2466259272982,37.408694337673,149.05111001867164,6251.660913944244,0.9921747538893806,79579
Adipose_Tissue,90,-1,0.011889462283538902,0.9173358662816823,0.8554773545371515,876557.3926432133,136.50922424934237,37.39851998282376,143.28163207271083,6468.617892980576,0.9922264166203779,79615
Adipose_Tissue,100,-1,0.011871175271903773,0.9177710735994011,0.8567938832720835,875658.735114336,119.85787960585269,37.383317835146855,135.4478500076133,7367.275421857834,0.9922524194389657,79618
Adrenal_Gland,1,-1,0.011776574799766818,0.917529205427044,0.8189682836818741,141405.95909881592,143.1596877020154,6.187883938302848,252.1796701555877,994.698014497757,0.9903234427418803,61249
Adrenal_Gland,2,-1,0.011357804503634938,0.9182068535412781,0.8217284408776732,141040.79924869537,104.717309667716,6.18090355400339,196.50124271380233,1359.8578646183014,0.991196297009931,61999
Adrenal_Gland,3,-1,0.011388965413277236,0.9159000010264025,0.8189266748913802,141532.0223248005,163.93616626506136,6.190202008522517,278.3733536560549,868.6347885131836,0.9912452989746786,61069
Adrenal_Gland,4,-1,0.011347487919368784,0.9186816046160501,0.8180473173815385,141484.32296824455,155.4025437986619,6.18908262805875,265.0776667985918,916.3341450691223,0.9912761824500539,60821
Adrenal_Gland,5,-1,0.011282018515301325,0.9163442328316092,0.8215254992506177,141424.06345534325,145.81362058939933,6.188093054089937,254.3386145086399,976.5936579704285,0.9914479225716594,60843
Adrenal_Gland,6,-1,0.011211950834006862,0.9184189600843926,0.8207117557766909,141638.58479118347,186.85976773866344,6.1912978027027705,292.7475013260059,762.0723221302032,0.9914872433704431,60825
Adrenal_Gland,7,-1,0.01121389123062079,0.9185142271949202,0.819055826353917,141277.6930398941,126.8078476274715,6.185852538090776,232.96926806473024,1122.964073419571,0.9914767945960229,60828
Adrenal_Gland,8,-1,0.011234543268488072,0.919361765386013,0.8191697339858971,141599.72829961777,177.79439905052487,6.194169102111903,338.55458369023773,800.9288136959076,0.9914748915320071,60757
Adrenal_Gland,9,-1,0.011200267121494313,0.9183972555401844,0.8158147856676823,141421.16826415062,145.3826220022728,6.187761824397168,250.93581417780254,979.4888491630554,0.9914958157163973,60644
Adrenal_Gland,10,-1,0.01131442390251264,0.9174038202729027,0.8211518128404514,140923.87910151482,96.42658271967083,6.178219444214962,181.12415134683545,1476.7780117988586,0.991374924596449,61354
Adrenal_Gland,20,-1,0.011074785145328099,0.9191534661703326,0.8205563299193989,141122.39324855804,111.40161357884965,6.181494159705356,200.2419195535139,1278.2638647556305,0.9917317655283591,60930
Adrenal_Gland,30,-1,0.011085883009916449,0.9190157608559473,0.8216363009950753,141178.048163414,116.47277498254776,6.17929828024077,187.00608045615508,1222.6089498996735,0.9917082170635323,60813
Adrenal_Gland,40,-1,0.011048836664839471,0.9187841200113012,0.8225900312622647,141201.26050019264,118.72691281223739,6.183273590593173,212.4255027604866,1199.3966131210327,0.9917697538599627,60782
Adrenal_Gland,50,-1,0.011090181624133166,0.9189165785539797,0.8214211041041378,141089.5467391014,108.61073172338381,6.1786924842436255,183.6570281257025,1311.110374212265,0.9916634213142795,60894
Adrenal_Gland,60,-1,0.011011750784013008,0.919483155805944,0.8225295109612142,141319.57197618484,131.72011363647502,6.174913331346079,165.2006675040801,1081.08513712883,0.9918227902205602,60970
Adrenal_Gland,70,-1,0.010998918737685884,0.9195908783525658,0.8214894635047072,141066.61188316345,106.7435000665445,6.166496512311312,134.98810611477782,1334.0452301502228,0.9918465955353398,60950
Adrenal_Gland,80,-1,0.011051002594933404,0.9194394279355698,0.8228949858088931,140948.91975927353,98.08982094248418,6.161711316811583,122.27464352813519,1451.7373540401459,0.9917330661279826,60886
Adrenal_Gland,90,-1,0.01103479698107354,0.9190574202781214,0.8222442899702085,141050.0914413929,105.43778808681792,6.1682387331815605,140.29922778845042,1350.5656719207764,0.9917714830654276,60858
Adrenal_Gland,100,-1,0.011020299491299353,0.9194525670183599,0.8225820640001082,140986.59988498688,100.70360255632029,6.159137030953767,116.37811054395388,1414.0572283267975,0.9917730920865097,60781
Bladder,1,-1,0.004009445403756924,0.9819582231529629,0.9293094519140699,60784.59063243866,145.70968314441194,1.249665231587764,154.2453604443712,420.0450813770294,0.9724086158854726,164189
Bladder,2,-1,0.0038091109706517652,0.9822716574964272,0.9324962630792227,60952.74989914894,242.9856393254663,1.2534137199995856,285.46715201655263,251.88581466674805,0.9766483239324161,163758
Bladder,3,-1,0.003994812056708037,0.9822800067356181,0.930778865281186,61023.19188666344,337.320021708195,1.2538633020117533,317.90432889648645,181.4438271522522,0.973590678872446,164235
Bladder,4,-1,0.003925487033502125,0.9821736732236193,0.9340902388675907,60966.365181684494,256.8703530662179,1.2529219868060653,256.8072627608021,238.27053213119507,0.974364676708121,164710
Bladder,5,-1,0.003802023516222698,0.9831277470579896,0.9318493102128202,60989.78520298004,284.8707944689733,1.2539131924522664,321.96411154811597,214.85051083564758,0.9768179893846867,164306
Bladder,6,-1,0.003880847378741046,0.9828805860598044,0.9329035474331812,60979.165246248245,271.453003908407,1.2529787581566523,259.81880281395274,225.47046756744385,0.9752057967007347,164678
Bladder,7,-1,0.003812219181585082,0.9828646943261997,0.9322619704058256,60962.2399353981,252.49876921691026,1.2527102858928123,246.16725711865192,242.39577841758728,0.9767852948627026,163997
Bladder,8,-1,0.003799774112833395,0.9828681294707549,0.9336516406340818,60932.74297142029,225.10580891051748,1.25213743949262,221.3512455307262,271.892742395401,0.97689631436926,164649
Bladder,9,-1,0.0037974696968612032,0.9831765618151782,0.9333956836571299,60847.1071870327,171.1881182308155,1.2508084258431413,179.39447808516687,357.5285267829895,0.9773339044736823,164672
Bladder,10,-1,0.0038234081296940983,0.98262009089829,0.9333696086516634,60811.14803671837,155.54397069130596,1.2501400718179676,163.7822787900229,393.48767709732056,0.9765250377760003,164673
Bladder,20,-1,0.0037944378922930132,0.9827870233271565,0.9335614145574828,60927.12373137474,220.5477225720852,1.2523754617049576,231.0283695991703,277.5119824409485,0.9769763439932966,164543
Bladder,30,-1,0.0037550794454894267,0.9830410507633743,0.9349009633998876,60868.613555431366,182.14464191320766,1.2508689834962328,180.95739532405037,336.0221583843231,0.9775423452395477,164680
Bladder,40,-1,0.0037676437081707085,0.9833711771801603,0.9341254200280728,60722.34273195267,126.90343425150375,1.2484109644207713,133.68353684596178,482.29298186302185,0.9774203704713149,164712
Bladder,50,-1,0.003756213315947892,0.982973651726046,0.934667411391454,60787.785923957825,146.82659606158126,1.2496202272857582,153.39877737938784,416.8497898578644,0.9774037132892458,164830
Bladder,60,-1,0.003762533650471096,0.9832348924244843,0.933971754141684,60624.069885253906,105.42238744129322,1.2465544513164923,111.65288133848733,580.5658285617828,0.9772838445100436,164337
Bladder,70,-1,0.0037739823802215417,0.9831339318334179,0.9344952144760327,60718.16786122322,125.8143480348105,1.2476984439739018,124.27261364533877,486.46785259246826,0.9771563119664876,164666
Bladder,80,-1,0.0037461460132789228,0.9832445836688792,0.9341119917366864,60684.256113529205,117.61536324660075,1.2484606978940942,134.39391214600084,520.3796002864838,0.9776342837508392,164591
Bladder,90,-1,0.0037455255935941,0.9831919804015831,0.934306445116382,60546.27570605278,92.96530012779411,1.2442679744551446,92.81484148360275,658.3600077629089,0.9775823074160302,164693
Bladder,100,-1,0.0037359717416987747,0.983362743967864,0.9343558717850396,60600.867280483246,101.37104282846065,1.2456232577710427,103.12836834799458,603.7684333324432,0.9776395719620297,164477
Blood,1,-1,0.013492048270308588,0.9512289938133796,0.9069727289917866,513757.52649974823,361.9582666450664,21.948812708457485,641.8462376277856,1423.3155851364136,0.990335063413273,110316
Blood,2,-1,0.012911105404383401,0.9499844662410205,0.9099643004988094,513763.16802692413,363.3986523150691,21.943024275120024,549.0526740399921,1417.6740579605103,0.991736117263381,111007
Blood,3,-1,0.011842330698954816,0.951541222722352,0.9079057356629017,513680.9581885338,343.48048094808723,21.941470402993378,528.5401511598176,1499.8838963508606,0.9937144408153584,110242
Blood,4,-1,0.011706244111126267,0.9515044281460765,0.9089018078754253,513804.1922943592,374.22795952211754,21.946782229722835,605.924310377129,1376.6497905254364,0.9938506723628451,109674
Blood,5,-1,0.011560364533626527,0.9515233577310445,0.9088482374185444,513747.88677716255,359.5233147248994,21.939598410715025,505.77596986714093,1432.9553077220917,0.9941994643688422,109972
Blood,6,-1,0.011333457227743819,0.9522248221388776,0.9107887083543926,513725.9209513664,354.0953734303794,21.945279678946143,581.8278183248016,1454.921133518219,0.9944386008928939,109924
Blood,7,-1,0.011153964684989777,0.9517337597934769,0.9106077974532678,513732.97519159317,355.8205830051896,21.943381308005993,553.9928015604625,1447.8668932914734,0.9946091835496816,110021
Blood,8,-1,0.011089747666313154,0.952292755882158,0.9122385785961484,513681.6543638706,343.6399824142275,21.934701262186543,454.5600965183422,1499.1877210140228,0.9946957890133685,110182
Blood,9,-1,0.011055585949322462,0.9526489285437342,0.9126077586206897,513665.8272404671,340.050029201489,21.94280951420263,546.1233204944658,1515.014844417572,0.9947179867727296,110097
Blood,10,-1,0.010929507547924502,0.9523478095810561,0.9099967256464776,513577.12126612663,321.24097664571224,21.931616514876765,427.3042354503959,1603.7208187580109,0.9948979640671369,109777
Blood,20,-1,0.010812863218745505,0.9531666864115627,0.9129921602246326,513454.700322628,298.45801390690974,21.920416555196024,350.9099105694056,1726.1417622566223,0.9950466707116685,110226
Blood,30,-1,0.010658398827666468,0.9531499155291949,0.9136690052286717,513240.5541918278,265.51773266658466,21.91004647182292,301.0719773938877,1940.2878930568695,0.9951984861331266,110437
Blood,40,-1,0.010548573161520186,0.9533426172836383,0.913881503201385,512594.7630684376,199.2131094248912,21.90060003054142,266.5828239128166,2586.0790164470673,0.9953076312424697,110332
Blood,50,-1,0.010550529146350927,0.9536859448203238,0.9145820647603898,512366.3695921898,183.0470340079961,21.87459370047069,202.66725866080355,2814.4724926948547,0.9953242839424905,110396
Blood,60,-1,0.010434634163030462,0.9529770558118956,0.9146520116203041,512189.385433197,172.21738506364343,21.859602438730814,178.05817193764292,2991.456651687622,0.9954379296751471,110511
Blood,70,-1,0.010410030256395376,0.9535418088952945,0.9144788275636704,511482.07434535027,139.28445319189967,21.840186223529695,153.860892445167,3698.767739534378,0.9954582710536117,110539
Blood,80,-1,0.010364519984587145,0.9538181760678084,0.9149565944551848,511209.8174870014,129.7349914073825,21.82731219036625,141.1430302617511,3971.0245978832245,0.9954990289716795,110508
Blood,90,-1,0.010390451194091654,0.9536230830384365,0.9146565952817272,511033.6719453335,124.22467001574266,21.809949565123237,126.98687048836658,4147.170139551163,0.9954733615909696,110555
Blood,100,-1,0.010346351998177038,0.9541290783459664,0.9150254865616312,510475.8742492199,109.49720807434521,21.797834441339813,118.68109786445085,4704.967835664749,0.9955316414382073,110579
Blood_Vessel,1,-1,0.012633326373031814,0.9124583804682772,0.855347297683013,951974.6304140091,334.9655106493758,40.388350041757775,520.3896823952316,2850.5177931785583,0.9894629448073556,85406
Blood_Vessel,2,-1,0.012555026056723635,0.9137970668015264,0.8577174610816883,952034.2199599743,342.1174117107971,40.39975054068725,609.790555065558,2790.9282472133636,0.9901242842824632,85511
Blood_Vessel,3,-1,0.012323081693760837,0.9122880046690469,0.8589195960937618,952200.8222334385,363.83633655201254,40.3910689324356,539.24415543873,2624.3259737491608,0.9904866405026624,85359
Blood_Vessel,4,-1,0.012182889918975993,0.9142416332188543,0.8606751203771397,951963.1336605549,333.61994939213844,40.38420974300614,494.08284379802586,2862.0145466327667,0.9907769553271498,85351
Blood_Vessel,5,-1,0.012144124388956202,0.914639998711693,0.8613481805926542,952033.617934227,342.0436301392898,40.3803716158655,471.96525944306865,2791.530272960663,0.9908562767106082,85938
Blood_Vessel,6,-1,0.012185847799982047,0.9153314109933017,0.8589908012332081,951895.5778663158,325.92668449907956,40.3752773221092,445.49573743527225,2929.570340871811,0.9907664261298658,85397
Blood_Vessel,7,-1,0.012161143536378018,0.9149099736134179,0.8598463225004673,951811.6595182419,316.8504171625813,40.375691790020625,447.53781735275885,3013.4886889457703,0.9908045911340341,85102
Blood_Vessel,8,-1,0.012137860583809067,0.9140019592753682,0.8601453505928774,951768.1776287556,312.34358450937935,40.373203790597195,435.5530501235639,3056.970578432083,0.9909029558656444,85452
Blood_Vessel,9,-1,0.012101802343738139,0.9146027821437616,0.8572092107455332,951665.7695040703,302.2192772474722,40.36611541952307,404.6781349502101,3159.3787031173706,0.9909940285902619,84895
Blood_Vessel,10,-1,0.011971950849554385,0.9157683207052372,0.8601179902625509,951752.1474921703,310.71426164696044,40.37913765307462,465.26911444056606,3073.0007150173187,0.9911855602690255,85946
Blood_Vessel,20,-1,0.011917349518771854,0.9142470840194517,0.8578168776753333,951598.5123102665,295.91970668840503,40.350026401026774,348.59091831291533,3226.635896921158,0.9912883388239562,85270
Blood_Vessel,30,-1,0.012014043024422808,0.9134331806847684,0.8589947290106177,951176.3837382793,261.6845116596046,40.32933161166541,295.84902144662533,3648.76446890831,0.9911577891234283,85150
Blood_Vessel,40,-1,0.01195520333765842,0.9143643129197422,0.8592964570760163,950091.0064337254,201.68917491224184,40.29430203748151,235.52939525760027,4734.1417734622955,0.9912238737668374,85216
Blood_Vessel,50,-1,0.01191990625982974,0.9145682567022722,0.8601155023447278,949820.3144545555,190.78059240329935,40.27537820983622,212.1610342137345,5004.833752632141,0.9912954147949197,85563
Blood_Vessel,60,-1,0.011901538323849355,0.9148598364812441,0.8593403505955307,949628.6015381813,183.74224442205647,40.27185999860057,208.3184464770721,5196.546669006348,0.9913255839842089,85641
Blood_Vessel,70,-1,0.011927276680265721,0.9146479011901781,0.8596873662748257,948326.3045809269,146.92231466362668,40.220945729241095,165.05631457648653,6498.843626260757,0.9912966617173652,85382
Blood_Vessel,80,-1,0.011872939538504752,0.9149592072221735,0.8602897270825075,948006.1012878418,140.0232553758089,40.1889577713856,146.0061653038544,6819.046919345856,0.9913767628593646,85724
Blood_Vessel,90,-1,0.011907424623605401,0.9150036464184247,0.8594417093690441,947451.9067034721,129.49869439730588,40.16541497997861,134.57471949165287,7373.241503715515,0.9913170906902024,85453
Blood_Vessel,100,-1,0.01186698622021016,0.9147309070075017,0.8583158709340248,946601.5910835266,116.1085323357138,40.169053463005454,136.22304488527874,8223.557123661041,0.9913810608492168,85402
Brain,1,-1,0.008555043603657235,0.9687691108741889,0.9296165439832736,1434582.094988823,315.8361965450878,60.411515590814176,453.7014412006289,4556.598354101181,0.9892139022749473,354810
Brain,2,-1,0.00825639183920743,0.9694014398132571,0.9272276193460776,1434433.6570129395,305.8719619594552,60.42182092336275,491.6703556563634,4705.036329984665,0.9907791568297919,355054
Brain,3,-1,0.008107595658318248,0.9683447979102339,0.9277978999743899,1434453.4034676552,307.16107896319164,60.39849534796416,413.3694547680306,4685.289875268936,0.9916497835706852,355033
Brain,4,-1,0.00780799384889211,0.9699337818909421,0.9286471985073042,1434116.7736840248,286.57142907346935,60.39163954457889,394.8857027609012,5021.919658899307,0.9925422544008671,354115
Brain,5,-1,0.007583523509953448,0.9702087399213413,0.9301344775260322,1434390.2882473469,303.0783314345625,60.39791138436476,411.72789598665145,4748.40509557724,0.9930383045005928,355516
Brain,6,-1,0.007580471063288498,0.9701049160954538,0.9296447220124172,1434280.948993206,296.25657295580834,60.38885567946104,387.8436659755566,4857.744349718094,0.99312590445184,355095
Brain,7,-1,0.007524142281505139,0.9696166364549148,0.9305998477424283,1434253.4692964554,294.5901108431659,60.392496885102254,397.1062163443896,4885.224046468735,0.9932887864483548,355719
Brain,8,-1,0.00749108960164175,0.9700239210269196,0.9302262100208533,1434428.7474353313,305.5531255726161,60.41032338001359,449.6839715412087,4709.945907592773,0.9933277746456518,354412
Brain,9,-1,0.007492437435234061,0.9698177653491111,0.9303500125149557,1434281.163804531,296.26967411484304,60.38793301986084,385.5648063167568,4857.529538393021,0.993371498687589,354969
Brain,10,-1,0.007465911359312347,0.9702859429731036,0.9302362109903688,1434145.6463503838,288.2285497198415,60.38424988511448,376.7286054868502,4993.0469925403595,0.9934144808594515,355340
Brain,20,-1,0.007302392898718094,0.9706818135877585,0.9313046847592169,1434026.8731324673,281.53155511983607,60.38505461419023,378.62447727852884,5111.820210456848,0.9937597402942988,355723
Brain,30,-1,0.007246597235698423,0.9709072011097608,0.9303684079373614,1433516.4355082512,255.9716639937139,60.33694026077218,291.05071652046854,5622.257834672928,0.9938901362191465,354689
Brain,40,-1,0.007178688840973407,0.9710119342806012,0.9317163146972416,1431780.5318157673,195.58400397048672,60.28296033851561,231.0859161659264,7358.16152715683,0.9940176174658971,355358
Brain,50,-1,0.007130851684215853,0.9710740682836364,0.9321982381394082,1431349.1683280468,184.75307423678512,60.25074866772034,205.78571674960094,7789.525014877319,0.9941079358279131,355766
Brain,60,-1,0.007117510728897222,0.9711322229287466,0.9316165005828996,1430997.994736433,176.78319305365375,60.24694208825853,203.15723833252343,8140.698606491089,0.994129700114078,355210
Brain,70,-1,0.0070870026659020716,0.9711457748063472,0.9321877699661916,1429456.8511812687,148.6430649574705,60.20701482712488,179.15495140277835,9681.842161655426,0.9941806552731727,355549
Brain,80,-1,0.0070758058048933205,0.9712207433799086,0.9322105207971532,1428825.1848113537,139.5391964759239,60.12789434042879,145.1680992065374,10313.508531570435,0.9941949216148801,355622
Brain,90,-1,0.007051928919135806,0.9710520480846151,0.9324818427005166,1428095.06777668,130.31397023653048,60.09484411759072,134.5090361828657,11043.625566244125,0.9942709706208379,355767
Brain,100,-1,0.007045508255461277,0.9713270825528841,0.9322790182642111,1426479.8892681599,113.68678153506579,60.053267249744415,123.13518877810661,12658.804074764252,0.9942542076196434,355292
Breast,1,-1,0.013071996391858545,0.9061750328808555,0.8102617269789449,310162.70332431793,220.1711809669418,13.446646765809184,361.11227263270155,1415.1618928909302,0.9905774627367029,36732
Breast,2,-1,0.012979347191259085,0.9051591453273248,0.8131824803128046,310244.2471585274,233.6335078765036,13.44867722459242,381.87777729288626,1333.618058681488,0.9910571211032652,37123
Breast,3,-1,0.012769313822427557,0.907445704149944,0.811211980650719,310440.9645316601,274.05900020792944,13.455734885891674,477.27495364482985,1136.9006855487823,0.9913037578719318,36726
Breast,4,-1,0.012711505073853005,0.9053819543830094,0.8124475462697116,310247.1416153908,234.14168411195192,13.448634446199737,381.41568462815985,1330.7236018180847,0.9914645581614223,36786
Breast,5,-1,0.012622023615929715,0.9054166632568721,0.8101341413515875,310298.86279177666,243.6100659558322,13.449656031972328,392.76548917450856,1279.0024254322052,0.9916523735928834,36629
Breast,6,-1,0.012452096904247171,0.9049675601927739,0.8105733645219034,310404.0166451931,265.43275908421435,13.454546441498007,458.0084598123341,1173.8485720157623,0.9918577125480222,36905
Breast,7,-1,0.012562277190059215,0.9038695084306902,0.8107204510193825,310270.17302942276,238.2654481898406,13.44802500197752,374.9518579927775,1307.6921877861023,0.9917701717971203,37101
Breast,8,-1,0.012555604409693737,0.9039577949263764,0.8127137530063326,310164.4294490814,220.44005977717387,13.444983109295551,345.70949999823256,1413.4357681274414,0.9917652960751636,36833
Breast,9,-1,0.012564605233262019,0.9061595551569036,0.8139215922930908,308999.7547636032,120.85512658367578,13.427308472536444,237.90326296225214,2578.110453605652,0.9917381076347143,37090
Breast,10,-1,0.01247807530326283,0.9054681093785547,0.8087590285203047,310124.08051514626,214.32187639280224,13.445736770269582,352.52117994290717,1453.7847020626068,0.991864030321425,37063
Breast,20,-1,0.012352156155973683,0.9053732451613642,0.8111532750371225,309824.8622291088,177.739494645645,13.43357904912609,267.49766338659236,1753.0029881000519,0.9920264469210139,36873
Breast,30,-1,0.012380356456404793,0.9063052406876181,0.8122563406193877,310039.23360824585,202.50322650475258,13.432645553420322,262.63398424265984,1538.6316089630127,0.9919714145524742,37086
Breast,40,-1,0.012415815675738259,0.9059384155827584,0.8165390640513647,309919.6147284508,187.8955364883135,13.427626413361406,239.24532264199897,1658.2504887580872,0.991919389638911,37008
Breast,50,-1,0.01234657978095988,0.9056240514846363,0.8144298245614036,309576.3601176739,155.6717818453713,13.413637048093886,191.6703910736186,2001.5050995349884,0.9920125392658606,37138
Breast,60,-1,0.012237776979677149,0.906162800229527,0.8146581168330359,309632.9015607834,160.19726856482131,13.411223677710709,185.31317486654035,1944.963656425476,0.9921822850054756,36970
Breast,70,-1,0.012298845067359166,0.9062669960487258,0.8163054808800132,309399.5645828247,143.03712733632725,13.39901341573053,158.68460978147516,2178.3006343841553,0.9920875856735707,37197
Breast,80,-1,0.01232628036068581,0.9072067072941169,0.8127623107517195,309050.3900105953,123.27632904248313,13.391669131072147,146.06055330826786,2527.4752066135406,0.9920562335968506,36988
Breast,90,-1,0.012246324538501623,0.9069017288742321,0.8168870691086151,309016.15846037865,121.62901330780991,13.392735527061607,147.7674685463458,2561.7067568302155,0.9921496296151777,36909
Breast,100,-1,0.012261745760852105,0.9069949801502674,0.8149718289749701,308777.2858762741,111.25478955836797,13.371567596460855,119.94367900911828,2800.5793409347534,0.9921283564679931,37102
Cervix_Uteri,1,-1,0.004017667894858127,0.9865267208290076,0.927966888488239,64369.492042541504,365.1827050623465,1.3064212017077084,340.56131107236484,176.75054621696472,0.9825447204194243,154925
Cervix_Uteri,2,-1,0.0037762487336898813,0.987127651267714,0.9308838240788728,64379.18897032738,386.3803920858107,1.307014112127369,402.60594862885927,167.0536184310913,0.9852570002340071,154469
Cervix_Uteri,3,-1,0.003913132934381649,0.9865946024182659,0.9312669554399796,64119.93041849136,151.40605192743416,1.3020929119734264,160.2643839450176,426.3121702671051,0.9838691134790595,155333
Cervix_Uteri,4,-1,0.003815952243629496,0.9868870988919399,0.9314177087820882,64337.54892230034,309.28702190254705,1.3057862546226995,292.31886125199344,208.69366645812988,0.9846323901451284,154586
Cervix_Uteri,5,-1,0.003775767995613326,0.9870805964680602,0.9325372129171139,64312.97830367088,276.7086378633695,1.3055207189054217,275.97021953023375,233.26428508758545,0.9851256681187179,155087
Cervix_Uteri,6,-1,0.0037488193874069954,0.9874575709120849,0.9316309769495972,64406.211352586746,460.9417466657542,1.3070983391228077,413.30238419876724,140.0312361717224,0.9853338191449628,154838
Cervix_Uteri,7,-1,0.0037497535876408693,0.987932749663634,0.9317439023292247,64325.88088917732,292.91044093163697,1.3056819504820116,285.6712652381593,220.36169958114624,0.9852329448878944,155229
Cervix_Uteri,8,-1,0.0037058427671589214,0.9881319267751126,0.9329608098476122,64301.08682966232,263.28666651247056,1.3052383018476637,260.4763089511449,245.15575909614563,0.9857130222527882,155108
Cervix_Uteri,9,-1,0.0037440529205203,0.9873015873015873,0.9329344587437851,64293.40278172493,255.28512834292943,1.3056485112593337,283.6036287493193,252.83980703353882,0.9855860712173907,155460
Cervix_Uteri,10,-1,0.003717053169965401,0.9875427752669406,0.9327759880757766,64218.25162196159,196.7927446877889,1.304382458213941,222.60299338634897,327.990966796875,0.98571827511678,155199
Cervix_Uteri,20,-1,0.003690114790228784,0.987907345563231,0.933932911861354,64276.50613117218,239.29372827961228,1.304724906904139,236.35382007237217,269.73645758628845,0.9858141880526159,155038
Cervix_Uteri,30,-1,0.003678921434871828,0.9877625710037742,0.9344144458446242,64273.657497406006,236.79300385983967,1.3047660355424995,238.1204407448796,272.58509135246277,0.9858704876183361,155345
Cervix_Uteri,40,-1,0.003635204955314444,0.9874813000848047,0.9340613718411552,64141.65598845482,159.53628355540025,1.30217178657832,161.825593121988,404.5866003036499,0.9864177716267832,155241
Cervix_Uteri,50,-1,0.003641884146037647,0.9877497798163039,0.9349362656929564,64163.09698629379,168.46400473749222,1.3033183959732366,188.52283084402674,383.1456024646759,0.9863081556987685,155421
Cervix_Uteri,60,-1,0.0036393099811596395,0.9877821447768192,0.9346733970675828,64071.292586803436,135.9011313255445,1.300594930198066,135.44716364072826,474.95000195503235,0.9863063496250989,155353
Cervix_Uteri,70,-1,0.0036357129693102364,0.9876165887026858,0.9341502609072471,64036.8842189312,126.72068706880555,1.2995849013510679,122.64206789481054,509.3583698272705,0.9864002116692842,155210
Cervix_Uteri,80,-1,0.00364418896121319,0.9876942437127004,0.935102428696876,64017.35463786125,122.04143142089141,1.2996611433705751,123.52357002026541,528.8879508972168,0.9862141434668369,155472
Cervix_Uteri,90,-1,0.0036362039358565053,0.9878685617868276,0.9349114919075736,64027.452535390854,124.41688534652954,1.2998720715093464,126.029660781774,518.7900533676147,0.9863577874749048,155329
Cervix_Uteri,100,-1,0.0036192212666414586,0.9877787245723697,0.9348645178362547,63781.08739376068,84.357059862797,1.2952850667299247,87.44734685869086,765.1551949977875,0.9864103655654367,155446
Colon,1,-1,0.01272363265226662,0.9176315036634407,0.8382132076313402,564494.8855047226,288.5001818384073,23.987862364495793,459.5621614146524,1963.4592294692993,0.9920555025997949,56369
Colon,2,-1,0.012542809768030896,0.9187291811627459,0.8368417527959462,564619.8715732098,308.1134697835805,23.99636791473715,548.7936552003296,1838.473160982132,0.9925234924670034,56232
Colon,3,-1,0.012389993919203897,0.9207372492968375,0.8441840180708071,564734.5317363739,328.60776978199857,23.989751316089944,476.778638360676,1723.8129978179932,0.9927296320823634,56619
Colon,4,-1,0.01238650980039014,0.9184083755991982,0.8420250440811691,564723.6519668102,326.5467841831149,23.990742222572056,486.33623034993064,1734.692767381668,0.9927747367204702,56350
Colon,5,-1,0.012398863572589769,0.9197185244575146,0.8407785433219256,564664.8200671673,315.8352684794262,23.99453001679334,526.6956725735503,1793.5246670246124,0.9927560301220381,55768
Colon,6,-1,0.012405750774484185,0.9196355309890487,0.8383382371658095,564632.7713186741,310.2906406935824,23.98594515683196,443.31461187211147,1825.573415517807,0.9927275772351744,55988
Colon,7,-1,0.012223937917632637,0.9200059656267674,0.8413957355022805,564669.0092699528,316.5747038803968,23.9855180821738,439.8505677978738,1789.3354642391205,0.992950330909436,56172
Colon,8,-1,0.012184605094246865,0.9190800971340713,0.839560406720906,564548.9179167747,296.66407718125186,23.98258231708864,417.4287303812611,1909.4268174171448,0.9930236423888174,56188
Colon,9,-1,0.012141417643308831,0.9187776176185638,0.8421107364105002,564256.6088819504,257.2780672838202,23.978551456606105,390.12357202669364,2201.735852241516,0.9930537052976426,56685
Colon,10,-1,0.012119100235326351,0.919731480823443,0.8390076834681508,564462.7637991905,283.856362224568,23.97904688153006,393.2854883263205,1995.5809350013733,0.9930782400183745,55854
Colon,20,-1,0.012138212137041372,0.9194359107228782,0.8424745854199778,564435.451323986,280.0238222519848,23.97069233063909,345.99600978693456,2022.893410205841,0.9930666834427881,56188
Colon,30,-1,0.01201007166894639,0.9208796352529559,0.8421761378938863,564252.1590754986,256.75914558781767,23.968399972384255,334.94530739121865,2206.1856586933136,0.993204799016561,56286
Colon,40,-1,0.012025071633771044,0.9199811591827574,0.8440075998982691,563653.6945664883,201.97112326418684,23.940529267203893,241.26029577404407,2804.6501677036285,0.9931993584994155,56416
Colon,50,-1,0.011914499211362338,0.9211644592833347,0.8435465567699935,563399.3264427185,185.176514410888,23.928425031529986,215.12773142521942,3059.0182914733887,0.993359034262315,56494
Colon,60,-1,0.011922824170954516,0.9210284542561549,0.8438395200599925,563168.6832866669,172.19350798556084,23.916859158406844,194.95049984967818,3289.6614475250244,0.9933110044053335,56263
Colon,70,-1,0.011956516238979887,0.9206116009074987,0.8433251549297875,562763.8053162098,153.32312925858088,23.910447925908688,185.31574637586382,3694.5394179821014,0.993271643182232,56542
Colon,80,-1,0.011872562384057971,0.9210597107138739,0.8426372410493342,562457.2605257034,141.57621165093883,23.88340491306442,153.34824992522627,4001.0842084884644,0.9933728631922076,56356
Colon,90,-1,0.011870599982644822,0.9210253497964297,0.8448072060209777,561933.076593399,125.17674690431625,23.860051453561447,133.46609687227635,4525.268140792847,0.9933779534572708,56461
Colon,100,-1,0.011869079936084066,0.9218267420518929,0.8444919882104759,561660.734957695,118.07095014463802,23.84928848625329,125.94066599819661,4797.609776496887,0.9933714624880102,56445
Esophagus,1,-1,0.011448238060332868,0.9337695358656998,0.8704213408455562,1032731.261382103,365.9255920495187,43.600938141387154,555.8582348291617,2829.97762799263,0.9909820352882808,121120
Esophagus,2,-1,0.011330399641309585,0.9338324344265949,0.8705891608141547,1032720.0108292103,364.4766182374761,43.60009495624055,549.9570673963092,2841.228180885315,0.991551699310375,121731
Esophagus,3,-1,0.011120028435927643,0.9346285049305764,0.872172002737062,1032655.7894990444,356.4203181198748,43.59356852207669,508.1971943244078,2905.449511051178,0.9919278661712873,121088
Esophagus,4,-1,0.011051291666109497,0.9339796760016401,0.8714301573147979,1032718.0433316231,364.22439962572025,43.59548497725541,519.7870640605262,2843.195678472519,0.9920161105394668,121673
Esophagus,5,-1,0.010932650521680656,0.9345342085260114,0.8728136580582833,1032655.1702344418,356.3443672378689,43.59037559125476,489.99452184189244,2906.068775653839,0.9922758045996493,121061
Esophagus,6,-1,0.010978996703831005,0.9332728726749762,0.8712818383666986,1032719.0924515724,364.3588455720555,43.600471161764546,552.5744481970875,2842.146558523178,0.9921812472057849,120666
Esophagus,7,-1,0.010818021685453625,0.9341365781996458,0.8721839096982394,1032439.6089234352,331.73733282343215,43.58518702626384,463.0430777717128,3121.630086660385,0.9925239026384491,121350
Esophagus,8,-1,0.010921306420316754,0.9341937321937321,0.8707187581152437,1032534.6974360943,342.1599253437669,43.586151297723724,467.82526460076036,3026.5415740013123,0.992373545691424,120706
Esophagus,9,-1,0.010970173758108336,0.9343503737937047,0.8725183240030011,1032477.4084467888,335.8035461908314,43.57891878438262,434.19143456928583,3083.8305633068085,0.9922149237817007,120945
Esophagus,10,-1,0.010828553390021532,0.9348215159807283,0.8707002922394198,1032463.2865202427,334.27279546797223,43.59016043313443,488.8147028451486,3097.9524898529053,0.9924596525368613,120666
Esophagus,20,-1,0.010797138076258051,0.9346709541887313,0.8723593803538259,1032214.1790757179,309.3942920991168,43.55808797415282,359.70800362358216,3347.0599343776703,0.9925510634052647,120933
Esophagus,30,-1,0.010741772003707213,0.9346497414198401,0.8726183602771362,1031899.2690541744,282.7880216045079,43.53809740168241,308.86148271376436,3661.969955921173,0.9926159134155766,120910
Esophagus,40,-1,0.010659028422896765,0.9348450103737888,0.8731344092431419,1030617.0345292091,209.44951670454114,43.50170333558351,245.64568422521472,4944.204480886459,0.9927337227206803,120837
Esophagus,50,-1,0.010681772455923852,0.9347891786682988,0.8729103493975036,1030164.9663639069,191.90306104001044,43.475659181096866,214.2630848562033,5396.272646188736,0.9927058054243949,121194
Esophagus,60,-1,0.010610368140782082,0.9354437139962863,0.8741865118710678,1030105.1490867138,189.79915169144277,43.480358012470376,219.31823564685433,5456.089923381805,0.992806350540851,121230
Esophagus,70,-1,0.010559104935816178,0.9357073745998981,0.872378700102022,1028639.6330058575,149.6128555101254,43.40790683374269,160.81608397233813,6921.606004238129,0.9928750231736774,120995
Esophagus,80,-1,0.010534793697931026,0.9358152329820602,0.8737710882871069,1028366.3187520504,143.92949495891278,43.39501392417976,153.52837165398472,7194.9202580451965,0.9929121951328559,121272
Esophagus,90,-1,0.010556523553789093,0.9354691118958119,0.8743830749237731,1028019.4048125744,137.30893730738018,43.36415474073672,138.50520994902678,7541.83419752121,0.9928889615102432,121447
Esophagus,100,-1,0.01050498119732674,0.9354721758755721,0.8740005772838794,1026928.9838097095,119.96415941963622,43.35771711784829,135.7344188222296,8632.255200386047,0.992945413244311,121119
Fallopian_Tube,1,-1,0.002943348268524491,0.9962222879431278,0.9410831475204394,54978.6322414875,233.44616897536582,1.2237089041462739,258.7530828884828,236.5219976902008,0.7990291994878419,141178
Fallopian_Tube,2,-1,0.0027845375797231125,0.9962525899573879,0.9453686787550057,55019.464579582214,282.15672894169813,1.2244553290398832,307.02382044585147,195.6896595954895,0.8255055098609282,141525
Fallopian_Tube,3,-1,0.0027241677062131943,0.9961620969363814,0.9464704083038935,54856.48663687706,153.94519573277492,1.221527165255768,177.283327023507,358.6676023006439,0.8472422554652798,140787
Fallopian_Tube,4,-1,0.0027290781214175303,0.9961637471311865,0.9458820050273548,55048.64211702347,331.59840571867403,1.2249509553441476,350.4318652607571,166.51212215423584,0.8486194799484059,140734
Fallopian_Tube,5,-1,0.0027067016859542484,0.9962405805035276,0.9459676579038476,55090.62350344658,443.38575464930284,1.2256907297698683,444.163443776325,124.53073573112488,0.8531689396505969,140716
Fallopian_Tube,6,-1,0.002711086182957445,0.99611492666959,0.946780556320943,54938.64416003227,199.6858646521058,1.2229506237450944,223.11712163458333,276.5100791454315,0.8511574511191607,140880
Fallopian_Tube,7,-1,0.002749954306012295,0.9961204476707324,0.945917770259818,54887.410865306854,168.4706957979134,1.2222298549977566,197.2900985314433,327.7433738708496,0.8434127198489234,140640
Fallopian_Tube,8,-1,0.0026640469518511827,0.9963644080574993,0.9468543754017642,54959.691333293915,216.1376582175702,1.223284988599409,237.54277744251155,255.46290588378906,0.8562393101852444,140668
Fallopian_Tube,9,-1,0.0027185099335651293,0.9960388245442136,0.9472635811504231,54953.43250536919,210.96893038151188,1.2232761624205695,237.13805617715013,261.72173380851746,0.8490521461221018,140761
Fallopian_Tube,10,-1,0.0026533735803585543,0.9962264572550619,0.9478065983766539,54674.89812684059,102.20181313695939,1.2184486919618975,122.74973868133306,540.2561123371124,0.8570519563476413,140827
Fallopian_Tube,20,-1,0.00260939574678104,0.9960242459487569,0.9494415626108849,54844.70002937317,149.04717716208765,1.2212182696733889,169.7176663702572,370.4542098045349,0.8688011393023974,140477
Fallopian_Tube,30,-1,0.0025424435917852624,0.9962097071747225,0.950246380492761,54974.564435482025,229.49914498047133,1.2236997957726794,258.25761020958174,240.5898036956787,0.8825082929425972,140292
Fallopian_Tube,40,-1,0.002560031403627629,0.9962445226796715,0.9499685485670998,54894.822605371475,172.36872169976763,1.2215722427935374,178.44416241364624,320.33163380622864,0.8775441086961807,140450
Fallopian_Tube,50,-1,0.0025558129860563717,0.9963351941564377,0.9492864329097888,54725.33201479912,112.72488566484819,1.2190175108545243,130.1469639693092,489.8222243785858,0.8783749830887224,140118
Fallopian_Tube,60,-1,0.002527562874683505,0.996523508238503,0.9500870142269954,54875.95509982109,162.78093848913892,1.2212323140579167,170.04761058098077,339.19913935661316,0.8797245032987401,140306
Fallopian_Tube,70,-1,0.0025280555769982577,0.9962848764560684,0.9506070079987007,54665.667251586914,100.48491681534988,1.217422801193534,111.33672457494279,549.4869875907898,0.8793421997212895,140475
Fallopian_Tube,80,-1,0.002575255351555394,0.9964306378173504,0.9493153145215674,54735.72537326813,115.16860615896178,1.2183255362707264,121.2575488960472,479.4288659095764,0.8748636401266803,140071
Fallopian_Tube,90,-1,0.0025495683994154563,0.9964643175573885,0.949430958689936,54666.7470870018,100.68277559857073,1.2184008098175168,122.16524200870431,548.4071521759033,0.8763216807770294,140277
Fallopian_Tube,100,-1,0.0025067475858804515,0.9965356514736763,0.950373006708364,54634.89513707161,95.15603294936713,1.2161452415743665,99.78313402084223,580.2591021060944,0.8837437642471586,140324
Heart,1,-1,0.012206283429903339,0.9296605373253581,0.8405982149629592,593638.5745811462,330.1416074915303,25.793792417767236,512.2017962165302,1803.5962669849396,0.9928914178249165,66493
Heart,2,-1,0.01187554017294899,0.9302690707350901,0.8408622542512169,593699.4425036907,341.67239704780866,25.796106681388935,536.8237030057207,1742.7283444404602,0.9936062022409959,66508
Heart,3,-1,0.011618171978917569,0.9322805488395591,0.8428478168554352,593865.3079512119,377.6118849720282,25.802949730325075,625.7710192780429,1576.8628969192505,0.9938492514964039,66491
Heart,4,-1,0.011680090425952762,0.9321313775899317,0.8390514982160336,593790.6959798336,360.5517602952946,25.794856807897578,523.2394947230832,1651.474868297577,0.9938746756062178,66434
Heart,5,-1,0.01166508187898667,0.9305926780307652,0.8427424210733142,593594.5213296413,322.2700868803361,25.797421576901094,551.8973131930725,1847.6495184898376,0.9938692469097336,66481
Heart,6,-1,0.011616740402133131,0.9317245340503284,0.8424299710048666,593714.9649991989,344.74302597818604,25.791476197216134,489.72129100290914,1727.2058489322662,0.993927740833103,65953
Heart,7,-1,0.011539384735418972,0.931936795682959,0.8445115594336225,593692.3072369099,340.2791892063768,25.797670551367244,554.8473175264297,1749.8636112213135,0.9940156485440336,66830
Heart,8,-1,0.011519384177164058,0.9314071499903469,0.8473105915420979,593634.5350589752,329.4038403201572,25.789493308872434,471.98701867387655,1807.63578915596,0.9940549831802964,66319
Heart,9,-1,0.011502481867198018,0.9321578617294639,0.8429145530845074,593587.7064552307,321.0857933577428,25.78594510284844,443.26354426327833,1854.464392900467,0.9940570453904771,66385
Heart,10,-1,0.011528612895428485,0.932751343586558,0.8448323228193022,593580.1386420727,319.7808120132071,25.78541643471265,439.2804271455558,1862.0322060585022,0.9940512347204714,66117
Heart,20,-1,0.011348862473713953,0.9323930468090902,0.845984633532056,593332.6775934696,282.267871457907,25.7741702085314,368.7854030783994,2109.49325466156,0.9942413778713662,66340
Heart,30,-1,0.011314992827582724,0.9322388598232004,0.8476683411985589,593208.4598567486,266.5708201039789,25.76261117912474,316.5697640283876,2233.710991382599,0.9942843782007785,66820
Heart,40,-1,0.011248491534111841,0.932701958677445,0.8467920107474166,592554.8711941242,206.22804772680385,25.740818537850693,249.86937018825844,2887.299654006958,0.9943500767397555,66499
Heart,50,-1,0.011238893166915292,0.9328193266512464,0.8467182031264887,592186.0810191631,182.87031443381417,25.72401627979756,214.95084429312644,3256.089828968048,0.994366776051565,66649
Heart,60,-1,0.01122501707621754,0.9323411197112214,0.847155839355587,592083.4410862923,177.2819527231405,25.709793547061782,192.21338638378958,3358.729761838913,0.9943759384325472,66467
Heart,70,-1,0.01123737905687808,0.932440095331713,0.8463813843423388,591480.1714849472,150.28830554117428,25.69455687094869,172.64868537612344,3961.999363183975,0.9943656568413383,66526
Heart,80,-1,0.011216555166901579,0.9328361420660185,0.8475042153151147,591357.4900364876,145.77446765259884,25.695487696322388,173.72897403713404,4084.6808116436005,0.9943773426675064,66599
Heart,90,-1,0.011163727882709544,0.9332300206625341,0.8463119317422647,590922.7750487328,131.7526052768803,25.66410821934104,143.46649408766993,4519.395799398422,0.9944362583087965,66507
Heart,100,-1,0.011168296223300813,0.9337280125616744,0.8483446066215735,590149.8597671986,112.51080326578264,25.632487080697558,122.04356086660673,5292.311080932617,0.9944337306947025,66724
Kidney,1,-1,0.009917652650657261,0.9659779765354553,0.9025816573955213,44010.72810268402,82.37546350260615,1.9061198660232168,175.4502670864095,540.8353600502014,0.9944294137996783,117068
Kidney,2,-1,0.010125801411873678,0.966441608210433,0.9070426912170299,44131.142211675644,105.96886658454552,1.9078972484131695,209.5349048735388,420.4212510585785,0.9944088844820117,116750
Kidney,3,-1,0.009878089065301092,0.9655633829299172,0.9067598064715476,44107.84681534767,100.40543604829506,1.9063669066508964,179.5088620006162,443.7166473865509,0.994638803118317,115917
Kidney,4,-1,0.009556586005539202,0.965844298159665,0.9069966299481917,43898.29647445679,68.1980939833036,1.904403558656821,151.63213272213562,653.2669882774353,0.9950408066951261,117208
Kidney,5,-1,0.009711244575038937,0.9657667879076605,0.9094813500770272,44158.32935881615,113.29526869321556,1.9073652589774412,198.02061422272746,393.23410391807556,0.9948913057614801,116892
Kidney,6,-1,0.009540778516609083,0.9664998895290805,0.9059384414697021,44063.66551399231,91.31328298799839,1.905653319139228,168.26551411042243,487.89794874191284,0.9951056423051465,116674
Kidney,7,-1,0.009531853016615775,0.9658036257757642,0.9099680212151938,44063.8403980732,91.34602542059017,1.905501910216479,166.0586505283825,487.723064661026,0.9950429528970424,116667
Kidney,8,-1,0.009451821855831235,0.9652981703185001,0.9111110249019478,43913.40921664238,69.81315839481603,1.903425672033167,140.74577704611752,638.1542460918427,0.9952171531471983,117429
Kidney,9,-1,0.009540343345209569,0.9658203477434023,0.9070578979755571,44021.74468207359,84.08830545263613,1.9064673913122743,181.21394165129877,529.8187806606293,0.9950972997621652,116449
Kidney,10,-1,0.009445265123868311,0.9648710620606529,0.90455091823596,44122.99208164215,103.95365959623666,1.9065165898117973,182.06063650228526,428.57138109207153,0.9952289410937522,116266
Kidney,20,-1,0.009435787808595187,0.9652826375529955,0.9094120438992698,43902.85437011719,68.67726068553075,1.902724184072433,133.85214154813102,648.7090926170349,0.9952187143587373,116879
Kidney,30,-1,0.009296277241471649,0.9653668310485661,0.9077440292271517,43965.57316637039,76.02781776282687,1.9043626543169014,151.14312420364254,585.9902963638306,0.9953998643330002,116779
Kidney,40,-1,0.009393292424171097,0.9662011992465106,0.9071005064838498,44035.07909536362,86.25926799981163,1.9046786721375928,155.0051347112067,516.4843673706055,0.9952820137633241,116503
Kidney,50,-1,0.00929252557051442,0.9663413525229484,0.9090449053313403,43894.86406946182,67.84163944591033,1.9031426304362813,137.88056938056883,656.6993932723999,0.9953735558375539,116765
Kidney,60,-1,0.00928920346307785,0.9659504931378259,0.9094355485322394,43939.283435583115,72.76337866193226,1.901682528043012,124.7770353457667,612.2800271511078,0.9953797058079973,116827
Kidney,70,-1,0.009271405177152489,0.9659871626591142,0.9087408787455364,43850.29286360741,63.52977512276633,1.898531548997506,103.54154814470341,701.2705991268158,0.9953977403581212,117064
Kidney,80,-1,0.00918369346548152,0.9659058270697343,0.9091863149793605,44018.69253063202,83.60666866735627,1.9005047055088204,115.89245190778347,532.8709321022034,0.995494927402321,116955
Kidney,90,-1,0.009251824707325478,0.9662705350520815,0.9096803787872898,44014.37602877617,82.9348578288096,1.899834024593332,111.37667233089623,537.1874339580536,0.995408669357025,117004
Kidney,100,-1,0.009255053723972973,0.9658893317849409,0.9089728485498878,43874.28818964958,65.78058469464678,1.89645646025359,93.10640773567397,677.2752730846405,0.9954256176072956,116888
Liver,1,-1,0.011150769061125883,0.9241910363747046,0.8195085428840496,112259.3575155735,125.57142761290164,4.879674050926326,223.49641577611476,901.1645741462708,0.9889542431418165,70052
Liver,2,-1,0.010956510740313655,0.9240397880896035,0.8287756222110865,112344.17441558838,138.61804924001814,4.880573160831055,233.05063675470666,816.3476741313934,0.9895285109152342,69463
Liver,3,-1,0.011026642752583459,0.9206863444123145,0.8301298887350175,112335.47699403763,137.15677201396983,4.8799832739122415,226.69267103138608,825.0450956821442,0.9893811271613853,69535
Liver,4,-1,0.010964703296585483,0.9219853821620728,0.8296123468106255,112431.31497597694,155.18296510972934,4.882291134637486,253.7799951299565,729.2071137428284,0.9895240442355937,69692
Liver,5,-1,0.01092773469320015,0.9217062071531303,0.8268266475644699,112456.267765522,160.6813308794707,4.883252557313947,267.0742953015855,704.2543241977692,0.9895674062406148,69255
Liver,6,-1,0.010784610882390933,0.9228989767036795,0.8290529647278589,112490.8960928917,168.99063451201818,4.884159862197383,280.96415636806495,669.6259968280792,0.9898883326720028,69679
Liver,7,-1,0.010807042975204998,0.921861939239149,0.826057635568829,112361.18870615959,141.56861757194466,4.880651762714773,233.92485781682817,799.3333835601807,0.9898239418725376,68595
Liver,8,-1,0.010814186059618895,0.9232878938707515,0.8253236284318839,112083.16631221771,105.03542511471184,4.876649768478604,196.41183005664408,1077.35577750206,0.9898390613522396,69621
Liver,9,-1,0.010818648033046763,0.922847070559242,0.827783347655877,112182.55198955536,115.70959282977624,4.877284807429918,201.54034526899648,977.9701001644135,0.9898158875606898,69355
Liver,10,-1,0.01085810483701579,0.9228122038693647,0.8259271434121268,112168.80706572533,114.1058866224795,4.877587248105541,204.07816270453137,991.7150239944458,0.9897123377611792,69095
Liver,20,-1,0.010835546591597658,0.9231393235716648,0.8247168210380162,112165.88237929344,113.7703641866621,4.875852740215927,190.33303936194125,994.6397104263306,0.9898018475124682,69496
Liver,30,-1,0.010759803488210798,0.9228405633917458,0.8268494878982104,112118.06531572342,108.55176436324413,4.873652607083275,175.3522044757911,1042.4567739963531,0.9899642284971145,69469
Liver,40,-1,0.010769523619984022,0.9233311018030161,0.8257931248582107,111915.0560541153,90.8579751312112,4.868660391052316,148.78087147619647,1245.466035604477,0.9899428472240261,69161
Liver,50,-1,0.010790949928028714,0.9219834628681813,0.8271925582283998,112130.62283849716,109.87533193696864,4.871209607487726,161.25868731483365,1029.8992512226105,0.9898861650293704,69272
Liver,60,-1,0.010717814796569499,0.923133264685836,0.8273422071607133,111955.45152139664,93.90364769026222,4.869641323460334,153.3467288455533,1205.0705683231354,0.9900339815639311,69335
Liver,70,-1,0.010739156675634041,0.9225482230175421,0.826875849407501,111987.1807873249,96.44297175830398,4.8640504862055,130.5179243704896,1173.341302394867,0.9900064820698298,69360
Liver,80,-1,0.010725188097214166,0.923048063742967,0.828039900368256,111946.51978135109,93.21277341043887,4.860314435244961,118.70855734344664,1214.0023083686829,0.9900522294855655,69480
Liver,90,-1,0.010719087612531928,0.9229687204948999,0.8277376694025009,112057.13737487793,102.55763068635586,4.859585289130234,116.64869536095331,1103.3847148418427,0.990029754015175,69537
Liver,100,-1,0.010702448722181618,0.9230551744962572,0.8273187868938652,111945.55556750298,93.13879849401116,4.860958358975931,120.58911304636494,1214.9665222167969,0.990079048909202,69235
Lung,1,-1,0.013211099170478328,0.8957814469036062,0.8188188420065092,409001.53603982925,231.5755805886797,17.58315824108763,442.30201189079855,1773.8284990787506,0.990384774704615,35348
Lung,2,-1,0.013091023497793128,0.8919441891972415,0.816279783691879,409073.96502923965,241.43380916982835,17.577442574977013,386.8130062763981,1701.3995096683502,0.9908522232845332,34567
Lung,3,-1,0.012809281351227735,0.8935264613509586,0.8199883653286795,409082.6345808506,242.67034596015455,17.577460837169774,386.96811966521886,1692.7299580574036,0.9911863230199179,35239
Lung,4,-1,0.012836590534016779,0.8941119472380461,0.8244049016385746,409029.1208937168,235.23370617273343,17.581239356788373,421.97942057533345,1746.2436451911926,0.9912027666876778,35118
Lung,5,-1,0.012601335971021218,0.8928091766039177,0.82460643996671,409364.60276293755,291.17273485549094,17.582668890137185,436.93568682911115,1410.761775970459,0.9915856749782903,35174
Lung,6,-1,0.012842743029216066,0.8944229973261485,0.8214458599478139,409216.64192533493,263.53333233376514,17.578477710440954,395.8059247244436,1558.7226135730743,0.9911615965324588,34787
Lung,7,-1,0.012686142535475694,0.8950106025285733,0.8166404802663978,408499.4286649227,180.4863525524634,17.573827525388282,358.37657756068455,2275.9358739852905,0.9914346652500576,34824
Lung,8,-1,0.012626904075632554,0.8943358033729573,0.8232194280251361,409116.37230086327,247.6053565042843,17.57588461557333,374.02286146005326,1658.9922380447388,0.9915315117232744,35305
Lung,9,-1,0.012818198736963046,0.8952339247593504,0.8173715463627739,409252.9397714138,269.8165277585531,17.578877516452707,399.3922639592663,1522.4247674942017,0.9912741175370612,34894
Lung,10,-1,0.012734993579590079,0.8942008504291314,0.822515593490597,408930.8337469101,222.6991093458382,17.578380965497608,394.9477606509908,1844.5307919979095,0.9914026321335603,35077
Lung,20,-1,0.012528747807520852,0.8945286812092517,0.8183630393996247,408974.82073402405,228.13961172434904,17.57014915828119,333.43488983633927,1800.543804883957,0.9916891165349377,34895
Lung,30,-1,0.012595930931830791,0.8950328095793022,0.8159021837340562,408805.61340761185,208.54175840407055,17.559119194831574,275.86429505339356,1969.7511312961578,0.9915793538398989,34766
Lung,40,-1,0.012531481512586472,0.8940279462992681,0.820050689946494,408570.3204097748,186.28895409017449,17.548898379326722,237.81546981189695,2205.0441291332245,0.9916847785595274,34944
Lung,50,-1,0.012539925808100465,0.8944789663706599,0.8235640370601462,407867.94457125664,141.28518380876878,17.527051957601376,183.66839941734116,2907.419967651367,0.9916878671964389,34978
Lung,60,-1,0.012571410858081377,0.8947718112812542,0.8195819969689494,408177.97271084785,158.14917106507326,17.52521571788904,180.2194596632997,2597.39182806015,0.9916204998276278,34881
Lung,70,-1,0.012526578095005169,0.8948631178826474,0.8205948418811962,408006.7974359989,148.3711065219562,17.517411323891086,166.89912781236973,2768.567102909088,0.9916706014619987,34888
Lung,80,-1,0.012522388293879718,0.895696258835285,0.8193664160636164,407805.61377215385,138.31981092065624,17.51739584742056,166.87466893513647,2969.7507667541504,0.9916884516293126,34930
Lung,90,-1,0.01253493480579376,0.8949854918596257,0.8201005970008931,407611.90861463547,129.85019370338443,17.508911098956567,154.46448713231044,3163.4559242725372,0.991686893241196,34892
Lung,100,-1,0.012497309535745536,0.8953889961798165,0.8214432408961284,407128.43653559685,112.63599505280952,17.484382922889555,127.13253162959488,3646.928003311157,0.9917181455752456,34998
Muscle,1,-1,0.013218963303850311,0.9041998259139518,0.8319877183734243,531423.5398859978,274.6347699919405,22.777222506149734,498.54127331268637,1942.090692281723,0.9899326142196524,44981
Muscle,2,-1,0.012892188554690953,0.90673200188395,0.8313161111264279,531457.7554574013,279.56003238449085,22.76988155503626,429.6457229652277,1907.8751208782196,0.9907028331212866,45229
Muscle,3,-1,0.012882466280499265,0.9059263333550859,0.8310913470446545,531636.9177312851,308.533387430774,22.774444442059785,470.0188831845712,1728.7128469944,0.9907429074700839,44854
Muscle,4,-1,0.012997176077264033,0.9049865113989163,0.8368360009278589,531640.5467288494,309.1824381490137,22.772859230961238,455.15974947884985,1725.0838494300842,0.9906291562334488,45095
Muscle,5,-1,0.012821824853496614,0.9056648318194809,0.8313143829409481,531657.2712683678,312.20928026308405,22.780026565030084,531.0700146168824,1708.359309911728,0.990856305025468,44950
Muscle,6,-1,0.012742249278927191,0.905883812536832,0.8314671260407694,531631.7899856567,307.62091558340126,22.77301640916293,456.5909837500531,1733.840592622757,0.9910082153304971,44888
Muscle,7,-1,0.012625172249255205,0.9065811172713721,0.8337779926189657,531571.6473636627,297.3080384657976,22.7705594169081,435.19922639504443,1793.9832146167755,0.991185054401793,44846
Muscle,8,-1,0.012796781096684294,0.9058269818083178,0.8358122662886877,531628.4983484745,307.0380143935008,22.77617166998194,487.3544117748052,1737.1322298049927,0.9909423477170038,44815
Muscle,9,-1,0.012726359633385639,0.9062937106409962,0.835919099779431,531553.4635021687,294.32475493537584,22.76679035409711,406.018597548041,1812.1670761108398,0.9910209627150123,44720
Muscle,10,-1,0.012691332828436928,0.9067792791742992,0.832255780589145,531337.2277061939,262.9485680178916,22.76389885231595,386.1549836308381,2028.4028720855713,0.9910844436852209,44668
Muscle,20,-1,0.012603052741198259,0.9073053533951266,0.8319977688946733,531201.7081820965,246.48094197790726,22.754708535173346,334.189789955319,2163.922396183014,0.9912113459251767,44749
Muscle,30,-1,0.01270126351911032,0.906653178740954,0.8318635112004168,531238.2070310116,250.7096582921816,22.74397476660682,288.79894771265987,2127.423547267914,0.9910806010857743,44711
Muscle,40,-1,0.01256719632380377,0.9070582594622943,0.8343287457803168,530638.5210080147,195.57909824887855,22.722100113029693,226.18988519022096,2727.1095702648163,0.9912798162648748,44982
Muscle,50,-1,0.012542729512454555,0.9074844010241877,0.8337309427069743,530402.1155259609,179.97736510937875,22.713685971171277,208.779880618638,2963.515052318573,0.9913191852311517,44733
Muscle,60,-1,0.012517608063922969,0.9072960932625234,0.8338342238052835,530307.8347623348,174.42813800616776,22.712308271048705,206.18139660455472,3057.7958159446716,0.9913334740278201,44947
Muscle,70,-1,0.012554769026621065,0.9074119288183617,0.8352883175353246,529620.2572348118,142.40653245116937,22.689566208714353,171.04099186306303,3745.3733434677124,0.9912688949359298,44898
Muscle,80,-1,0.012514173414350967,0.9072938042881302,0.8330119337078338,529379.5383379459,133.80664531075863,22.670296192866882,149.45726054285666,3986.092240333557,0.9913365578300967,44709
Muscle,90,-1,0.012483948971023522,0.9075222532547912,0.8347394818536922,529154.9559657574,126.66987588927044,22.667558684000564,146.82517315519252,4210.674612522125,0.9913841350085139,44770
Muscle,100,-1,0.012539770471320542,0.9080022824128275,0.8350046088098098,528541.8572163582,110.5702093694219,22.63427230555265,120.92953187792773,4823.77336192131,0.9912962517780142,44841
Nerve,1,-1,0.01336042048660568,0.8982590402596045,0.8111673311382978,452165.3748779297,234.44987130889618,19.401466913961432,372.9434534226327,1936.8842327594757,0.9910656573097151,38556
Nerve,2,-1,0.013101901451250082,0.8962851175521818,0.8111655675406747,452249.5321891308,245.0994012267772,19.410451864451602,450.55057766607774,1852.7269215583801,0.9915317010466409,38315
Nerve,3,-1,0.013083976015404869,0.8977970396779528,0.8122053235985909,452092.19051861763,225.91381254442726,19.399675025798253,360.5575456732437,2010.0685920715332,0.9915868645682663,38157
Nerve,4,-1,0.012976674672873787,0.899851992338766,0.8167525937241423,452031.42296504974,219.28449533146156,19.40022061511356,364.2407716624047,2070.8361456394196,0.9917251242167332,38496
Nerve,5,-1,0.013212294612749597,0.8964903251334353,0.8117170694672909,452198.28298830986,238.50207666639247,19.402364875471175,379.47602865463267,1903.976122379303,0.9913718819486471,38490
Nerve,6,-1,0.013139202191108387,0.8976192488821201,0.8142027222583419,451892.9382414818,205.53929736498768,19.394710587110584,330.17729781719015,2209.320869207382,0.9915597744226041,38822
Nerve,7,-1,0.013106889623794688,0.8987888101162177,0.8078974786413836,452247.53775429726,244.83583884216426,19.408196218499995,428.1818098655517,1854.7213563919067,0.9915962881056563,38771
Nerve,8,-1,0.013121711573430119,0.8948966144319692,0.8089050237574075,451225.8275985718,157.87000566421185,19.391619761280197,313.71982776599566,2876.431512117386,0.991542494726952,37879
Nerve,9,-1,0.013161787693904985,0.8975741780847446,0.8087918584519235,452154.8619158268,233.18420110119513,19.39685760180588,342.66406911036086,1947.3971948623657,0.9915029926624997,38306
Nerve,10,-1,0.012989313140968042,0.8976041006738467,0.8161458719385,452034.95473361015,219.6591194530876,19.396154057916014,338.46958287845416,2067.30437707901,0.9917981163906909,38538
Nerve,20,-1,0.012870158450318199,0.8993579292134993,0.812838744440101,451905.86803483963,206.74927343485442,19.38745564083431,293.97833708025684,2196.391075849533,0.9918821859798872,38468
Nerve,30,-1,0.012968257754194771,0.8974181448124675,0.8100556894863724,451863.08729839325,202.79920308798444,19.380647987026972,266.5562202791099,2239.1718122959137,0.9917821345112264,38474
Nerve,40,-1,0.012955812791567458,0.8992267039154415,0.8110573833528228,451679.2483522892,187.4123990314248,19.369864178910145,232.24014370450422,2423.0107583999634,0.9917919942050808,38494
Nerve,50,-1,0.013053898436234569,0.8987622411763017,0.8081700832020636,451586.4474041462,180.4993028411816,19.369891812590545,232.31678378852766,2515.8117065429688,0.99164768987628,38222
Nerve,60,-1,0.013032129071201572,0.8987959020947216,0.8120467065104111,451330.858281374,163.85297078189086,19.349434041399448,186.7035516942127,2771.4008293151855,0.9916663106728272,38180
Nerve,70,-1,0.012905963222176802,0.8983607501529822,0.8116695734897733,450332.27527332306,120.45204401405267,19.325389428990192,151.69717137120256,3769.983837366104,0.9918429805204305,38394
Nerve,80,-1,0.01293041349162779,0.8985636813911003,0.811466652562543,450656.2348558903,131.77570020823626,19.334495533213303,163.29228845924152,3446.024254798889,0.9918029742070803,38356
Nerve,90,-1,0.01290495983941723,0.8980178664296385,0.8152515640051233,450576.60565185547,128.79945928120478,19.310794281717236,136.1964754475788,3525.6534588336945,0.9918429619778616,38508
Nerve,100,-1,0.012924444417105801,0.8984342632233117,0.8119931756429429,450074.9491431713,112.75572597422033,19.313549677047963,138.8754880006572,4027.309967517853,0.9918228832208937,38551
Ovary,1,-1,0.010307150037899233,0.920694898198921,0.7803623744915664,104081.89948391914,137.77705929695907,4.544976405401463,280.5682224920796,760.960207939148,0.9883416547094608,68588
Ovary,2,-1,0.010083679666995882,0.9219504916728244,0.7835995037051371,103955.1491792202,118.10478551198746,4.540378311023148,218.70941623903641,887.710512638092,0.9890320863542773,68840
Ovary,3,-1,0.010148471658321593,0.9218017257134138,0.7848620024750338,104156.83163738251,152.82590705706932,4.543633764543474,259.1643983909487,686.0280544757843,0.9888857834353958,68179
Ovary,4,-1,0.010173019276191157,0.9220255723634042,0.7840729816859867,104231.69128227234,171.5449588811143,4.5470020195455145,320.5023406512173,611.1684095859528,0.988813836069704,68586
Ovary,5,-1,0.010057414469427806,0.9218404195438646,0.7883620615580265,104155.76473617554,152.58860340151637,4.543917891968406,263.41695311227676,687.0949556827545,0.9891736631554552,68811
Ovary,6,-1,0.009919716546736198,0.9219707383608794,0.7848227544017566,104100.19432759285,141.17106403037477,4.542820604787314,247.71906765153145,742.6653642654419,0.9895189150273672,68444
Ovary,7,-1,0.009895615343680867,0.921682479724475,0.7898649813272048,103935.36489796638,115.52998474209022,4.53944350804827,209.32667304835914,907.4947938919067,0.9896105969930364,68738
Ovary,8,-1,0.010011452972140105,0.9226261580231432,0.7886288318144159,103813.32042360306,101.83473610437035,4.536888983751283,187.36158937158265,1029.5392682552338,0.9892253767899376,68535
Ovary,9,-1,0.010086664773739668,0.9217309784228077,0.787604241737877,103942.85178279877,116.49104261918683,4.54202503136899,237.45909505767153,900.0079090595245,0.9890984536922843,68850
Ovary,10,-1,0.010037971779055492,0.922458173601316,0.790571055225694,103823.4013402462,102.84172916536322,4.537816087784387,194.77929355943064,1019.4583516120911,0.9892421897405129,68971
Ovary,20,-1,0.009917118610000096,0.9221627263360126,0.7875690066499936,103913.01273536682,112.75281266441402,4.537535910387124,192.47641469053025,929.8469564914703,0.9895381088452837,68335
Ovary,30,-1,0.009992989899840925,0.9226564533191455,0.7895091324200914,103791.1770761013,99.6905892719294,4.537572886797654,192.77721318587317,1051.6826157569885,0.9893032587819599,69161
Ovary,40,-1,0.00994511957646166,0.9228897049084733,0.7902831237704216,103808.29771590233,101.34033738769557,4.5331857772637685,162.62382969404558,1034.5619759559631,0.9894454382338911,69294
Ovary,50,-1,0.00990698774808099,0.9225090414265766,0.7902842790272863,103782.57279872894,98.88159551083697,4.531694617367236,154.41438382378283,1060.2868931293488,0.9895481733639127,69221
Ovary,60,-1,0.0099422805029691,0.9223403062831277,0.7891758917589176,103812.29758954048,101.73366501257807,4.531009413180531,150.91369029938787,1030.56210231781,0.9894086265689112,68972
Ovary,70,-1,0.00990428535339649,0.9223564551830813,0.78873174973683,103940.4169178009,116.1767401831854,4.530416933842017,148.01222665989425,902.4427740573883,0.9895516509628322,68932
Ovary,80,-1,0.009926830081051835,0.9224216713664439,0.7912693051850664,103913.2328760624,112.77951314484969,4.531566207520795,153.74602809368068,929.6268157958984,0.9894579849806351,69115
Ovary,90,-1,0.00992605574103647,0.922858678320964,0.7900723178322958,103805.6440050602,101.08105867113345,4.527944624387606,137.01961569443512,1037.2156867980957,0.9894716797195275,69046
Ovary,100,-1,0.009930671639034083,0.9226943266850656,0.7897677557346204,103777.1845407486,98.38163119660305,4.522547885533766,117.90505712746362,1065.6751511096954,0.9894675399108043,69049
Pancreas,1,-1,0.012239140536710179,0.9254777674276837,0.807856361799985,196119.0202407837,184.7093271314429,8.623324622046793,322.39101108013944,1067.5506970882416,0.9922642952475397,48391
Pancreas,2,-1,0.011984947389005886,0.9253637329249315,0.8065408762968475,196104.83628869057,182.28737619442862,8.625522798985726,351.16015003723487,1081.734649181366,0.9926617955743972,48238
Pancreas,3,-1,0.01159986556933935,0.9241971695932202,0.809129260884239,196265.77809762955,214.14867961610705,8.62796756883216,389.8519549155164,920.7928402423859,0.9931503776387646,47949
Pancreas,4,-1,0.011785458513549162,0.9253995732517412,0.8104788779850903,196315.85192608833,226.46406965887957,8.626746558173549,369.5176014728491,870.7190117835999,0.9928955315066094,48108
Pancreas,5,-1,0.011700273931274843,0.9241742626846778,0.8109566335160002,196260.7013707161,212.97445982980713,8.62555467866026,351.61520391226475,925.869567155838,0.9930398642535521,47947
Pancreas,6,-1,0.01163627953640763,0.9251112630013021,0.8163793175844202,196171.99173426628,194.35305813198462,8.623203217830925,320.9388491409361,1014.5792036056519,0.9930703698943184,48606
Pancreas,7,-1,0.011718664896707507,0.923863583636223,0.8086906396758388,196050.7156085968,173.60183630402165,8.6247134626533,339.98956504783933,1135.8553292751312,0.9930384555489241,47699
Pancreas,8,-1,0.011686836991518228,0.9252838066532433,0.8082149293767551,195962.4826145172,161.0885155717072,8.619097190780389,278.51002502532145,1224.088323354721,0.9930357407087254,48208
Pancreas,9,-1,0.011644386299015002,0.9232621312230742,0.8091286658038758,195570.7748374939,122.0367909612714,8.615989049165218,253.17408905185383,1615.7961003780365,0.9930801224325456,47828
Pancreas,10,-1,0.01168768369355386,0.9229384528305389,0.8085572491426741,195777.9960565567,139.99012303396503,8.61583197284156,252.0154896892362,1408.5748813152313,0.9930397115674362,47981
Pancreas,20,-1,0.011561717741447246,0.9239257235333616,0.8096715865606997,195940.15924358368,158.2034024885113,8.614942988714477,245.65311012214653,1246.4116942882538,0.9932147623432012,48137
Pancreas,30,-1,0.011634738808414471,0.9246276878891792,0.8119287555659714,195868.883030653,149.64588341259588,8.617033173653075,261.15487648266503,1317.687907218933,0.993117430211339,48503
Pancreas,40,-1,0.011603601557786678,0.9245576340323636,0.8122533166967991,195802.54839777946,142.4735257018991,8.607193171695576,201.34103582202295,1384.0225400924683,0.9931424259161628,47847
Pancreas,50,-1,0.011593710363414783,0.9249482730070986,0.8140357393073293,195923.3214533329,156.09471711743987,8.606520407493775,198.23679428859094,1263.249484539032,0.9931745676007432,48219
Pancreas,60,-1,0.011562636687683875,0.9242560196043244,0.8122584673540679,195814.67846417427,143.73325513361473,8.60054891477923,174.3738225322679,1371.8924736976624,0.9932177981747357,48132
Pancreas,70,-1,0.011534921404043094,0.9250194039539139,0.8114444397694281,195615.58600330353,125.5177988018356,8.5925423382248,150.141023195831,1570.9849345684052,0.9932424194327805,48214
Pancreas,80,-1,0.011524984936638588,0.9240078013745279,0.8134673553127133,195612.88993120193,125.30275837485664,8.596321412621078,160.68062989420784,1573.6810066699982,0.9932774602603208,48274
Pancreas,90,-1,0.011533582478184708,0.9249666080952513,0.8141799766264122,195556.40918374062,120.96135272352097,8.58965723859267,142.98099758444312,1630.1617541313171,0.9932495678104662,48070
Pancreas,100,-1,0.01151432410071212,0.9254721757318937,0.8118045558472352,195381.4959385395,109.24009861684283,8.586308108277748,135.48093936438343,1805.074999332428,0.9932503072884553,47933
Pituitary,1,-1,0.011913648236233181,0.9155711340034927,0.8073495907000166,192968.75808143616,148.71468328552467,8.471927460954115,281.98004914250106,1306.3613839149475,0.9901893645559914,65734
Pituitary,2,-1,0.011677672601505712,0.9122683373301608,0.8110294254268886,193206.11767745018,181.73507440696307,8.477153968947247,341.10865074730634,1069.0017879009247,0.9909296913666137,65474
Pituitary,3,-1,0.011557142376800623,0.9148483224710373,0.8076334738648658,193280.4862821102,195.32338427753777,8.476568814166008,333.28421356146316,994.6331832408905,0.9911063841141003,64941
Pituitary,4,-1,0.011471023442961002,0.9151342826411786,0.8133720930232559,193276.39126849174,194.52251380933907,8.474826895329718,311.98097442389115,998.7281968593597,0.9913257008673388,65753
Pituitary,5,-1,0.011377893487782535,0.9156848336903635,0.8126709630998827,193251.9320421219,189.8724662312713,8.475615555653768,321.27866002488906,1023.1874232292175,0.9913932645146762,65509
Pituitary,6,-1,0.011427061746971195,0.9146072497837016,0.8061723188369843,193339.07972884178,207.55007708309623,8.475801980705533,323.558021464164,936.0397365093231,0.9914006608835685,64992
Pituitary,7,-1,0.011399625194774185,0.9154846409427929,0.8138713807978717,192876.11914873123,138.86710185651677,8.472720554228923,289.5975480975013,1399.000316619873,0.9914350410176335,65467
Pituitary,8,-1,0.01135549176081128,0.9146975656072684,0.8111606090312333,193000.76096892357,152.44934609057884,8.474233138700951,305.3285661764689,1274.358496427536,0.9914628689876887,65369
Pituitary,9,-1,0.011434623458618181,0.915829492465951,0.811166684314446,192820.7369556427,133.57910877538137,8.467157214575497,243.46192583551957,1454.3825097084045,0.9913785952965442,65116
Pituitary,10,-1,0.011436342450912396,0.9146409263846189,0.8116239527622345,192845.78488779068,135.91997459190983,8.471446927242992,277.5565234407608,1429.3345775604248,0.9913825305105887,65634
Pituitary,20,-1,0.011343512432475705,0.9155243216133515,0.8125391383062491,193039.81891226768,157.2695154878893,8.472390335852152,286.37641815188323,1235.3005530834198,0.9915518557616227,65526
Pituitary,30,-1,0.0113422643086148,0.915651113663697,0.809373742376869,192777.8187701702,129.75023660286232,8.465813418399629,234.44056434182806,1497.300695180893,0.9915020981564854,65363
Pituitary,40,-1,0.011254904507448352,0.915769273435467,0.8098769740860309,192981.97128391266,150.2342285701916,8.461577964908582,209.92349288205654,1293.148181438446,0.9916874558356923,64974
Pituitary,50,-1,0.011287967695538989,0.9150070126227209,0.8108860444886293,192848.49312376976,136.17799826267526,8.462278259099511,213.61711521325472,1426.6263415813446,0.9916214012555699,65252
Pituitary,60,-1,0.011272635848460744,0.9154145885125136,0.8121838124383143,192826.57523036003,134.1174917357966,8.45299037181204,173.19921289451332,1448.5442349910736,0.9916326498581147,65421
Pituitary,70,-1,0.011184070656356272,0.9153757465593353,0.8120922140060896,192767.8870818615,128.89526631292054,8.44957974667574,161.94724848388327,1507.2323834896088,0.991783628740723,65345
Pituitary,80,-1,0.011201087631903056,0.9163284787307747,0.813659048463763,192552.33791017532,112.76828387306976,8.442680507710074,143.13673153115283,1722.7815551757812,0.9917280053841426,65133
Pituitary,90,-1,0.011248275663570778,0.9155892177554718,0.8135253010853942,192612.83241963387,116.87218520163933,8.439028119728507,134.84513507206333,1662.2870457172394,0.9916655851370114,65658
Pituitary,100,-1,0.011199384362099324,0.9154884702282915,0.8138440526446487,192249.47320199013,95.9077223794284,8.430650047840926,119.02878595112998,2025.6462633609772,0.9917366839313876,65547
Prostate,1,-1,0.01171338258048903,0.9177176332654694,0.7912024184095255,152477.02214217186,155.25144767357617,6.6926588043695325,267.70116026141375,988.4965388774872,0.9901527647219355,64123
Prostate,2,-1,0.011275216406179895,0.9207256350200015,0.7978966508587857,152528.28957486153,163.7438676070042,6.694048182518988,283.3915442574193,937.2291061878204,0.9909201063721389,64944
Prostate,3,-1,0.011436039033973572,0.9195720653789005,0.8012854914196568,152459.91847920418,152.6108670219601,6.69156072984991,256.47817360674964,1005.6002018451691,0.990781780956296,64203
Prostate,4,-1,0.011254871605199834,0.9202839178437816,0.7912366489999565,152566.17706394196,170.6420738925105,6.696588750018889,317.409965122906,899.3416171073914,0.9910857167246796,63672
Prostate,5,-1,0.010992535862364563,0.919622605736752,0.800957626277662,152568.40720391273,171.06627503070018,6.6968994692910275,322.13939237998204,897.1114771366119,0.991564260542027,64570
Prostate,6,-1,0.011055535722815745,0.9211135622320157,0.7959821345376162,152644.72448062897,186.97198226114432,6.698387379830044,346.8901556848871,820.7942004203796,0.9914568632264515,64069
Prostate,7,-1,0.01115543051674498,0.9206320210077985,0.7965145506339719,152132.74200224876,115.14721192387526,6.6868654628564785,217.49052723593343,1332.7766788005829,0.9912491293993313,64170
Prostate,8,-1,0.010964684911251668,0.9201505415679226,0.7962198309852159,152143.57591104507,116.09089452530033,6.686865245786666,217.48899877958698,1321.9427700042725,0.9916536061276038,64116
Prostate,9,-1,0.010964686260227317,0.9197372656073051,0.7948717948717948,151747.58453726768,89.33143289371272,6.685269406076819,206.8043044538768,1717.934143781662,0.9916505775928147,64759
Prostate,10,-1,0.011052771671724474,0.9189994859693447,0.7939207301108382,152280.42266750336,129.49627450172315,6.688671704951251,230.99887183140066,1185.09601354599,0.9915104381297082,63678
Prostate,20,-1,0.011001991282300666,0.9200626788147392,0.7981553698545342,152024.43294405937,106.49298285443855,6.68604672649655,211.87437558913885,1441.085736989975,0.9915764510334298,64471
Prostate,30,-1,0.011005109214668796,0.919866173999605,0.7973023975251353,151915.38520264626,99.00148652949918,6.683659457839866,197.03870305840059,1550.1334784030914,0.9915645927160288,64432
Prostate,40,-1,0.01096275677540014,0.9198561668750485,0.7949045371826903,152193.2450389862,120.6230433511041,6.680129292578836,178.55092772833873,1272.2736420631409,0.9916303728562502,64429
Prostate,50,-1,0.01095129048243977,0.9202948748230969,0.7975945934205055,152288.79806923866,130.41797444586578,6.681472181362756,185.15976005521375,1176.7206118106842,0.9916698333975723,64261
Prostate,60,-1,0.0109310261703397,0.9208465265724337,0.7999284379106337,152047.8465065956,108.25176754293246,6.678055363470293,169.22287374463812,1417.6721744537354,0.9916645088152979,64833
Prostate,70,-1,0.010897576520652314,0.9212096280574568,0.7957212509964591,152100.22652602196,112.40489305966211,6.670970383965378,143.59498132171194,1365.2921550273895,0.9917563123802553,64383
Prostate,80,-1,0.010957374362586985,0.9207930717883819,0.7967872980432288,152022.09039211273,106.3201544942067,6.668148208493762,135.4254076669025,1443.428288936615,0.9916295407778768,64235
Prostate,90,-1,0.010910719140677629,0.9201615433184682,0.797867531872473,152126.9918487072,114.65255307024076,6.671650955363337,145.7147696442634,1338.5268323421478,0.9917248271957682,64429
Prostate,100,-1,0.010875457367043944,0.9206655585938198,0.7963002048544292,152007.06745123863,105.22499178869826,6.6682540705026465,135.71503811907706,1458.4512298107147,0.9917713649463004,64138
Salivary_Gland,1,-1,0.010422972733204782,0.939783343558156,0.8394414011264563,88981.2206132412,122.4274029275026,3.859416461180433,222.75685801197466,732.7935743331909,0.9914779849585726,97920
Salivary_Gland,2,-1,0.010527125718924458,0.9390135645418946,0.8432295656215304,89014.71688723564,128.29166385186417,3.859443200350112,223.09962751681405,699.2973003387451,0.9914394843164597,97974
Salivary_Gland,3,-1,0.01024136658407685,0.9394211974805285,0.838435534254782,89042.66251254082,133.63192127745634,3.8606255175512922,239.38727034503697,671.3516750335693,0.9918932397804381,97967
Salivary_Gland,4,-1,0.010312012417236713,0.940267266758119,0.8381235772080452,89112.29020762444,149.09496243615953,3.8629129059414753,278.7600240015282,601.7239799499512,0.9917600403272013,98301
Salivary_Gland,5,-1,0.01031334984761588,0.9414431361906583,0.8354724293500762,89041.90448999405,133.48120777092467,3.8593900027088996,222.4187219365949,672.1096975803375,0.9918391030920811,97871
Salivary_Gland,6,-1,0.010179139779963051,0.9403839544967209,0.8390450765752532,89074.46634721756,140.27725296909722,3.860525462075489,237.91735484950058,639.5478403568268,0.9920718619722004,98532
Salivary_Gland,7,-1,0.010251264639778879,0.9399441068235482,0.840224084844338,88753.33582401276,93.38610880645588,3.854575907282334,174.28318202449543,960.6783635616302,0.9919349109167787,98239
Salivary_Gland,8,-1,0.010244257408904417,0.9402838760698898,0.8343186001734972,88703.55697059631,88.7855642774049,3.8567464329235093,193.12790520959527,1010.4572169780731,0.9919378720965836,98581
Salivary_Gland,9,-1,0.010209400332176294,0.940932064568705,0.8421443922697965,89114.1381418705,149.55425346632228,3.861153800242236,247.45954586788545,599.8760457038879,0.9919718941277434,98549
Salivary_Gland,10,-1,0.01034530955515069,0.9410319587257661,0.8408678855245099,88789.54089856148,97.04338162475743,3.8575602335694206,201.2881972514527,924.4732890129089,0.9916925167966173,99251
Salivary_Gland,20,-1,0.010164620807110251,0.9409500427183028,0.8417534507863791,88863.54640626907,105.48784581807405,3.858268413967721,208.97197125411225,850.4677813053131,0.9920909258983056,98853
Salivary_Gland,30,-1,0.010173470574410095,0.941539797764418,0.8398877242002053,88516.57075500488,74.92129627790753,3.848792686204295,138.32154602421363,1197.4434325695038,0.9920583582575326,98594
Salivary_Gland,40,-1,0.010234368277337487,0.9407942699216192,0.8396757255981803,88760.96233391762,94.13340296579908,3.851386566058818,152.42839076373426,953.0518536567688,0.9919301069136209,98190
Salivary_Gland,50,-1,0.010083966258973235,0.9415391136777753,0.8412058199635505,88808.06587576866,99.02774034509487,3.854496699817941,173.66479877079973,905.9483118057251,0.992214550159759,98546
Salivary_Gland,60,-1,0.010086288318924235,0.9417168445357227,0.8400925910108137,88764.39023280144,94.47320040386366,3.8486959248164774,137.84565301030608,949.6239547729492,0.9921958353718935,98353
Salivary_Gland,70,-1,0.010111287796029418,0.9415653580679654,0.8407262973103422,88638.72803235054,83.43268789590086,3.848623191990059,137.49008780099442,1075.2861552238464,0.9921407805325818,98415
Salivary_Gland,80,-1,0.010100240906669847,0.941461000918642,0.8402272059042855,88665.53034567833,85.56547140043413,3.8478761745421974,133.94161088823836,1048.4838418960571,0.9921649379939255,98591
Salivary_Gland,90,-1,0.010108016208104592,0.9415497304637669,0.8406199911332402,88731.96640968323,91.35402187887995,3.843191639940838,115.2832861415961,982.0477778911591,0.9921493442120612,98598
Salivary_Gland,100,-1,0.010086129469319596,0.9415113562688456,0.8413048119209257,88759.05276656151,93.94517120117727,3.8430510671792013,114.80339075941865,954.9614210128784,0.9921900133962753,98521
Skin,1,-1,0.010455292173922453,0.9431131631601483,0.8888345919201021,1270687.846716404,393.99994256493954,53.795451416787,591.6057835377842,3233.3028814792633,0.9913748466605035,174612
Skin,2,-1,0.010640697792281691,0.9424050808850342,0.8882546853061474,1270757.7118291855,402.7015047374571,53.79535285198587,590.9662892092211,3163.4377686977386,0.9911010953835635,174606
Skin,3,-1,0.010315491456884377,0.9418630448045571,0.8902150945027449,1270492.025163889,371.500414790723,53.79760876938725,605.957892343456,3429.124433994293,0.99204556660652,175047
Skin,4,-1,0.01047050991899888,0.9421940115223327,0.8894570972886763,1270477.1691570282,369.89790490262214,53.79404756502904,582.6260532908022,3443.9804408550262,0.9917822505905447,174278
Skin,5,-1,0.010204810060500715,0.9436857532434662,0.8901318783576606,1270366.1345760822,358.3448007351896,53.79250078254653,573.0425185555466,3555.015021800995,0.9924019747063918,175052
Skin,6,-1,0.0101665607434492,0.9437883295765136,0.8886259782818877,1270334.4709341526,355.1812886055525,53.77644634570518,489.47587771939317,3586.6786637306213,0.9923843858533188,174631
Skin,7,-1,0.010188001943947023,0.9431675325141795,0.8911950970377936,1270276.1668257713,349.49990966892193,53.773248813750975,475.6604925748867,3644.9827721118927,0.992428881431617,174496
Skin,8,-1,0.010128276105464813,0.9428770631223696,0.8911630945757643,1270291.0981431007,350.93749096022583,53.77111519231116,466.86767661607576,3630.051454782486,0.9925274154263075,174594
Skin,9,-1,0.01006412446114449,0.9430898295996966,0.8917478179694235,1270067.5089833736,330.57601292693545,53.7657864165555,446.26453923376124,3853.6406145095825,0.9926174103285915,174812
Skin,10,-1,0.010209156858988986,0.9436840302135504,0.8909351038155657,1270148.262034893,337.65150122529536,53.776506618038795,489.7440032418429,3772.8875629901886,0.9924118012064131,174985
Skin,20,-1,0.009983874372171646,0.9438331205490813,0.892648480196265,1269908.391402483,317.4677086344647,53.74592396047743,383.2267625847186,4012.758195400238,0.9928045917817075,175014
Skin,30,-1,0.00991294947422489,0.9435514152961036,0.8922442921733986,1269459.1022810936,285.5014882528071,53.71210459572319,308.92569735481015,4462.047316789627,0.9929306179181756,174941
Skin,40,-1,0.00991735529585097,0.9441574801349671,0.8934087820004437,1267719.8610725403,205.42845964862332,53.65865815881382,236.47050670090846,6201.288525342941,0.9928887251234727,175172
Skin,50,-1,0.009876356058276076,0.9438222423924337,0.8931097212002289,1267458.6214470863,197.12427085378295,53.644193083077276,222.35598255811436,6462.52815079689,0.9929615475868134,174778
Skin,60,-1,0.009881429724382832,0.9440546878572315,0.8926819046061374,1267176.5487530231,188.88013967034277,53.63327237752043,212.76803547157857,6744.600844860077,0.992944353306447,174655
Skin,70,-1,0.00983325708419205,0.9442232928515774,0.8938676297673612,1265420.3021101952,149.8581349027761,53.54909383113457,159.69087925300656,8500.847487688065,0.9930215285669279,175228
Skin,80,-1,0.009808512446972895,0.9443450202343909,0.8936532973960806,1265114.9997787476,144.66267049303053,53.53329453307259,152.548458095172,8806.149819135666,0.9930770058201087,175064
Skin,90,-1,0.009810079116245212,0.9441456560226522,0.8933139824056195,1264613.7012262344,136.871148646749,53.492589300937425,136.7861467353588,9307.448371648788,0.9930441959520541,175115
Skin,100,-1,0.00977042625686132,0.9441736337712656,0.8940185607975933,1263031.716177225,116.9869083529318,53.43676532057616,119.80874716536427,10889.433420658112,0.9931361447620229,175039
Small_Intestine,1,-1,0.01121109370565142,0.9373877704037141,0.8547753988789388,108382.4117705822,147.3772106627583,4.757058198753356,255.34147135017992,740.432279586792,0.9925700157781633,82423
Small_Intestine,2,-1,0.011234919716696825,0.9402152106511034,0.8552827285219476,108380.33914756775,146.96582294322275,4.757501362911218,261.5384337575955,742.5049026012421,0.99258075610251,83092
Small_Intestine,3,-1,0.011023625610128736,0.9394075045813244,0.8565121869265165,108516.45256781578,179.95444729318805,4.760299964935122,308.87757811260616,606.3914823532104,0.9929766374305464,82844
Small_Intestine,4,-1,0.010967404538481993,0.939807371629785,0.8604516801304074,108311.5996272564,134.51290507290886,4.75582015426976,239.48887820216046,811.2444229125977,0.9930220717777517,83401
Small_Intestine,5,-1,0.010934013696121327,0.939730395239119,0.8600190169085121,108511.19209432602,178.40676058948773,4.758928603077279,283.71377758716466,611.6519558429718,0.9930683648417902,83212
Small_Intestine,6,-1,0.011148722561142688,0.9398172945105638,0.8619431524547804,108166.37989640236,114.08984186227423,4.755615069515151,237.05096736954548,956.4641537666321,0.9927220917756111,83393
Small_Intestine,7,-1,0.010798682862773122,0.9406496934270155,0.8606559922166906,107887.95143079758,88.36626143714,4.752224294501276,202.90154122006678,1234.8926193714142,0.9932692875624426,83154
Small_Intestine,8,-1,0.010964342493332922,0.939784213761631,0.8644706805904165,108045.40689921379,101.2800087257306,4.750619599752832,189.95131263237198,1077.4371509552002,0.9929969558646282,83692
Small_Intestine,9,-1,0.01085695915521996,0.9404464889730754,0.8604092143313276,108375.20622396469,145.95682591954628,4.755581847690297,236.66071213115853,747.6378262042999,0.9931593406000284,82863
Small_Intestine,10,-1,0.0109391822776341,0.9391275321690117,0.8585575621000837,108192.5783097744,117.30287305204014,4.751920601678397,200.3169319813036,930.2657403945923,0.9930287728511051,83056
Small_Intestine,20,-1,0.010837348165594235,0.9404861352195799,0.861918829063436,108107.94907951355,107.52131718585134,4.753761236845045,217.07619571137013,1014.8949706554413,0.993210176726983,83738
Small_Intestine,30,-1,0.010796837451176067,0.939923228989254,0.8620378812997348,108019.70223259926,98.9200502711167,4.747943498223849,171.67801505907565,1103.1418175697327,0.9932533679462343,83197
Small_Intestine,40,-1,0.01074840205478533,0.940096809406819,0.860230569828026,108185.43381547928,116.40884642814808,4.749597797881968,182.53295715447948,937.4102346897125,0.9932973389483517,83460
Small_Intestine,50,-1,0.010790545123777024,0.9406562957470932,0.8614752071225423,108135.14304566383,110.48165745750154,4.746050313022767,160.73880698781048,987.7010045051575,0.9932731190030969,83601
Small_Intestine,60,-1,0.010699497023553111,0.9405510052122115,0.8619234325682789,108266.3819963932,127.41118368185894,4.747154871365035,166.94522110942836,856.4620537757874,0.9933826656176208,83426
Small_Intestine,70,-1,0.01072790246147612,0.9409435865495928,0.8615363967665672,108054.69550681114,102.1607385309244,4.744618087858524,153.34677162186907,1068.1485433578491,0.9933375846071708,83451
Small_Intestine,80,-1,0.010659656009718046,0.94050032891442,0.8636126990345311,108130.2849907875,109.94090781677927,4.74453404015132,152.93404541843537,992.559059381485,0.9934250942755605,83770
Small_Intestine,90,-1,0.010650134699197221,0.9407096860655105,0.8628565544228195,107910.6581351757,90.02154100328198,4.736592189688425,121.92570543091134,1212.1859149932861,0.9934350044320992,83792
Small_Intestine,100,-1,0.0106405464835745,0.941155920967113,0.8611995205224652,107790.50913500786,81.90346346734572,4.734799794366818,116.59051814940064,1332.3349151611328,0.9934472833148263,83340
Spleen,1,-1,0.012172665588871088,0.9289832335505442,0.827059054981426,133801.9219367504,123.18591508345779,5.8943609645289605,211.6558296856614,1095.0682969093323,0.9920245023500763,71467
Spleen,2,-1,0.011656061650524858,0.9287488575384365,0.8220943988903847,133875.56264925003,132.06711106359748,5.8971523461589594,235.1104197702688,1021.4275844097137,0.9929372408879015,70532
Spleen,3,-1,0.01168392742519135,0.9300086943609078,0.8213927201620063,133691.30820274353,111.88438309157657,5.897282062105265,236.3274065306229,1205.682030916214,0.9928777345662656,70779
Spleen,4,-1,0.011595493786873984,0.930528219405324,0.822486907463772,133978.4551036358,146.86100272522128,5.898933936895146,253.0047308975847,918.5351300239563,0.9929828969449144,70124
Spleen,5,-1,0.01158597669561953,0.9289652840396754,0.8238121842773005,134097.79483246803,168.7909990879697,5.900119814064663,266.5062379723944,799.1954011917114,0.9930627944218964,70777
Spleen,6,-1,0.011477619144241329,0.9295223489308184,0.823011906681099,134151.25723195076,180.89180702009764,5.901643152090555,286.11987858956456,745.7330017089844,0.99323894574612,71472
Spleen,7,-1,0.011677360816601394,0.928587849323182,0.8246381375602132,134005.80540776253,151.36814083189725,5.898165191170543,244.95997261300096,891.1848258972168,0.9929325832210915,70702
Spleen,8,-1,0.011543954182707811,0.9302329803190971,0.824476391695756,133759.69388651848,118.61199640070937,5.897945078366335,242.7499026846172,1137.2963471412659,0.9930295724893279,71802
Spleen,9,-1,0.011462061151290523,0.9297732999769474,0.8236610767054021,133694.89047574997,112.21780001704703,5.892583837281651,199.0159438751733,1202.0997579097748,0.993217288318613,71021
Spleen,10,-1,0.011479454390788936,0.9286950677550782,0.8203511984412047,133664.86201262474,109.4829157637056,5.893516785937119,205.45724486238015,1232.1282210350037,0.9932330195463539,69889
Spleen,20,-1,0.011444396075943344,0.9308984478735246,0.8242445333797344,133490.91948342323,95.93897761614706,5.888095059764517,172.93071729693767,1406.0707502365112,0.9932492598812497,71054
Spleen,30,-1,0.011575123117505191,0.9298706109836096,0.8239540664090338,133406.25985503197,90.49053549028291,5.88643706389489,164.94522220883314,1490.730378627777,0.9930061181478917,71106
Spleen,40,-1,0.011374703510176222,0.9301736338923204,0.825328878680309,133763.19747519493,118.97852515508566,5.890445678207232,185.67496336833563,1133.7927584648132,0.993301241132532,71145
Spleen,50,-1,0.011409223353662285,0.9301623809534589,0.8240680788086209,133622.26194500923,105.82411282051962,5.884382211706189,156.01634313453647,1274.7282886505127,0.9932726355152917,71272
Spleen,60,-1,0.011397730606734864,0.930210554431331,0.8247246135332778,133666.1345565319,109.59610679006454,5.884167505866575,155.13885540291173,1230.8556771278381,0.9932739336321401,71276
Spleen,70,-1,0.011401555691695363,0.9304364463433991,0.8257835887874279,133719.9828028679,114.61014323665327,5.88716887358736,168.37706473235224,1177.0074307918549,0.9932589734130449,71306
Spleen,80,-1,0.011396498126634503,0.9302887798584113,0.8264478127153837,133370.38803744316,88.3642055330317,5.878638566269323,135.51215869777053,1526.6021962165833,0.9932673514365606,71346
Spleen,90,-1,0.011352783140090524,0.9308347267521699,0.8246790150662847,133627.88218688965,106.29275464526063,5.880682009184171,142.1591018389872,1269.1080467700958,0.9933186056563026,71103
Spleen,100,-1,0.011384736853164315,0.9304289691324577,0.8259683578832515,133467.79358291626,94.38658435386395,5.869771095686082,112.65444136662524,1429.1966507434845,0.9932735536166045,71158
Stomach,1,-1,0.012291756057092236,0.9268957092685907,0.840112676056338,222822.02215957642,208.92874261355567,9.83532691248877,412.7630068091217,1071.6268436908722,0.9930066560508685,59648
Stomach,2,-1,0.012409785167112452,0.9283895729706807,0.8330596063995469,222786.92534661293,202.30312025686803,9.829393958847858,330.6369656727951,1106.723656654358,0.9929812778653107,58839
Stomach,3,-1,0.012138213185696497,0.9295919130611329,0.8381958726331465,222996.75519132614,249.63228201864206,9.833165833807296,378.5166705037163,896.8938119411469,0.9933085367138139,59097
Stomach,4,-1,0.01204756838817627,0.9271085952447689,0.8364065892871037,223004.43216109276,251.78745878873357,9.834131971126224,393.09748880277056,889.21684217453,0.9934640670018916,59126
Stomach,5,-1,0.01202340781391723,0.9279523293607801,0.8408168487493514,222906.09768247604,226.71596330191684,9.832923662594457,375.0298378093682,987.5513207912445,0.9934980683049345,59146
Stomach,6,-1,0.011985510541256324,0.9270198831230902,0.8374097649443476,223015.80036067963,255.04812349346355,9.832932336145928,375.1536118798636,877.8486425876617,0.9935414569760712,58872
Stomach,7,-1,0.011877431034408121,0.9279986781168673,0.8396863366785092,222617.29198503494,175.4161616264252,9.82660485204297,302.3560793292847,1276.3570182323456,0.9936559130206106,59323
Stomach,8,-1,0.011914924390737363,0.9283299588650793,0.8422304476939749,222739.1071691513,193.92424110357143,9.832486613784727,368.89703934847444,1154.541834115982,0.993623586526234,59843
Stomach,9,-1,0.012005177925946357,0.9284082289251695,0.8425926585506586,222808.31641745567,206.2903592227805,9.829643699912808,333.42952999732864,1085.332585811615,0.9935012263184763,59142
Stomach,10,-1,0.011840561774365736,0.9295108191276316,0.8428946434905995,222862.17924022675,217.06273613225343,9.834470255682657,398.47198793124437,1031.4697630405426,0.9936902340984906,59403
Stomach,20,-1,0.01181520109281052,0.9282384180514427,0.842158701507481,222651.83642196655,180.29584526253558,9.825432735855209,291.8647907016389,1241.8125813007355,0.9937188850715268,59720
Stomach,30,-1,0.011660637295047684,0.9300761429068638,0.8428603801376654,222648.56256389618,179.82177134332582,9.81999873172133,251.42026792160408,1245.086439371109,0.9938753166097595,59511
Stomach,40,-1,0.01166350672071702,0.9296305070497879,0.8418618835861756,222491.880538702,159.72227558472164,9.810889816463671,204.02738132924253,1401.768464565277,0.9938754481733938,59350
Stomach,50,-1,0.011665079868535029,0.9300055551146734,0.8442297081252388,222573.46644997597,169.59294640357314,9.811984172594382,208.75499261740603,1320.1825532913208,0.9938652579903116,59671
Stomach,60,-1,0.011670698253599357,0.930014365030539,0.8444819133712116,222459.10293507576,156.07281910822186,9.805357290516614,183.067841858453,1434.5460681915283,0.9938571671321904,59601
Stomach,70,-1,0.011588487613766237,0.9300979376488556,0.8429404900816803,222179.04701161385,130.58053711191593,9.794071680419947,151.35159043651373,1714.6019916534424,0.9939538998445534,59598
Stomach,80,-1,0.01158262222222342,0.9303198630314823,0.8456799739424752,222038.27813529968,120.67325884475213,9.791878171507463,146.42112530408485,1855.3708679676056,0.9939500973073044,59716
Stomach,90,-1,0.011541018840063323,0.9302202629709143,0.8456313852537051,222089.16302347183,124.07613664509952,9.794112124664709,151.44561865156714,1804.485979795456,0.9940006823304371,59513
Stomach,100,-1,0.01155599613862668,0.9300698980456329,0.8437471236698079,221588.18021512032,97.11415316241278,9.772815669453287,114.11504264440659,2305.4687881469727,0.993986093302556,59585
Testis,1,-1,0.012312347006101244,0.9272528834752614,0.835259484437922,318225.65593600273,167.69836709312878,13.95108651222491,307.6584067779255,1908.9908406734467,0.9917013138443787,95618
Testis,2,-1,0.012274749038796575,0.9260578914089612,0.8349618548464975,318190.34794569016,164.65300584186667,13.954877157859153,335.62322748245555,1944.298830986023,0.9917473541465115,95108
Testis,3,-1,0.012223247057895495,0.925432056880863,0.8369072428393305,317992.1623072624,149.42215514135037,13.946769871704943,280.996363680788,2142.4844694137573,0.9919017969419381,94976
Testis,4,-1,0.012152222510280536,0.9259453695190418,0.8428702536787146,318556.7531747818,202.8873470253829,13.960349411680651,386.31505283594123,1577.8936018943787,0.9919387171823425,95973
Testis,5,-1,0.012167664233151198,0.9255353611542236,0.8417066308021731,317798.281734705,137.02252902507755,13.947660145419128,286.11006601799465,2336.3650419712067,0.9919782008700646,95128
Testis,6,-1,0.012018724712660224,0.9266143658771222,0.8411016110952371,318647.2659752369,215.23381669771004,13.956709867986158,351.050659405464,1487.3808014392853,0.9920981351318721,95669
Testis,7,-1,0.0119749545681219,0.9263222456670923,0.8363789525409897,316385.7808461189,85.39506418920926,13.918571838770774,179.4236199112842,3748.865930557251,0.9922640427058155,95315
Testis,8,-1,0.011984472269062083,0.9260405976420026,0.8383704249810138,317971.7758793831,148.0137567051903,13.951776146025212,312.39392997971055,2162.870897293091,0.9921915947980418,94385
Testis,9,-1,0.011970202729410968,0.9248327900112195,0.8415738314152738,318766.3247010708,233.96147185233247,13.955591756545637,341.47450317779294,1368.3220756053925,0.9922793949861409,96016
Testis,10,-1,0.012038264961201603,0.9271675609139651,0.8383862033016305,317176.1200418472,108.20745440895439,13.929089652379187,207.3851398308473,2958.526734828949,0.992147905715683,94894
Testis,20,-1,0.011958645825985567,0.925152192087363,0.8397329914681049,318222.21908164024,167.39699367858236,13.94498316049935,271.26601280001313,1912.4276950359344,0.9922658307351468,94978
Testis,30,-1,0.012000374329165918,0.9257566108612063,0.8405372062290634,317748.7924964428,134.18030155025258,13.941152015952724,252.51642957651086,2385.854280233383,0.9921862958145102,95725
Testis,40,-1,0.01189073419458779,0.9253682708622551,0.839255872198387,317855.1321949959,140.43983282646758,13.938502170459845,240.99525543748416,2279.514581680298,0.9923685767674268,95167
Testis,50,-1,0.011916692031934146,0.9258866767813643,0.8401792217538129,317342.4947543144,114.65516354868411,13.91441368302464,170.34365074814286,2792.1520223617554,0.9923137985454767,95165
Testis,60,-1,0.0119299939488183,0.9259885670180178,0.841451657128705,318153.32052755356,161.57593779340465,13.927479646149969,202.55319089704753,1981.3262491226196,0.9922914266917137,95132
Testis,70,-1,0.011887536832401324,0.926302680016464,0.842827867050142,317759.2575452328,134.77144820688875,13.910691964434504,162.962318832681,2375.389231443405,0.9923410388125378,95827
Testis,80,-1,0.011893382505544454,0.9259361103312,0.8403819198811883,317237.42711901665,110.4971954509281,13.898862118404333,143.23398456101063,2897.2196576595306,0.9923363827547192,95630
Testis,90,-1,0.011858049946173371,0.9262267483871839,0.8413688454446807,317495.5190999508,121.3032054492707,13.90083007716879,146.1778758671516,2639.1276767253876,0.9923821247316832,95370
Testis,100,-1,0.011838795960322009,0.9257160703992103,0.8409817537347892,317498.4921462536,121.44001079532902,13.905058172904225,152.93092372220806,2636.154630422592,0.9924180371878892,95615
Thyroid,1,-1,0.01341246174817852,0.8968165196502017,0.8236738200936969,482191.3056631088,230.6997652961965,20.819896522423313,440.98582089058937,2099.2241983413696,0.9906407802222484,40262
Thyroid,2,-1,0.013159588124046639,0.8948028424132646,0.8261597964797618,482518.72212934494,273.3313107771677,20.82105926003025,452.09472645138504,1771.8077321052551,0.991168828685542,39944
Thyroid,3,-1,0.013099216710106927,0.8966875606801457,0.824385617681016,482626.98420238495,291.11946956332724,20.825445324682192,499.56623538152695,1663.5456590652466,0.9913557197800917,39986
Thyroid,4,-1,0.012993659936132027,0.89652065681762,0.82220444335036,482541.5889673233,276.90502948827105,20.81877175387542,430.74710147477896,1748.940894126892,0.9915668983437825,40080
Thyroid,5,-1,0.012971663439360466,0.8973217618377776,0.8227472177406924,482577.77866363525,282.75591368979246,20.81962404738355,438.46107379031645,1712.7511978149414,0.9915867244060289,40032
Thyroid,6,-1,0.01308300387953207,0.8967740232467422,0.8268522224616932,482389.2543094158,254.7187488648113,20.81095897195358,370.9264240189764,1901.275552034378,0.9914385620930626,40283
Thyroid,7,-1,0.01274635498092377,0.8966663250516083,0.8261678802258038,482596.3173599243,285.84993288933816,20.823836142127178,481.03474582293,1694.212501525879,0.9919586789495803,40393
Thyroid,8,-1,0.012818909074605235,0.8971339715300616,0.8210155754313433,482362.47901940346,251.18141041724178,20.813087202812948,385.51047523487944,1928.0508420467377,0.991840330217479,40114
Thyroid,9,-1,0.012977270735927849,0.8957051608029418,0.8245445631418692,482526.3969900608,274.5204387467904,20.815384913905994,402.6004470188624,1764.132871389389,0.9916269654270681,39943
Thyroid,10,-1,0.01297391582026295,0.8965860900625455,0.8246420109199547,482239.827034235,236.1583177408036,20.810941680923825,370.81245195091,2050.7028272151947,0.9915794284633258,40024
Thyroid,20,-1,0.012901294053345131,0.8959632155864569,0.8248719524687564,482181.6779270172,229.64653039601075,20.808338789014318,354.41927003555963,2108.8519344329834,0.9916937339285121,40262
Thyroid,30,-1,0.012894215313045352,0.8967217278574585,0.8269272350984854,481718.8379211426,188.315918509089,20.78543099507329,255.14723092666486,2571.691940307617,0.9917412517400092,40156
Thyroid,40,-1,0.012825153278136145,0.8968144774127069,0.8250043531255441,480890.4465661049,142.4349016756269,20.775316621019282,227.06592362036847,3400.0832953453064,0.9918176088353583,40273
Thyroid,50,-1,0.012820135277715541,0.8969563741101536,0.8264503643924733,481279.8288064003,160.85639889391942,20.76313339282061,200.48707246106446,3010.7010550498962,0.9918528852508494,40144
Thyroid,60,-1,0.012808008593085285,0.8967462866024428,0.8257005587974514,481301.3146646023,162.01260129151208,20.756374152231185,188.26118071425287,2989.2151968479156,0.9918388379429948,40044
Thyroid,70,-1,0.01278171125253515,0.8959499530223279,0.8216707071537166,481029.6007452011,148.51305029853273,20.74073974336273,164.98920467330433,3260.9291162490845,0.9918840642150988,39994
Thyroid,80,-1,0.012814611824095854,0.897074007302167,0.8230816704381815,480721.09336066246,135.6770262629893,20.726181879974245,147.95864210548135,3569.436500787735,0.9918275297502963,40010
Thyroid,90,-1,0.012766706059846452,0.8978842465231137,0.8250346562612312,480463.45697689056,126.54332553093666,20.720231994007477,141.969302798563,3827.0728845596313,0.9919057961978743,40173
Thyroid,100,-1,0.012803536170702984,0.8968664596318849,0.8248455914954167,480047.70356822014,114.1433790570673,20.694125714499453,120.55683346608805,4242.826293230057,0.9918413571189563,39998
Uterus,1,-1,0.009642337017869543,0.929261184839479,0.81259891978561,71580.39246249199,96.61295877890583,3.077061574516403,169.89969786875156,748.6473944187164,0.9872939992600305,98320
Uterus,2,-1,0.009416120411907416,0.9319540630351397,0.812617568618271,71570.67247247696,95.3746710915277,3.0769569927832308,168.92995812506237,758.3673844337463,0.988135441567159,97198
Uterus,3,-1,0.009420719210871264,0.9311882195616117,0.814317411144137,71708.99266457558,116.65086262952973,3.081469960035275,224.1349783368425,620.0471923351288,0.9883715806777991,97258
Uterus,4,-1,0.009439636970739105,0.9305081592405932,0.8148536130129156,71600.56425976753,99.28821245428115,3.0781152726324796,180.32948976760747,728.4755971431732,0.9882440728119591,98011
Uterus,5,-1,0.00942383986653506,0.9307324873577619,0.8154628976445003,71804.27968907356,137.832564836281,3.083127302053892,254.70208704591943,524.760167837143,0.9882269867609327,97679
Uterus,6,-1,0.009292995022226068,0.9319372846936175,0.8152691827796712,71785.25403618813,133.0101615389681,3.080508818860905,209.55066637677302,543.78582072258,0.9886495275284604,97357
Uterus,7,-1,0.009292662749280181,0.9320706183043854,0.8154031788299908,71537.59498977661,91.38860186031887,3.079312228712574,193.84724844490538,791.4448671340942,0.9887577379367865,97987
Uterus,8,-1,0.009317220901318129,0.9318600944471156,0.820071631037903,71721.3941988945,119.03160814650603,3.0798401252953846,200.47504060302904,607.6456580162048,0.9886188892912227,98801
Uterus,9,-1,0.009312878376700834,0.9311204195215008,0.8182805853397628,71551.0045850277,92.96370289467603,3.0764525770791833,164.4040283873149,778.0352718830109,0.9886567973578306,97913
Uterus,10,-1,0.009429750083189603,0.9300748337963005,0.8182652024095788,71451.94131660461,82.46398384344499,3.077876658915392,177.85700730583363,877.0985403060913,0.9883729793375227,99024
Uterus,20,-1,0.009286128637147452,0.9321156818305262,0.8167442718178046,71169.20387077332,62.36143792864077,3.0701390114382536,123.11759568387436,1159.8359861373901,0.9886629652760113,97438
Uterus,30,-1,0.009300702104988706,0.931820462910707,0.8171614907608311,71419.36442232132,79.51082013065349,3.0762283120142824,162.4687475654923,909.675434589386,0.9886508769582065,98108
Uterus,40,-1,0.00923546467167288,0.9314181970877743,0.8179797172403457,71533.98227834702,90.9733355256818,3.074288913941372,147.45790936456743,795.0575785636902,0.9888321801170932,98241
Uterus,50,-1,0.009264395983422418,0.9325897342843106,0.8169041145095877,71460.61578845978,83.28769605145717,3.072011048803865,133.02273506070026,868.4240684509277,0.9886841530536201,97792
Uterus,60,-1,0.009239287577959897,0.9313450217368777,0.8178545117022472,71534.16830158234,90.99462595190097,3.0702522791546447,123.67479110021505,794.8715553283691,0.9888330461979716,98246
Uterus,70,-1,0.009237485998760371,0.9316100910829204,0.8179304322514918,71449.04040312767,82.19214176324193,3.0697174865414865,121.08737935852307,879.9994537830353,0.9888401528750765,98350
Uterus,80,-1,0.009269978051086081,0.9314863827571143,0.8176518455150541,71565.0084195137,94.66762271370695,3.0687742992664564,116.77854353745651,764.0314373970032,0.9887378254936273,97969
Uterus,90,-1,0.009226761948345433,0.9317574090580256,0.8178072823711907,71248.23041963577,66.92117718667909,3.066866000208293,108.93559476269367,1080.8094372749329,0.9888559281730751,98060
Uterus,100,-1,0.009210763359482711,0.9315570889828625,0.8172239311109444,71389.72966194153,77.00229407100615,3.0632641173437936,96.67995685641071,939.3101949691772,0.988900933982382,98035
Vagina,1,-1,0.010377507198046011,0.9271501860572465,0.8288931773212497,91927.36052417755,127.91177117463977,3.978282807459585,263.62771973941574,724.3406949043274,0.9880878358363333,84831
Vagina,2,-1,0.01010489706880741,0.9270566367479708,0.8324852770263012,91940.68497943878,130.3088397328161,3.976784835510304,239.9038361921595,711.0162396430969,0.9890016782597418,85239
Vagina,3,-1,0.009987747013860303,0.9270351933833685,0.836261288822536,92039.50148439407,151.34227600789495,3.979312055294162,282.8460185583207,612.1997346878052,0.9893970037890578,85422
Vagina,4,-1,0.009927646521984086,0.9304275360999694,0.8316463218603564,91909.4442665577,124.82429555425819,3.9759270823372357,228.14757517102012,742.2569525241852,0.9895009372609141,85366
Vagina,5,-1,0.009852903243256947,0.928367116000089,0.8316081104273421,92011.16718626022,144.64758540765783,3.9774333635136423,249.6294165059576,640.5340328216553,0.9897820340341856,84797
Vagina,6,-1,0.009798387664294594,0.927888325488374,0.8289743577130996,91946.30440545082,131.34692336098544,3.9762925158056315,233.01228376710128,705.3968136310577,0.9899036403734698,84264
Vagina,7,-1,0.009743583766292328,0.9277435404534404,0.8375827402699394,91774.03759670258,105.56629995431241,3.9754973779054414,222.68090951050294,877.663622379303,0.9899875080881418,85856
Vagina,8,-1,0.009787370653527345,0.9283271274740451,0.8331484292888006,91513.21899366379,81.38177228463704,3.9677991708483606,155.80089491495406,1138.4822254180908,0.9898855066881929,85611
Vagina,9,-1,0.009882237765532835,0.9292150855319825,0.8357333617685406,91820.88422870636,111.51878487367534,3.9731950859770464,197.34568025009563,830.8169903755188,0.9896080782580264,86213
Vagina,10,-1,0.009835986735447413,0.9298361107341291,0.8359426724305798,91560.67592811584,84.92168053872028,3.971637326259512,183.23975335039796,1091.025290966034,0.9897725085737011,85858
Vagina,20,-1,0.00976018807770876,0.9292062500568545,0.834424025980397,91696.39117956161,96.98600180692081,3.9727568034337897,193.16201091062385,955.3100395202637,0.9899062957674993,85047
Vagina,30,-1,0.009812763621723479,0.9287176748119464,0.8351397326852977,91597.6597006321,87.90137731514415,3.970754340675131,176.10468625150787,1054.0415184497833,0.9897879241987572,85915
Vagina,40,-1,0.00976819176650195,0.9294778856417287,0.8360557448488659,91742.18464922905,101.86917345999981,3.968431824096668,159.7437740800162,909.516569852829,0.9898932534747557,85758
Vagina,50,-1,0.009738792178438583,0.9293982277262561,0.8351706293023483,91864.83368730545,117.74752099621122,3.9695295183183696,167.08019303019,786.8675317764282,0.9899500747887766,85534
Vagina,60,-1,0.00972836613216308,0.9295232239221366,0.8349395881924376,91686.428119421,95.98496140795069,3.968460999346056,159.93042212191637,965.2730996608734,0.9899878988131031,85378
Vagina,70,-1,0.00974687884103415,0.9293182160287475,0.8343088302830732,91840.37940859795,114.19845987354579,3.9681784423552227,158.14090769359169,811.3218104839325,0.9899391872467649,85384
Vagina,80,-1,0.009720456758915034,0.9290848000712044,0.8346300378063556,91753.7903020382,103.18585002188375,3.9659654202091814,145.39870895867327,897.9109170436859,0.990011390611704,85767
Vagina,90,-1,0.009708595683712117,0.929575783811776,0.8349902538874532,91731.32573032379,100.66728454937655,3.959396964348445,117.33707627872428,920.3754887580872,0.9900341571562926,85460
Vagina,100,-1,0.009687565107945932,0.929778632795568,0.836218856863703,91586.05091714859,86.94381360470165,3.961030464820108,123.25276100390671,1065.6503019332886,0.9901024850543739,85587
