tissue,num_non_tfs,num_tfs,mae,f1_005,f1_001,abs_time_saving,rel_time_saving,abs_emission_saving,rel_emission_saving,total_runtime,correlation,tp_001,num_samples
Adipose_Tissue,1,-1,0.0128325980884495,0.9149490905771368,0.8535745321209809,880350.9037418365,330.09000328465123,37.58760273246293,510.5532760760625,2675.1067943573,0.9899925247672052,80545,1204
Adipose_Tissue,2,-1,0.012503057760689,0.916333475783157,0.8547859754785976,880253.0082893372,318.43681754572674,37.58508484480514,493.7014967681672,2773.002246856689,0.9910514295094603,79478,1204
Adipose_Tissue,3,-1,0.0123399179243385,0.9175334091872476,0.8529104179918708,880420.1116437912,338.8565892217101,37.58701680180401,506.52984806526587,2605.898892402649,0.9913721995811396,79110,1204
Adipose_Tissue,4,-1,0.012299704076578,0.9155684647487472,0.852593086881089,880481.9835736752,347.0977405294327,37.5887051070554,518.2988646132392,2544.026962518692,0.9914835959948362,79856,1204
Adipose_Tissue,5,-1,0.0122008870004105,0.916770679614466,0.8534302201325069,880351.9712061882,330.22177371427426,37.59299587979661,550.8250677286914,2674.0393300056458,0.9916950002178764,79864,1204
Adipose_Tissue,6,-1,0.0122267611048006,0.9169275324808618,0.8554905171901264,880220.4669997692,314.7432927244877,37.575951570322026,440.91208105926046,2805.543536424637,0.9916329373429288,79141,1204
Adipose_Tissue,7,-1,0.0121443089273817,0.9158243315546686,0.8551618204668249,880207.1541583538,313.25682907364563,37.5772119797327,447.5156044722512,2818.856377840042,0.991841799902632,79613,1204
Adipose_Tissue,8,-1,0.0122431138809031,0.9160251496193176,0.8559745764982664,880262.7186694145,319.55582439627653,37.57401913520269,431.1577603528387,2763.2918667793274,0.9916565994755824,79862,1204
Adipose_Tissue,9,-1,0.0121333244630584,0.9164383332496948,0.8569310680081001,880172.7346258163,309.47796086757177,37.57381014690257,430.128653528522,2853.2759103775024,0.9918902698233498,79767,1204
Adipose_Tissue,10,-1,0.0121557675218633,0.914887334662238,0.8556730556200995,880315.6582891941,325.7975089819675,37.58592225751516,499.181315799433,2710.3522469997406,0.9918266124428448,79175,1204
Adipose_Tissue,20,-1,0.0121044479833187,0.9167517523195572,0.8561045115430181,880015.0106623173,293.2667045911644,37.5696542574349,410.6380428342471,3010.999873876572,0.9918792250944948,80211,1204
Adipose_Tissue,30,-1,0.0119994412860989,0.916888557769084,0.8558301869516274,879667.447132349,262.917772975588,37.55242307311703,345.6901308957012,3358.5634038448334,0.9921054527178084,79448,1204
Adipose_Tissue,40,-1,0.0119915299125608,0.9161263828847024,0.8571489882191369,878824.1767647266,210.1525330517433,37.51816339631673,262.98895932617296,4201.833771467209,0.9920722533633264,79888,1204
Adipose_Tissue,50,-1,0.0119779700594226,0.9171011882805647,0.8550802426064087,878255.156512022,185.0876187077382,37.48029004984158,207.9836816038276,4770.854024171829,0.9920924236478472,79655,1204
Adipose_Tissue,60,-1,0.0119381525548415,0.9176853244221664,0.8550257835899145,878123.7561433315,180.1265172655828,37.46896130470421,195.7378101528352,4902.25439286232,0.9921542111850464,79505,1204
Adipose_Tissue,70,-1,0.0118989933772913,0.9172864171628012,0.8550744858970506,877175.0035588741,150.91863912640528,37.454990451982624,182.48725480483492,5851.006977319717,0.9922042006591066,79669,1204
Adipose_Tissue,80,-1,0.0119223264403637,0.9172280171871748,0.8561070201012323,876774.3496222496,141.2466259272982,37.408694337673,149.05111001867164,6251.660913944244,0.9921747538893806,79579,1204
Adipose_Tissue,90,-1,0.0118894622835389,0.9173358662816824,0.8554773545371515,876557.3926432133,136.50922424934237,37.39851998282376,143.28163207271083,6468.617892980576,0.992226416620378,79615,1204
Adipose_Tissue,100,-1,0.0118711752719037,0.9177710735994012,0.8567938832720835,875658.735114336,119.85787960585267,37.383317835146855,135.4478500076133,7367.275421857834,0.9922524194389656,79618,1204
Adrenal_Gland,1,-1,0.0117765747997668,0.917529205427044,0.8189682836818741,141405.95909881592,143.1596877020154,6.187883938302848,252.1796701555877,994.698014497757,0.9903234427418804,61249,258
Adrenal_Gland,2,-1,0.0113578045036349,0.918206853541278,0.8217284408776732,141040.79924869537,104.717309667716,6.18090355400339,196.50124271380236,1359.8578646183014,0.991196297009931,61999,258
Adrenal_Gland,3,-1,0.0113889654132772,0.9159000010264025,0.8189266748913802,141532.0223248005,163.93616626506136,6.190202008522517,278.3733536560549,868.6347885131836,0.9912452989746786,61069,258
Adrenal_Gland,4,-1,0.0113474879193687,0.91868160461605,0.8180473173815385,141484.32296824455,155.4025437986619,6.18908262805875,265.0776667985918,916.3341450691224,0.991276182450054,60821,258
Adrenal_Gland,5,-1,0.0112820185153013,0.9163442328316092,0.8215254992506177,141424.06345534325,145.8136205893993,6.188093054089937,254.3386145086399,976.5936579704284,0.9914479225716594,60843,258
Adrenal_Gland,6,-1,0.0112119508340068,0.9184189600843926,0.8207117557766909,141638.58479118347,186.85976773866344,6.1912978027027705,292.7475013260059,762.0723221302032,0.9914872433704432,60825,258
Adrenal_Gland,7,-1,0.0112138912306207,0.9185142271949202,0.819055826353917,141277.6930398941,126.8078476274715,6.185852538090776,232.96926806473024,1122.964073419571,0.9914767945960228,60828,258
Adrenal_Gland,8,-1,0.011234543268488,0.919361765386013,0.8191697339858971,141599.72829961777,177.79439905052487,6.194169102111903,338.55458369023773,800.9288136959076,0.9914748915320072,60757,258
Adrenal_Gland,9,-1,0.0112002671214943,0.9183972555401844,0.8158147856676823,141421.16826415062,145.3826220022728,6.187761824397168,250.9358141778025,979.4888491630554,0.9914958157163972,60644,258
Adrenal_Gland,10,-1,0.0113144239025126,0.9174038202729028,0.8211518128404514,140923.87910151482,96.42658271967083,6.178219444214962,181.12415134683545,1476.7780117988586,0.991374924596449,61354,258
Adrenal_Gland,20,-1,0.011074785145328,0.9191534661703326,0.8205563299193989,141122.39324855804,111.40161357884963,6.181494159705356,200.2419195535139,1278.2638647556305,0.9917317655283592,60930,258
Adrenal_Gland,30,-1,0.0110858830099164,0.9190157608559472,0.8216363009950753,141178.048163414,116.47277498254776,6.17929828024077,187.00608045615508,1222.6089498996737,0.9917082170635324,60813,258
Adrenal_Gland,40,-1,0.0110488366648394,0.9187841200113012,0.8225900312622647,141201.26050019264,118.7269128122374,6.183273590593173,212.4255027604866,1199.3966131210327,0.9917697538599628,60782,258
Adrenal_Gland,50,-1,0.0110901816241331,0.9189165785539796,0.8214211041041378,141089.5467391014,108.6107317233838,6.1786924842436255,183.6570281257025,1311.110374212265,0.9916634213142796,60894,258
Adrenal_Gland,60,-1,0.011011750784013,0.919483155805944,0.8225295109612142,141319.57197618484,131.72011363647502,6.174913331346079,165.2006675040801,1081.08513712883,0.9918227902205602,60970,258
Adrenal_Gland,70,-1,0.0109989187376858,0.9195908783525658,0.8214894635047072,141066.61188316345,106.7435000665445,6.166496512311312,134.98810611477782,1334.0452301502228,0.9918465955353398,60950,258
Adrenal_Gland,80,-1,0.0110510025949334,0.9194394279355698,0.8228949858088931,140948.91975927353,98.08982094248418,6.161711316811583,122.2746435281352,1451.737354040146,0.9917330661279826,60886,258
Adrenal_Gland,90,-1,0.0110347969810735,0.9190574202781214,0.8222442899702085,141050.0914413929,105.43778808681792,6.1682387331815605,140.29922778845042,1350.5656719207764,0.9917714830654276,60858,258
Adrenal_Gland,100,-1,0.0110202994912993,0.91945256701836,0.8225820640001082,140986.59988498688,100.70360255632028,6.159137030953767,116.37811054395388,1414.0572283267977,0.9917730920865095,60781,258
Bladder,1,-1,0.0040094454037569,0.9819582231529628,0.92930945191407,60784.59063243866,145.70968314441194,1.249665231587764,154.2453604443712,420.0450813770294,0.9724086158854726,164189,21
Bladder,2,-1,0.0038091109706517,0.9822716574964272,0.9324962630792228,60952.74989914894,242.9856393254663,1.2534137199995856,285.46715201655263,251.88581466674805,0.976648323932416,163758,21
Bladder,3,-1,0.003994812056708,0.982280006735618,0.930778865281186,61023.19188666344,337.320021708195,1.2538633020117531,317.90432889648645,181.4438271522522,0.973590678872446,164235,21
Bladder,4,-1,0.0039254870335021,0.9821736732236191,0.9340902388675908,60966.365181684494,256.8703530662179,1.2529219868060653,256.8072627608021,238.27053213119507,0.974364676708121,164710,21
Bladder,5,-1,0.0038020235162226,0.9831277470579896,0.9318493102128202,60989.78520298004,284.8707944689733,1.2539131924522664,321.964111548116,214.8505108356476,0.9768179893846868,164306,21
Bladder,6,-1,0.003880847378741,0.9828805860598044,0.9329035474331812,60979.165246248245,271.453003908407,1.2529787581566525,259.81880281395274,225.47046756744385,0.9752057967007348,164678,21
Bladder,7,-1,0.003812219181585,0.9828646943261996,0.9322619704058256,60962.2399353981,252.49876921691023,1.2527102858928123,246.16725711865192,242.39577841758728,0.9767852948627026,163997,21
Bladder,8,-1,0.0037997741128333,0.9828681294707547,0.9336516406340818,60932.74297142029,225.10580891051748,1.25213743949262,221.3512455307262,271.892742395401,0.97689631436926,164649,21
Bladder,9,-1,0.0037974696968612,0.9831765618151782,0.93339568365713,60847.1071870327,171.1881182308155,1.2508084258431411,179.39447808516687,357.5285267829895,0.9773339044736824,164672,21
Bladder,10,-1,0.003823408129694,0.98262009089829,0.9333696086516634,60811.14803671837,155.54397069130596,1.2501400718179676,163.7822787900229,393.48767709732056,0.9765250377760004,164673,21
Bladder,20,-1,0.003794437892293,0.9827870233271564,0.9335614145574828,60927.12373137474,220.5477225720852,1.2523754617049576,231.0283695991703,277.5119824409485,0.9769763439932966,164543,21
Bladder,30,-1,0.0037550794454894,0.9830410507633744,0.9349009633998876,60868.613555431366,182.1446419132077,1.2508689834962328,180.9573953240504,336.0221583843231,0.9775423452395476,164680,21
Bladder,40,-1,0.0037676437081707,0.9833711771801604,0.9341254200280728,60722.34273195267,126.90343425150375,1.2484109644207713,133.68353684596178,482.29298186302185,0.9774203704713148,164712,21
Bladder,50,-1,0.0037562133159478,0.982973651726046,0.934667411391454,60787.78592395783,146.82659606158126,1.2496202272857582,153.39877737938784,416.8497898578644,0.9774037132892458,164830,21
Bladder,60,-1,0.003762533650471,0.9832348924244844,0.933971754141684,60624.06988525391,105.42238744129322,1.2465544513164923,111.65288133848732,580.5658285617828,0.9772838445100436,164337,21
Bladder,70,-1,0.0037739823802215,0.983133931833418,0.9344952144760328,60718.16786122322,125.8143480348105,1.2476984439739018,124.27261364533877,486.46785259246826,0.9771563119664876,164666,21
Bladder,80,-1,0.0037461460132789,0.9832445836688792,0.9341119917366864,60684.256113529205,117.61536324660077,1.2484606978940942,134.39391214600084,520.3796002864838,0.9776342837508392,164591,21
Bladder,90,-1,0.0037455255935941,0.9831919804015832,0.934306445116382,60546.27570605278,92.96530012779412,1.2442679744551446,92.81484148360276,658.3600077629089,0.9775823074160302,164693,21
Bladder,100,-1,0.0037359717416987,0.983362743967864,0.9343558717850396,60600.867280483246,101.37104282846065,1.2456232577710429,103.12836834799458,603.7684333324432,0.9776395719620296,164477,21
Blood,1,-1,0.0134920482703085,0.9512289938133796,0.9069727289917866,513757.5264997482,361.9582666450664,21.948812708457485,641.8462376277856,1423.3155851364136,0.990335063413273,110316,929
Blood,2,-1,0.0129111054043834,0.9499844662410204,0.9099643004988094,513763.1680269241,363.3986523150691,21.943024275120024,549.0526740399921,1417.6740579605105,0.991736117263381,111007,929
Blood,3,-1,0.0118423306989548,0.951541222722352,0.9079057356629016,513680.9581885338,343.48048094808723,21.941470402993374,528.5401511598176,1499.8838963508606,0.9937144408153584,110242,929
Blood,4,-1,0.0117062441111262,0.9515044281460764,0.9089018078754252,513804.1922943592,374.2279595221176,21.946782229722835,605.924310377129,1376.6497905254364,0.9938506723628452,109674,929
Blood,5,-1,0.0115603645336265,0.9515233577310444,0.9088482374185444,513747.88677716255,359.5233147248994,21.939598410715025,505.7759698671409,1432.9553077220917,0.9941994643688422,109972,929
Blood,6,-1,0.0113334572277438,0.9522248221388776,0.9107887083543926,513725.9209513664,354.0953734303794,21.945279678946143,581.8278183248016,1454.921133518219,0.994438600892894,109924,929
Blood,7,-1,0.0111539646849897,0.9517337597934769,0.9106077974532678,513732.9751915932,355.8205830051896,21.943381308005996,553.9928015604625,1447.8668932914734,0.9946091835496816,110021,929
Blood,8,-1,0.0110897476663131,0.952292755882158,0.9122385785961484,513681.6543638706,343.6399824142275,21.934701262186543,454.5600965183422,1499.1877210140228,0.9946957890133684,110182,929
Blood,9,-1,0.0110555859493224,0.9526489285437342,0.9126077586206895,513665.8272404671,340.050029201489,21.94280951420263,546.1233204944658,1515.014844417572,0.9947179867727296,110097,929
Blood,10,-1,0.0109295075479245,0.952347809581056,0.9099967256464776,513577.1212661266,321.24097664571224,21.931616514876765,427.3042354503959,1603.7208187580109,0.9948979640671368,109777,929
Blood,20,-1,0.0108128632187455,0.9531666864115628,0.9129921602246326,513454.700322628,298.45801390690974,21.920416555196024,350.9099105694056,1726.1417622566223,0.9950466707116684,110226,929
Blood,30,-1,0.0106583988276664,0.9531499155291948,0.9136690052286716,513240.5541918278,265.51773266658466,21.91004647182292,301.0719773938877,1940.2878930568693,0.9951984861331266,110437,929
Blood,40,-1,0.0105485731615201,0.9533426172836384,0.913881503201385,512594.7630684376,199.2131094248912,21.90060003054142,266.5828239128166,2586.0790164470677,0.9953076312424696,110332,929
Blood,50,-1,0.0105505291463509,0.9536859448203238,0.9145820647603898,512366.3695921898,183.0470340079961,21.87459370047069,202.66725866080355,2814.4724926948547,0.9953242839424904,110396,929
Blood,60,-1,0.0104346341630304,0.9529770558118956,0.914652011620304,512189.385433197,172.21738506364343,21.85960243873081,178.05817193764292,2991.456651687622,0.9954379296751472,110511,929
Blood,70,-1,0.0104100302563953,0.9535418088952944,0.9144788275636704,511482.0743453503,139.28445319189967,21.84018622352969,153.860892445167,3698.767739534378,0.9954582710536116,110539,929
Blood,80,-1,0.0103645199845871,0.9538181760678084,0.9149565944551848,511209.8174870014,129.7349914073825,21.82731219036625,141.1430302617511,3971.024597883225,0.9954990289716796,110508,929
Blood,90,-1,0.0103904511940916,0.9536230830384363,0.9146565952817272,511033.6719453335,124.22467001574266,21.80994956512324,126.98687048836658,4147.170139551163,0.9954733615909696,110555,929
Blood,100,-1,0.010346351998177,0.9541290783459664,0.9150254865616312,510475.8742492199,109.4972080743452,21.797834441339813,118.68109786445083,4704.967835664749,0.9955316414382072,110579,929
Blood_Vessel,1,-1,0.0126333263730318,0.9124583804682772,0.855347297683013,951974.6304140092,334.9655106493758,40.388350041757775,520.3896823952316,2850.5177931785583,0.9894629448073556,85406,1335
Blood_Vessel,2,-1,0.0125550260567236,0.9137970668015264,0.8577174610816883,952034.2199599744,342.1174117107971,40.39975054068725,609.790555065558,2790.928247213364,0.9901242842824632,85511,1335
Blood_Vessel,3,-1,0.0123230816937608,0.9122880046690468,0.8589195960937618,952200.8222334384,363.8363365520125,40.3910689324356,539.24415543873,2624.3259737491608,0.9904866405026624,85359,1335
Blood_Vessel,4,-1,0.0121828899189759,0.9142416332188544,0.8606751203771397,951963.1336605548,333.61994939213844,40.38420974300614,494.08284379802586,2862.0145466327667,0.9907769553271498,85351,1335
Blood_Vessel,5,-1,0.0121441243889562,0.914639998711693,0.8613481805926542,952033.617934227,342.0436301392898,40.3803716158655,471.9652594430687,2791.530272960663,0.9908562767106082,85938,1335
Blood_Vessel,6,-1,0.012185847799982,0.9153314109933016,0.8589908012332081,951895.5778663158,325.9266844990796,40.3752773221092,445.49573743527225,2929.570340871811,0.9907664261298658,85397,1335
Blood_Vessel,7,-1,0.012161143536378,0.914909973613418,0.8598463225004673,951811.659518242,316.8504171625813,40.37569179002063,447.5378173527589,3013.4886889457703,0.990804591134034,85102,1335
Blood_Vessel,8,-1,0.012137860583809,0.9140019592753682,0.8601453505928774,951768.1776287556,312.3435845093793,40.3732037905972,435.5530501235639,3056.970578432083,0.9909029558656444,85452,1335
Blood_Vessel,9,-1,0.0121018023437381,0.9146027821437616,0.8572092107455332,951665.7695040704,302.2192772474722,40.36611541952307,404.6781349502101,3159.3787031173706,0.990994028590262,84895,1335
Blood_Vessel,10,-1,0.0119719508495543,0.9157683207052372,0.8601179902625509,951752.1474921705,310.71426164696044,40.37913765307462,465.26911444056606,3073.0007150173187,0.9911855602690256,85946,1335
Blood_Vessel,20,-1,0.0119173495187718,0.9142470840194517,0.8578168776753333,951598.5123102664,295.91970668840503,40.35002640102677,348.59091831291533,3226.635896921158,0.9912883388239562,85270,1335
Blood_Vessel,30,-1,0.0120140430244228,0.9134331806847684,0.8589947290106177,951176.3837382792,261.6845116596046,40.32933161166541,295.84902144662533,3648.76446890831,0.9911577891234284,85150,1335
Blood_Vessel,40,-1,0.0119552033376584,0.9143643129197422,0.8592964570760163,950091.0064337254,201.68917491224184,40.29430203748151,235.52939525760027,4734.141773462296,0.9912238737668374,85216,1335
Blood_Vessel,50,-1,0.0119199062598297,0.9145682567022722,0.8601155023447278,949820.3144545556,190.78059240329932,40.27537820983622,212.1610342137345,5004.833752632141,0.9912954147949196,85563,1335
Blood_Vessel,60,-1,0.0119015383238493,0.914859836481244,0.8593403505955307,949628.6015381812,183.74224442205647,40.27185999860057,208.3184464770721,5196.546669006348,0.9913255839842088,85641,1335
Blood_Vessel,70,-1,0.0119272766802657,0.914647901190178,0.8596873662748257,948326.3045809268,146.92231466362668,40.220945729241095,165.05631457648653,6498.843626260757,0.9912966617173652,85382,1335
Blood_Vessel,80,-1,0.0118729395385047,0.9149592072221736,0.8602897270825075,948006.1012878418,140.0232553758089,40.1889577713856,146.0061653038544,6819.046919345856,0.9913767628593646,85724,1335
Blood_Vessel,90,-1,0.0119074246236054,0.9150036464184248,0.8594417093690441,947451.906703472,129.49869439730588,40.16541497997861,134.57471949165287,7373.241503715515,0.9913170906902024,85453,1335
Blood_Vessel,100,-1,0.0118669862202101,0.9147309070075016,0.8583158709340248,946601.5910835266,116.1085323357138,40.169053463005454,136.22304488527874,8223.557123661041,0.9913810608492168,85402,1335
Brain,1,-1,0.0085550436036572,0.9687691108741888,0.9296165439832736,1434582.094988823,315.8361965450878,60.411515590814176,453.7014412006289,4556.598354101181,0.9892139022749472,354810,2642
Brain,2,-1,0.0082563918392074,0.9694014398132572,0.9272276193460776,1434433.6570129397,305.8719619594552,60.42182092336275,491.6703556563634,4705.036329984665,0.990779156829792,355054,2642
Brain,3,-1,0.0081075956583182,0.968344797910234,0.92779789997439,1434453.4034676552,307.16107896319164,60.39849534796416,413.3694547680306,4685.289875268936,0.9916497835706852,355033,2642
Brain,4,-1,0.0078079938488921,0.969933781890942,0.9286471985073042,1434116.7736840248,286.57142907346935,60.39163954457889,394.8857027609012,5021.919658899307,0.9925422544008672,354115,2642
Brain,5,-1,0.0075835235099534,0.9702087399213412,0.9301344775260322,1434390.2882473469,303.0783314345625,60.39791138436476,411.72789598665145,4748.40509557724,0.9930383045005928,355516,2642
Brain,6,-1,0.0075804710632884,0.9701049160954538,0.9296447220124172,1434280.948993206,296.25657295580834,60.38885567946104,387.8436659755566,4857.744349718094,0.99312590445184,355095,2642
Brain,7,-1,0.0075241422815051,0.9696166364549148,0.9305998477424284,1434253.4692964554,294.5901108431659,60.392496885102254,397.1062163443896,4885.224046468735,0.9932887864483548,355719,2642
Brain,8,-1,0.0074910896016417,0.9700239210269196,0.9302262100208532,1434428.747435331,305.5531255726161,60.41032338001359,449.6839715412087,4709.945907592773,0.9933277746456518,354412,2642
Brain,9,-1,0.007492437435234,0.9698177653491112,0.9303500125149556,1434281.163804531,296.26967411484304,60.38793301986084,385.5648063167568,4857.529538393021,0.993371498687589,354969,2642
Brain,10,-1,0.0074659113593123,0.9702859429731036,0.9302362109903688,1434145.6463503838,288.2285497198415,60.38424988511448,376.7286054868502,4993.04699254036,0.9934144808594516,355340,2642
Brain,20,-1,0.007302392898718,0.9706818135877584,0.9313046847592168,1434026.8731324673,281.53155511983607,60.38505461419023,378.6244772785288,5111.820210456848,0.9937597402942988,355723,2642
Brain,30,-1,0.0072465972356984,0.9709072011097608,0.9303684079373614,1433516.4355082512,255.9716639937139,60.33694026077218,291.05071652046854,5622.257834672928,0.9938901362191463,354689,2642
Brain,40,-1,0.0071786888409734,0.9710119342806012,0.9317163146972416,1431780.5318157673,195.58400397048672,60.28296033851561,231.0859161659264,7358.16152715683,0.9940176174658972,355358,2642
Brain,50,-1,0.0071308516842158,0.9710740682836364,0.9321982381394082,1431349.1683280468,184.75307423678512,60.25074866772034,205.7857167496009,7789.525014877319,0.9941079358279132,355766,2642
Brain,60,-1,0.0071175107288972,0.9711322229287466,0.9316165005828996,1430997.994736433,176.78319305365375,60.24694208825853,203.15723833252343,8140.698606491089,0.994129700114078,355210,2642
Brain,70,-1,0.007087002665902,0.9711457748063472,0.9321877699661916,1429456.8511812687,148.6430649574705,60.20701482712488,179.15495140277835,9681.842161655426,0.9941806552731728,355549,2642
Brain,80,-1,0.0070758058048933,0.9712207433799086,0.9322105207971532,1428825.1848113537,139.5391964759239,60.12789434042879,145.1680992065374,10313.508531570436,0.99419492161488,355622,2642
Brain,90,-1,0.0070519289191358,0.9710520480846152,0.9324818427005166,1428095.06777668,130.31397023653048,60.09484411759072,134.5090361828657,11043.625566244124,0.994270970620838,355767,2642
Brain,100,-1,0.0070455082554612,0.971327082552884,0.9322790182642112,1426479.88926816,113.6867815350658,60.053267249744415,123.1351887781066,12658.804074764252,0.9942542076196434,355292,2642
Breast,1,-1,0.0130719963918585,0.9061750328808555,0.8102617269789449,310162.70332431793,220.1711809669418,13.446646765809184,361.1122726327016,1415.1618928909302,0.9905774627367028,36732,459
Breast,2,-1,0.012979347191259,0.9051591453273248,0.8131824803128046,310244.2471585274,233.6335078765036,13.44867722459242,381.8777772928863,1333.618058681488,0.9910571211032652,37123,459
Breast,3,-1,0.0127693138224275,0.907445704149944,0.811211980650719,310440.9645316601,274.05900020792944,13.455734885891674,477.27495364482985,1136.9006855487823,0.9913037578719318,36726,459
Breast,4,-1,0.012711505073853,0.9053819543830094,0.8124475462697116,310247.1416153908,234.14168411195192,13.448634446199735,381.4156846281599,1330.7236018180847,0.9914645581614224,36786,459
Breast,5,-1,0.0126220236159297,0.905416663256872,0.8101341413515875,310298.86279177666,243.6100659558322,13.449656031972328,392.76548917450856,1279.0024254322052,0.9916523735928834,36629,459
Breast,6,-1,0.0124520969042471,0.904967560192774,0.8105733645219034,310404.0166451931,265.43275908421435,13.454546441498008,458.0084598123341,1173.8485720157623,0.9918577125480222,36905,459
Breast,7,-1,0.0125622771900592,0.9038695084306902,0.8107204510193825,310270.1730294228,238.2654481898406,13.44802500197752,374.9518579927775,1307.6921877861023,0.9917701717971203,37101,459
Breast,8,-1,0.0125556044096937,0.9039577949263764,0.8127137530063326,310164.4294490814,220.44005977717387,13.444983109295553,345.70949999823256,1413.4357681274414,0.9917652960751636,36833,459
Breast,9,-1,0.012564605233262,0.9061595551569036,0.8139215922930908,308999.7547636032,120.85512658367578,13.427308472536444,237.90326296225211,2578.110453605652,0.9917381076347144,37090,459
Breast,10,-1,0.0124780753032628,0.9054681093785548,0.8087590285203047,310124.08051514626,214.32187639280224,13.445736770269582,352.5211799429072,1453.7847020626068,0.991864030321425,37063,459
Breast,20,-1,0.0123521561559736,0.9053732451613642,0.8111532750371225,309824.8622291088,177.739494645645,13.43357904912609,267.4976633865924,1753.002988100052,0.992026446921014,36873,459
Breast,30,-1,0.0123803564564047,0.906305240687618,0.8122563406193877,310039.23360824585,202.50322650475255,13.432645553420322,262.63398424265984,1538.6316089630127,0.9919714145524742,37086,459
Breast,40,-1,0.0124158156757382,0.9059384155827584,0.8165390640513647,309919.6147284508,187.8955364883135,13.427626413361406,239.24532264199897,1658.2504887580872,0.991919389638911,37008,459
Breast,50,-1,0.0123465797809598,0.9056240514846364,0.8144298245614036,309576.3601176739,155.6717818453713,13.413637048093886,191.6703910736186,2001.5050995349884,0.9920125392658606,37138,459
Breast,60,-1,0.0122377769796771,0.906162800229527,0.8146581168330359,309632.9015607834,160.19726856482131,13.411223677710709,185.31317486654035,1944.963656425476,0.9921822850054756,36970,459
Breast,70,-1,0.0122988450673591,0.9062669960487258,0.8163054808800132,309399.5645828247,143.03712733632725,13.39901341573053,158.68460978147516,2178.3006343841557,0.9920875856735708,37197,459
Breast,80,-1,0.0123262803606858,0.9072067072941168,0.8127623107517195,309050.3900105953,123.27632904248313,13.391669131072147,146.06055330826786,2527.4752066135406,0.9920562335968506,36988,459
Breast,90,-1,0.0122463245385016,0.906901728874232,0.8168870691086151,309016.15846037865,121.62901330780991,13.392735527061609,147.7674685463458,2561.7067568302155,0.9921496296151776,36909,459
Breast,100,-1,0.0122617457608521,0.9069949801502674,0.8149718289749701,308777.2858762741,111.25478955836796,13.371567596460856,119.94367900911828,2800.5793409347534,0.9921283564679932,37102,459
Cervix_Uteri,1,-1,0.0040176678948581,0.9865267208290076,0.927966888488239,64369.492042541504,365.1827050623465,1.3064212017077084,340.56131107236484,176.75054621696472,0.9825447204194244,154925,19
Cervix_Uteri,2,-1,0.0037762487336898,0.987127651267714,0.9308838240788728,64379.18897032738,386.3803920858107,1.307014112127369,402.60594862885927,167.0536184310913,0.9852570002340072,154469,19
Cervix_Uteri,3,-1,0.0039131329343816,0.986594602418266,0.9312669554399796,64119.93041849136,151.40605192743416,1.3020929119734264,160.2643839450176,426.3121702671051,0.9838691134790596,155333,19
Cervix_Uteri,4,-1,0.0038159522436294,0.98688709889194,0.9314177087820882,64337.54892230034,309.28702190254705,1.3057862546226997,292.31886125199344,208.69366645812988,0.9846323901451284,154586,19
Cervix_Uteri,5,-1,0.0037757679956133,0.9870805964680602,0.932537212917114,64312.97830367088,276.7086378633695,1.3055207189054217,275.9702195302337,233.26428508758545,0.985125668118718,155087,19
Cervix_Uteri,6,-1,0.0037488193874069,0.9874575709120847,0.9316309769495972,64406.211352586746,460.9417466657542,1.3070983391228077,413.3023841987672,140.0312361717224,0.9853338191449628,154838,19
Cervix_Uteri,7,-1,0.0037497535876408,0.987932749663634,0.9317439023292248,64325.88088917732,292.91044093163697,1.3056819504820116,285.6712652381593,220.36169958114624,0.9852329448878944,155229,19
Cervix_Uteri,8,-1,0.0037058427671589,0.9881319267751126,0.9329608098476122,64301.08682966232,263.28666651247056,1.3052383018476637,260.4763089511449,245.15575909614563,0.9857130222527882,155108,19
Cervix_Uteri,9,-1,0.0037440529205203,0.9873015873015872,0.9329344587437852,64293.40278172493,255.28512834292945,1.3056485112593337,283.6036287493193,252.8398070335388,0.9855860712173908,155460,19
Cervix_Uteri,10,-1,0.0037170531699654,0.9875427752669406,0.9327759880757766,64218.25162196159,196.7927446877889,1.304382458213941,222.60299338634897,327.990966796875,0.98571827511678,155199,19
Cervix_Uteri,20,-1,0.0036901147902287,0.987907345563231,0.933932911861354,64276.50613117218,239.29372827961228,1.304724906904139,236.35382007237217,269.73645758628845,0.985814188052616,155038,19
Cervix_Uteri,30,-1,0.0036789214348718,0.9877625710037742,0.9344144458446242,64273.657497406006,236.79300385983967,1.3047660355424997,238.1204407448796,272.5850913524628,0.985870487618336,155345,19
Cervix_Uteri,40,-1,0.0036352049553144,0.9874813000848048,0.9340613718411552,64141.65598845482,159.53628355540025,1.30217178657832,161.825593121988,404.5866003036499,0.9864177716267832,155241,19
Cervix_Uteri,50,-1,0.0036418841460376,0.987749779816304,0.9349362656929564,64163.09698629379,168.46400473749222,1.3033183959732366,188.52283084402677,383.1456024646759,0.9863081556987684,155421,19
Cervix_Uteri,60,-1,0.0036393099811596,0.9877821447768192,0.9346733970675828,64071.29258680344,135.9011313255445,1.300594930198066,135.44716364072826,474.9500019550324,0.9863063496250988,155353,19
Cervix_Uteri,70,-1,0.0036357129693102,0.9876165887026858,0.9341502609072472,64036.8842189312,126.72068706880556,1.299584901351068,122.64206789481054,509.3583698272705,0.9864002116692842,155210,19
Cervix_Uteri,80,-1,0.0036441889612131,0.9876942437127004,0.935102428696876,64017.35463786125,122.0414314208914,1.2996611433705751,123.5235700202654,528.8879508972168,0.9862141434668368,155472,19
Cervix_Uteri,90,-1,0.0036362039358565,0.9878685617868276,0.9349114919075736,64027.45253539085,124.41688534652954,1.2998720715093464,126.029660781774,518.7900533676147,0.9863577874749048,155329,19
Cervix_Uteri,100,-1,0.0036192212666414,0.9877787245723696,0.9348645178362548,63781.08739376068,84.357059862797,1.2952850667299247,87.44734685869086,765.1551949977875,0.9864103655654368,155446,19
Colon,1,-1,0.0127236326522666,0.9176315036634408,0.8382132076313402,564494.8855047226,288.5001818384073,23.987862364495797,459.5621614146524,1963.4592294692995,0.9920555025997948,56369,779
Colon,2,-1,0.0125428097680308,0.918729181162746,0.8368417527959462,564619.8715732098,308.1134697835805,23.99636791473715,548.7936552003296,1838.473160982132,0.9925234924670034,56232,779
Colon,3,-1,0.0123899939192038,0.9207372492968376,0.8441840180708071,564734.5317363739,328.60776978199857,23.989751316089944,476.778638360676,1723.8129978179932,0.9927296320823634,56619,779
Colon,4,-1,0.0123865098003901,0.9184083755991982,0.8420250440811691,564723.6519668102,326.5467841831149,23.990742222572056,486.3362303499306,1734.692767381668,0.9927747367204702,56350,779
Colon,5,-1,0.0123988635725897,0.9197185244575146,0.8407785433219256,564664.8200671673,315.8352684794262,23.99453001679334,526.6956725735503,1793.5246670246124,0.992756030122038,55768,779
Colon,6,-1,0.0124057507744841,0.9196355309890488,0.8383382371658095,564632.7713186741,310.2906406935824,23.98594515683196,443.3146118721114,1825.573415517807,0.9927275772351744,55988,779
Colon,7,-1,0.0122239379176326,0.9200059656267674,0.8413957355022805,564669.0092699528,316.5747038803968,23.9855180821738,439.8505677978738,1789.3354642391205,0.992950330909436,56172,779
Colon,8,-1,0.0121846050942468,0.9190800971340712,0.839560406720906,564548.9179167747,296.66407718125186,23.98258231708864,417.4287303812611,1909.4268174171448,0.9930236423888174,56188,779
Colon,9,-1,0.0121414176433088,0.9187776176185638,0.8421107364105002,564256.6088819504,257.2780672838202,23.978551456606105,390.1235720266936,2201.735852241516,0.9930537052976426,56685,779
Colon,10,-1,0.0121191002353263,0.919731480823443,0.8390076834681508,564462.7637991905,283.856362224568,23.97904688153006,393.2854883263205,1995.5809350013733,0.9930782400183744,55854,779
Colon,20,-1,0.0121382121370413,0.9194359107228782,0.8424745854199778,564435.451323986,280.0238222519848,23.97069233063909,345.99600978693456,2022.893410205841,0.993066683442788,56188,779
Colon,30,-1,0.0120100716689463,0.920879635252956,0.8421761378938863,564252.1590754986,256.75914558781767,23.96839997238425,334.94530739121865,2206.1856586933136,0.993204799016561,56286,779
Colon,40,-1,0.012025071633771,0.9199811591827574,0.8440075998982691,563653.6945664883,201.97112326418684,23.940529267203893,241.26029577404407,2804.6501677036285,0.9931993584994157,56416,779
Colon,50,-1,0.0119144992113623,0.9211644592833348,0.8435465567699935,563399.3264427185,185.176514410888,23.928425031529983,215.12773142521945,3059.0182914733887,0.993359034262315,56494,779
Colon,60,-1,0.0119228241709545,0.9210284542561548,0.8438395200599925,563168.6832866669,172.19350798556084,23.916859158406844,194.95049984967815,3289.6614475250244,0.9933110044053336,56263,779
Colon,70,-1,0.0119565162389798,0.9206116009074988,0.8433251549297875,562763.8053162098,153.32312925858088,23.910447925908688,185.31574637586385,3694.539417982101,0.993271643182232,56542,779
Colon,80,-1,0.0118725623840579,0.921059710713874,0.8426372410493342,562457.2605257034,141.57621165093883,23.88340491306442,153.34824992522627,4001.084208488464,0.9933728631922076,56356,779
Colon,90,-1,0.0118705999826448,0.9210253497964296,0.8448072060209777,561933.076593399,125.17674690431625,23.860051453561447,133.46609687227635,4525.268140792847,0.9933779534572708,56461,779
Colon,100,-1,0.011869079936084,0.9218267420518927,0.8444919882104759,561660.734957695,118.07095014463802,23.84928848625329,125.9406659981966,4797.609776496887,0.9933714624880102,56445,779
Esophagus,1,-1,0.0114482380603328,0.9337695358656998,0.8704213408455562,1032731.261382103,365.9255920495187,43.600938141387154,555.8582348291617,2829.97762799263,0.9909820352882808,121120,1445
Esophagus,2,-1,0.0113303996413095,0.9338324344265948,0.8705891608141547,1032720.0108292104,364.4766182374761,43.60009495624055,549.9570673963092,2841.228180885315,0.991551699310375,121731,1445
Esophagus,3,-1,0.0111200284359276,0.9346285049305764,0.872172002737062,1032655.7894990444,356.4203181198748,43.59356852207669,508.1971943244078,2905.449511051178,0.9919278661712873,121088,1445
Esophagus,4,-1,0.0110512916661094,0.93397967600164,0.8714301573147979,1032718.0433316232,364.22439962572025,43.59548497725541,519.7870640605262,2843.195678472519,0.9920161105394668,121673,1445
Esophagus,5,-1,0.0109326505216806,0.9345342085260114,0.8728136580582833,1032655.1702344418,356.3443672378689,43.59037559125476,489.9945218418925,2906.068775653839,0.9922758045996491,121061,1445
Esophagus,6,-1,0.010978996703831,0.9332728726749762,0.8712818383666986,1032719.0924515724,364.3588455720555,43.60047116176455,552.5744481970875,2842.146558523178,0.9921812472057848,120666,1445
Esophagus,7,-1,0.0108180216854536,0.9341365781996458,0.8721839096982394,1032439.6089234352,331.7373328234321,43.58518702626384,463.0430777717128,3121.630086660385,0.9925239026384493,121350,1445
Esophagus,8,-1,0.0109213064203167,0.934193732193732,0.8707187581152437,1032534.6974360944,342.1599253437669,43.58615129772373,467.8252646007604,3026.5415740013123,0.992373545691424,120706,1445
Esophagus,9,-1,0.0109701737581083,0.9343503737937048,0.8725183240030011,1032477.4084467888,335.8035461908314,43.57891878438262,434.1914345692858,3083.8305633068085,0.9922149237817008,120945,1445
Esophagus,10,-1,0.0108285533900215,0.9348215159807284,0.8707002922394198,1032463.2865202428,334.27279546797223,43.59016043313443,488.8147028451486,3097.9524898529053,0.9924596525368612,120666,1445
Esophagus,20,-1,0.010797138076258,0.9346709541887313,0.8723593803538259,1032214.179075718,309.3942920991168,43.55808797415282,359.70800362358216,3347.0599343776703,0.9925510634052648,120933,1445
Esophagus,30,-1,0.0107417720037072,0.93464974141984,0.8726183602771362,1031899.2690541744,282.7880216045079,43.53809740168241,308.8614827137644,3661.969955921173,0.9926159134155766,120910,1445
Esophagus,40,-1,0.0106590284228967,0.9348450103737888,0.8731344092431419,1030617.0345292093,209.44951670454117,43.50170333558351,245.64568422521472,4944.204480886459,0.9927337227206804,120837,1445
Esophagus,50,-1,0.0106817724559238,0.9347891786682988,0.8729103493975036,1030164.9663639067,191.90306104001044,43.47565918109687,214.2630848562033,5396.272646188736,0.9927058054243948,121194,1445
Esophagus,60,-1,0.010610368140782,0.9354437139962865,0.8741865118710678,1030105.1490867138,189.7991516914428,43.480358012470376,219.31823564685436,5456.089923381805,0.992806350540851,121230,1445
Esophagus,70,-1,0.0105591049358161,0.935707374599898,0.872378700102022,1028639.6330058576,149.6128555101254,43.40790683374269,160.8160839723381,6921.606004238129,0.9928750231736774,120995,1445
Esophagus,80,-1,0.010534793697931,0.9358152329820602,0.8737710882871069,1028366.3187520504,143.92949495891278,43.39501392417976,153.52837165398472,7194.9202580451965,0.992912195132856,121272,1445
Esophagus,90,-1,0.010556523553789,0.935469111895812,0.8743830749237731,1028019.4048125744,137.30893730738018,43.36415474073672,138.50520994902678,7541.83419752121,0.9928889615102432,121447,1445
Esophagus,100,-1,0.0105049811973267,0.935472175875572,0.8740005772838794,1026928.9838097095,119.96415941963622,43.35771711784829,135.7344188222296,8632.255200386047,0.992945413244311,121119,1445
Fallopian_Tube,1,-1,0.0029433482685244,0.9962222879431278,0.9410831475204394,54978.6322414875,233.44616897536585,1.223708904146274,258.7530828884828,236.5219976902008,0.7990291994878419,141178,9
Fallopian_Tube,2,-1,0.0027845375797231,0.996252589957388,0.9453686787550056,55019.46457958221,282.15672894169813,1.2244553290398832,307.02382044585147,195.6896595954895,0.8255055098609282,141525,9
Fallopian_Tube,3,-1,0.0027241677062131,0.9961620969363814,0.9464704083038936,54856.48663687706,153.94519573277492,1.221527165255768,177.283327023507,358.6676023006439,0.8472422554652798,140787,9
Fallopian_Tube,4,-1,0.0027290781214175,0.9961637471311864,0.9458820050273548,55048.64211702347,331.59840571867403,1.2249509553441476,350.4318652607571,166.51212215423584,0.8486194799484059,140734,9
Fallopian_Tube,5,-1,0.0027067016859542,0.9962405805035276,0.9459676579038476,55090.62350344658,443.3857546493029,1.2256907297698685,444.163443776325,124.53073573112488,0.8531689396505969,140716,9
Fallopian_Tube,6,-1,0.0027110861829574,0.99611492666959,0.946780556320943,54938.64416003227,199.6858646521058,1.2229506237450944,223.11712163458333,276.5100791454315,0.8511574511191607,140880,9
Fallopian_Tube,7,-1,0.0027499543060122,0.9961204476707324,0.945917770259818,54887.41086530685,168.4706957979134,1.2222298549977566,197.2900985314433,327.7433738708496,0.8434127198489234,140640,9
Fallopian_Tube,8,-1,0.0026640469518511,0.9963644080574992,0.9468543754017642,54959.69133329392,216.1376582175702,1.223284988599409,237.54277744251155,255.46290588378903,0.8562393101852444,140668,9
Fallopian_Tube,9,-1,0.0027185099335651,0.9960388245442136,0.9472635811504232,54953.43250536919,210.96893038151188,1.2232761624205697,237.13805617715013,261.72173380851746,0.8490521461221018,140761,9
Fallopian_Tube,10,-1,0.0026533735803585,0.996226457255062,0.947806598376654,54674.89812684059,102.2018131369594,1.2184486919618975,122.74973868133306,540.2561123371124,0.8570519563476413,140827,9
Fallopian_Tube,20,-1,0.002609395746781,0.9960242459487568,0.9494415626108847,54844.70002937317,149.04717716208765,1.2212182696733889,169.7176663702572,370.4542098045349,0.8688011393023974,140477,9
Fallopian_Tube,30,-1,0.0025424435917852,0.9962097071747223,0.950246380492761,54974.564435482025,229.49914498047133,1.2236997957726794,258.25761020958174,240.5898036956787,0.8825082929425972,140292,9
Fallopian_Tube,40,-1,0.0025600314036276,0.9962445226796716,0.9499685485670998,54894.82260537148,172.36872169976763,1.2215722427935374,178.44416241364624,320.33163380622864,0.8775441086961807,140450,9
Fallopian_Tube,50,-1,0.0025558129860563,0.9963351941564376,0.9492864329097888,54725.33201479912,112.7248856648482,1.2190175108545245,130.1469639693092,489.8222243785858,0.8783749830887224,140118,9
Fallopian_Tube,60,-1,0.0025275628746835,0.996523508238503,0.9500870142269954,54875.95509982109,162.78093848913892,1.2212323140579169,170.04761058098077,339.1991393566132,0.8797245032987401,140306,9
Fallopian_Tube,70,-1,0.0025280555769982,0.9962848764560684,0.9506070079987008,54665.667251586914,100.48491681534988,1.217422801193534,111.3367245749428,549.4869875907898,0.8793421997212895,140475,9
Fallopian_Tube,80,-1,0.0025752553515553,0.9964306378173504,0.9493153145215674,54735.72537326813,115.16860615896178,1.2183255362707264,121.2575488960472,479.4288659095764,0.8748636401266803,140071,9
Fallopian_Tube,90,-1,0.0025495683994154,0.9964643175573884,0.949430958689936,54666.7470870018,100.68277559857071,1.2184008098175168,122.16524200870433,548.4071521759033,0.8763216807770294,140277,9
Fallopian_Tube,100,-1,0.0025067475858804,0.9965356514736764,0.950373006708364,54634.89513707161,95.15603294936712,1.2161452415743663,99.78313402084224,580.2591021060944,0.8837437642471586,140324,9
Heart,1,-1,0.0122062834299033,0.929660537325358,0.8405982149629592,593638.5745811462,330.1416074915303,25.79379241776724,512.2017962165302,1803.59626698494,0.9928914178249164,66493,861
Heart,2,-1,0.0118755401729489,0.93026907073509,0.8408622542512169,593699.4425036907,341.67239704780866,25.79610668138893,536.8237030057207,1742.7283444404602,0.993606202240996,66508,861
Heart,3,-1,0.0116181719789175,0.9322805488395592,0.8428478168554352,593865.3079512119,377.6118849720282,25.802949730325075,625.7710192780429,1576.8628969192505,0.993849251496404,66491,861
Heart,4,-1,0.0116800904259527,0.9321313775899316,0.8390514982160336,593790.6959798336,360.5517602952946,25.794856807897578,523.2394947230832,1651.474868297577,0.9938746756062178,66434,861
Heart,5,-1,0.0116650818789866,0.9305926780307652,0.8427424210733142,593594.5213296413,322.2700868803361,25.79742157690109,551.8973131930725,1847.6495184898376,0.9938692469097336,66481,861
Heart,6,-1,0.0116167404021331,0.9317245340503284,0.8424299710048666,593714.9649991989,344.74302597818604,25.79147619721613,489.72129100290914,1727.2058489322662,0.993927740833103,65953,861
Heart,7,-1,0.0115393847354189,0.931936795682959,0.8445115594336225,593692.3072369099,340.2791892063768,25.797670551367244,554.8473175264297,1749.8636112213137,0.9940156485440336,66830,861
Heart,8,-1,0.011519384177164,0.9314071499903468,0.8473105915420979,593634.5350589752,329.4038403201572,25.789493308872437,471.98701867387655,1807.63578915596,0.9940549831802964,66319,861
Heart,9,-1,0.011502481867198,0.932157861729464,0.8429145530845074,593587.7064552307,321.0857933577428,25.78594510284844,443.26354426327833,1854.464392900467,0.9940570453904772,66385,861
Heart,10,-1,0.0115286128954284,0.932751343586558,0.8448323228193022,593580.1386420727,319.7808120132071,25.78541643471265,439.2804271455558,1862.0322060585024,0.9940512347204714,66117,861
Heart,20,-1,0.0113488624737139,0.9323930468090902,0.845984633532056,593332.6775934696,282.267871457907,25.7741702085314,368.7854030783994,2109.49325466156,0.9942413778713662,66340,861
Heart,30,-1,0.0113149928275827,0.9322388598232004,0.8476683411985589,593208.4598567486,266.5708201039789,25.76261117912474,316.5697640283876,2233.710991382599,0.9942843782007784,66820,861
Heart,40,-1,0.0112484915341118,0.932701958677445,0.8467920107474166,592554.8711941242,206.22804772680385,25.740818537850693,249.86937018825844,2887.299654006958,0.9943500767397556,66499,861
Heart,50,-1,0.0112388931669152,0.9328193266512464,0.8467182031264887,592186.0810191631,182.87031443381417,25.72401627979756,214.95084429312644,3256.089828968048,0.994366776051565,66649,861
Heart,60,-1,0.0112250170762175,0.9323411197112214,0.847155839355587,592083.4410862923,177.2819527231405,25.709793547061786,192.2133863837896,3358.729761838913,0.9943759384325472,66467,861
Heart,70,-1,0.011237379056878,0.932440095331713,0.8463813843423388,591480.1714849472,150.28830554117428,25.69455687094869,172.64868537612344,3961.999363183975,0.9943656568413384,66526,861
Heart,80,-1,0.0112165551669015,0.9328361420660184,0.8475042153151147,591357.4900364876,145.77446765259884,25.695487696322388,173.72897403713404,4084.680811643601,0.9943773426675064,66599,861
Heart,90,-1,0.0111637278827095,0.933230020662534,0.8463119317422647,590922.7750487328,131.7526052768803,25.66410821934104,143.46649408766993,4519.395799398422,0.9944362583087965,66507,861
Heart,100,-1,0.0111682962233008,0.9337280125616744,0.8483446066215735,590149.8597671986,112.51080326578264,25.63248708069756,122.04356086660673,5292.311080932617,0.9944337306947024,66724,861
Kidney,1,-1,0.0099176526506572,0.9659779765354553,0.9025816573955212,44010.72810268402,82.37546350260615,1.9061198660232168,175.4502670864095,540.8353600502014,0.9944294137996784,117068,89
Kidney,2,-1,0.0101258014118736,0.966441608210433,0.90704269121703,44131.14221167565,105.96886658454552,1.907897248413169,209.5349048735388,420.4212510585785,0.9944088844820116,116750,89
Kidney,3,-1,0.009878089065301,0.9655633829299172,0.9067598064715476,44107.84681534767,100.40543604829506,1.9063669066508964,179.5088620006162,443.7166473865509,0.994638803118317,115917,89
Kidney,4,-1,0.0095565860055392,0.965844298159665,0.9069966299481916,43898.29647445679,68.1980939833036,1.904403558656821,151.63213272213562,653.2669882774353,0.995040806695126,117208,89
Kidney,5,-1,0.0097112445750389,0.9657667879076604,0.9094813500770272,44158.32935881615,113.29526869321556,1.9073652589774408,198.02061422272743,393.2341039180756,0.99489130576148,116892,89
Kidney,6,-1,0.009540778516609,0.9664998895290804,0.905938441469702,44063.66551399231,91.3132829879984,1.905653319139228,168.26551411042243,487.8979487419128,0.9951056423051464,116674,89
Kidney,7,-1,0.0095318530166157,0.9658036257757642,0.9099680212151938,44063.8403980732,91.34602542059017,1.905501910216479,166.0586505283825,487.723064661026,0.9950429528970424,116667,89
Kidney,8,-1,0.0094518218558312,0.9652981703185,0.9111110249019478,43913.40921664238,69.81315839481603,1.903425672033167,140.74577704611752,638.1542460918427,0.9952171531471984,117429,89
Kidney,9,-1,0.0095403433452095,0.9658203477434024,0.9070578979755572,44021.74468207359,84.08830545263613,1.9064673913122745,181.2139416512988,529.8187806606293,0.9950972997621652,116449,89
Kidney,10,-1,0.0094452651238683,0.9648710620606528,0.90455091823596,44122.99208164215,103.95365959623666,1.9065165898117973,182.0606365022853,428.57138109207153,0.9952289410937522,116266,89
Kidney,20,-1,0.0094357878085951,0.9652826375529956,0.9094120438992698,43902.85437011719,68.67726068553075,1.902724184072433,133.85214154813102,648.7090926170349,0.9952187143587372,116879,89
Kidney,30,-1,0.0092962772414716,0.965366831048566,0.9077440292271516,43965.57316637039,76.02781776282687,1.9043626543169012,151.14312420364254,585.9902963638306,0.9953998643330002,116779,89
Kidney,40,-1,0.009393292424171,0.9662011992465106,0.9071005064838498,44035.07909536362,86.25926799981163,1.9046786721375928,155.0051347112067,516.4843673706055,0.995282013763324,116503,89
Kidney,50,-1,0.0092925255705144,0.9663413525229484,0.9090449053313404,43894.86406946182,67.84163944591033,1.9031426304362813,137.88056938056883,656.6993932723999,0.995373555837554,116765,89
Kidney,60,-1,0.0092892034630778,0.965950493137826,0.9094355485322394,43939.28343558312,72.76337866193226,1.901682528043012,124.7770353457667,612.2800271511078,0.9953797058079972,116827,89
Kidney,70,-1,0.0092714051771524,0.9659871626591142,0.9087408787455364,43850.29286360741,63.52977512276633,1.898531548997506,103.5415481447034,701.2705991268158,0.9953977403581212,117064,89
Kidney,80,-1,0.0091836934654815,0.9659058270697344,0.9091863149793604,44018.69253063202,83.60666866735627,1.9005047055088204,115.89245190778348,532.8709321022034,0.995494927402321,116955,89
Kidney,90,-1,0.0092518247073254,0.9662705350520816,0.9096803787872898,44014.37602877617,82.9348578288096,1.899834024593332,111.37667233089624,537.1874339580536,0.995408669357025,117004,89
Kidney,100,-1,0.0092550537239729,0.9658893317849409,0.9089728485498878,43874.28818964958,65.78058469464678,1.89645646025359,93.10640773567395,677.2752730846405,0.9954256176072956,116888,89
Liver,1,-1,0.0111507690611258,0.9241910363747046,0.8195085428840496,112259.3575155735,125.57142761290164,4.879674050926326,223.4964157761148,901.1645741462708,0.9889542431418163,70052,226
Liver,2,-1,0.0109565107403136,0.9240397880896036,0.8287756222110865,112344.17441558838,138.61804924001814,4.880573160831055,233.05063675470663,816.3476741313934,0.9895285109152342,69463,226
Liver,3,-1,0.0110266427525834,0.9206863444123145,0.8301298887350175,112335.47699403764,137.15677201396983,4.8799832739122415,226.69267103138608,825.0450956821442,0.9893811271613852,69535,226
Liver,4,-1,0.0109647032965854,0.9219853821620728,0.8296123468106255,112431.31497597694,155.18296510972934,4.882291134637486,253.7799951299565,729.2071137428284,0.9895240442355936,69692,226
Liver,5,-1,0.0109277346932001,0.9217062071531305,0.8268266475644699,112456.267765522,160.6813308794707,4.883252557313947,267.0742953015855,704.2543241977692,0.9895674062406148,69255,226
Liver,6,-1,0.0107846108823909,0.9228989767036796,0.8290529647278589,112490.8960928917,168.99063451201818,4.884159862197383,280.96415636806495,669.6259968280792,0.9898883326720028,69679,226
Liver,7,-1,0.0108070429752049,0.921861939239149,0.826057635568829,112361.1887061596,141.56861757194466,4.880651762714773,233.92485781682817,799.3333835601807,0.9898239418725376,68595,226
Liver,8,-1,0.0108141860596188,0.9232878938707516,0.8253236284318839,112083.16631221773,105.03542511471184,4.876649768478604,196.41183005664408,1077.35577750206,0.9898390613522396,69621,226
Liver,9,-1,0.0108186480330467,0.922847070559242,0.827783347655877,112182.55198955536,115.70959282977624,4.877284807429918,201.54034526899648,977.9701001644136,0.9898158875606898,69355,226
Liver,10,-1,0.0108581048370157,0.9228122038693648,0.8259271434121268,112168.80706572533,114.1058866224795,4.877587248105541,204.07816270453137,991.7150239944458,0.9897123377611792,69095,226
Liver,20,-1,0.0108355465915976,0.9231393235716648,0.8247168210380162,112165.88237929344,113.7703641866621,4.875852740215927,190.33303936194125,994.6397104263306,0.9898018475124682,69496,226
Liver,30,-1,0.0107598034882107,0.9228405633917458,0.8268494878982104,112118.06531572342,108.55176436324412,4.873652607083275,175.3522044757911,1042.4567739963531,0.9899642284971144,69469,226
Liver,40,-1,0.010769523619984,0.923331101803016,0.8257931248582107,111915.0560541153,90.8579751312112,4.868660391052316,148.78087147619647,1245.466035604477,0.989942847224026,69161,226
Liver,50,-1,0.0107909499280287,0.9219834628681812,0.8271925582283998,112130.62283849716,109.87533193696864,4.871209607487726,161.25868731483365,1029.8992512226105,0.9898861650293704,69272,226
Liver,60,-1,0.0107178147965694,0.923133264685836,0.8273422071607133,111955.45152139664,93.90364769026222,4.869641323460334,153.3467288455533,1205.0705683231354,0.9900339815639312,69335,226
Liver,70,-1,0.010739156675634,0.922548223017542,0.826875849407501,111987.1807873249,96.44297175830398,4.8640504862055,130.5179243704896,1173.341302394867,0.9900064820698298,69360,226
Liver,80,-1,0.0107251880972141,0.923048063742967,0.828039900368256,111946.51978135107,93.21277341043888,4.860314435244961,118.70855734344664,1214.0023083686829,0.9900522294855656,69480,226
Liver,90,-1,0.0107190876125319,0.9229687204949,0.8277376694025009,112057.13737487792,102.55763068635586,4.859585289130234,116.64869536095333,1103.3847148418429,0.990029754015175,69537,226
Liver,100,-1,0.0107024487221816,0.9230551744962572,0.8273187868938652,111945.55556750298,93.13879849401116,4.860958358975931,120.58911304636494,1214.9665222167969,0.990079048909202,69235,226
Lung,1,-1,0.0132110991704783,0.8957814469036062,0.8188188420065092,409001.53603982925,231.5755805886797,17.58315824108763,442.30201189079855,1773.8284990787506,0.990384774704615,35348,578
Lung,2,-1,0.0130910234977931,0.8919441891972415,0.816279783691879,409073.96502923965,241.43380916982835,17.577442574977013,386.8130062763981,1701.3995096683502,0.9908522232845332,34567,578
Lung,3,-1,0.0128092813512277,0.8935264613509586,0.8199883653286795,409082.6345808506,242.67034596015452,17.577460837169774,386.96811966521886,1692.7299580574036,0.991186323019918,35239,578
Lung,4,-1,0.0128365905340167,0.8941119472380461,0.8244049016385746,409029.1208937168,235.23370617273343,17.581239356788373,421.9794205753335,1746.2436451911926,0.9912027666876778,35118,578
Lung,5,-1,0.0126013359710212,0.8928091766039177,0.82460643996671,409364.6027629376,291.17273485549094,17.582668890137185,436.9356868291112,1410.761775970459,0.9915856749782904,35174,578
Lung,6,-1,0.012842743029216,0.8944229973261485,0.8214458599478139,409216.6419253349,263.53333233376514,17.578477710440954,395.8059247244436,1558.7226135730743,0.9911615965324588,34787,578
Lung,7,-1,0.0126861425354756,0.8950106025285733,0.8166404802663978,408499.4286649227,180.4863525524634,17.573827525388282,358.3765775606845,2275.9358739852905,0.9914346652500576,34824,578
Lung,8,-1,0.0126269040756325,0.8943358033729573,0.8232194280251361,409116.37230086327,247.6053565042843,17.57588461557333,374.02286146005326,1658.9922380447388,0.9915315117232744,35305,578
Lung,9,-1,0.012818198736963,0.8952339247593504,0.8173715463627739,409252.9397714138,269.8165277585531,17.578877516452707,399.3922639592663,1522.4247674942017,0.9912741175370612,34894,578
Lung,10,-1,0.01273499357959,0.8942008504291314,0.822515593490597,408930.8337469101,222.6991093458382,17.578380965497608,394.9477606509908,1844.530791997909,0.9914026321335604,35077,578
Lung,20,-1,0.0125287478075208,0.8945286812092517,0.8183630393996247,408974.8207340241,228.13961172434904,17.57014915828119,333.43488983633927,1800.543804883957,0.9916891165349376,34895,578
Lung,30,-1,0.0125959309318307,0.8950328095793022,0.8159021837340562,408805.6134076119,208.54175840407052,17.559119194831574,275.8642950533936,1969.7511312961576,0.9915793538398988,34766,578
Lung,40,-1,0.0125314815125864,0.8940279462992681,0.820050689946494,408570.3204097748,186.28895409017449,17.548898379326722,237.81546981189692,2205.0441291332245,0.9916847785595274,34944,578
Lung,50,-1,0.0125399258081004,0.8944789663706599,0.8235640370601462,407867.94457125664,141.28518380876878,17.527051957601376,183.6683994173412,2907.419967651367,0.9916878671964388,34978,578
Lung,60,-1,0.0125714108580813,0.8947718112812542,0.8195819969689494,408177.9727108479,158.14917106507326,17.52521571788904,180.2194596632997,2597.39182806015,0.9916204998276278,34881,578
Lung,70,-1,0.0125265780950051,0.8948631178826474,0.8205948418811962,408006.7974359989,148.3711065219562,17.517411323891086,166.89912781236973,2768.567102909088,0.9916706014619988,34888,578
Lung,80,-1,0.0125223882938797,0.895696258835285,0.8193664160636164,407805.61377215385,138.31981092065624,17.51739584742056,166.87466893513647,2969.7507667541504,0.9916884516293126,34930,578
Lung,90,-1,0.0125349348057937,0.8949854918596257,0.8201005970008931,407611.90861463547,129.85019370338443,17.508911098956567,154.46448713231044,3163.455924272537,0.991686893241196,34892,578
Lung,100,-1,0.0124973095357455,0.8953889961798165,0.8214432408961284,407128.4365355969,112.63599505280952,17.484382922889555,127.13253162959488,3646.928003311157,0.9917181455752456,34998,578
Muscle,1,-1,0.0132189633038503,0.9041998259139518,0.8319877183734243,531423.5398859978,274.6347699919405,22.777222506149734,498.5412733126864,1942.090692281723,0.9899326142196524,44981,803
Muscle,2,-1,0.0128921885546909,0.90673200188395,0.8313161111264279,531457.7554574013,279.56003238449085,22.76988155503626,429.6457229652277,1907.87512087822,0.9907028331212866,45229,803
Muscle,3,-1,0.0128824662804992,0.905926333355086,0.8310913470446545,531636.9177312851,308.533387430774,22.774444442059785,470.0188831845712,1728.7128469944,0.990742907470084,44854,803
Muscle,4,-1,0.012997176077264,0.9049865113989164,0.8368360009278589,531640.5467288494,309.1824381490137,22.77285923096124,455.15974947884985,1725.0838494300842,0.9906291562334488,45095,803
Muscle,5,-1,0.0128218248534966,0.9056648318194808,0.8313143829409481,531657.2712683678,312.20928026308405,22.780026565030084,531.0700146168824,1708.359309911728,0.990856305025468,44950,803
Muscle,6,-1,0.0127422492789271,0.905883812536832,0.8314671260407694,531631.7899856567,307.62091558340126,22.77301640916293,456.5909837500531,1733.840592622757,0.9910082153304972,44888,803
Muscle,7,-1,0.0126251722492552,0.906581117271372,0.8337779926189657,531571.6473636627,297.3080384657976,22.7705594169081,435.1992263950444,1793.9832146167755,0.991185054401793,44846,803
Muscle,8,-1,0.0127967810966842,0.9058269818083178,0.8358122662886877,531628.4983484745,307.0380143935008,22.77617166998194,487.3544117748052,1737.132229804993,0.9909423477170038,44815,803
Muscle,9,-1,0.0127263596333856,0.9062937106409962,0.835919099779431,531553.4635021687,294.32475493537584,22.76679035409711,406.018597548041,1812.16707611084,0.9910209627150124,44720,803
Muscle,10,-1,0.0126913328284369,0.9067792791742992,0.832255780589145,531337.2277061939,262.9485680178916,22.76389885231595,386.1549836308381,2028.4028720855715,0.9910844436852208,44668,803
Muscle,20,-1,0.0126030527411982,0.9073053533951266,0.8319977688946733,531201.7081820965,246.4809419779073,22.754708535173343,334.189789955319,2163.922396183014,0.9912113459251768,44749,803
Muscle,30,-1,0.0127012635191103,0.906653178740954,0.8318635112004168,531238.2070310116,250.7096582921816,22.74397476660682,288.79894771265987,2127.423547267914,0.9910806010857744,44711,803
Muscle,40,-1,0.0125671963238037,0.9070582594622943,0.8343287457803168,530638.5210080147,195.57909824887852,22.722100113029693,226.18988519022096,2727.1095702648163,0.9912798162648748,44982,803
Muscle,50,-1,0.0125427295124545,0.9074844010241876,0.8337309427069743,530402.1155259609,179.97736510937875,22.71368597117128,208.779880618638,2963.515052318573,0.9913191852311516,44733,803
Muscle,60,-1,0.0125176080639229,0.9072960932625234,0.8338342238052835,530307.8347623348,174.42813800616776,22.712308271048705,206.18139660455472,3057.795815944672,0.99133347402782,44947,803
Muscle,70,-1,0.012554769026621,0.9074119288183616,0.8352883175353246,529620.2572348118,142.40653245116937,22.689566208714357,171.04099186306303,3745.373343467712,0.9912688949359298,44898,803
Muscle,80,-1,0.0125141734143509,0.9072938042881302,0.8330119337078338,529379.5383379459,133.80664531075865,22.67029619286688,149.45726054285666,3986.092240333557,0.9913365578300968,44709,803
Muscle,90,-1,0.0124839489710235,0.9075222532547912,0.8347394818536922,529154.9559657574,126.66987588927044,22.667558684000564,146.82517315519252,4210.674612522125,0.991384135008514,44770,803
Muscle,100,-1,0.0125397704713205,0.9080022824128277,0.8350046088098098,528541.8572163582,110.5702093694219,22.63427230555265,120.92953187792772,4823.77336192131,0.9912962517780142,44841,803
Nerve,1,-1,0.0133604204866056,0.8982590402596045,0.8111673311382978,452165.3748779297,234.44987130889615,19.401466913961432,372.9434534226327,1936.884232759476,0.9910656573097152,38556,619
Nerve,2,-1,0.01310190145125,0.8962851175521818,0.8111655675406747,452249.5321891308,245.0994012267772,19.4104518644516,450.55057766607774,1852.72692155838,0.9915317010466408,38315,619
Nerve,3,-1,0.0130839760154048,0.8977970396779528,0.8122053235985909,452092.1905186176,225.9138125444273,19.399675025798253,360.5575456732437,2010.0685920715327,0.9915868645682664,38157,619
Nerve,4,-1,0.0129766746728737,0.899851992338766,0.8167525937241423,452031.42296504974,219.2844953314616,19.40022061511356,364.2407716624047,2070.83614563942,0.9917251242167332,38496,619
Nerve,5,-1,0.0132122946127495,0.8964903251334353,0.8117170694672909,452198.28298830986,238.50207666639247,19.40236487547117,379.4760286546327,1903.976122379303,0.9913718819486472,38490,619
Nerve,6,-1,0.0131392021911083,0.8976192488821201,0.8142027222583419,451892.9382414818,205.53929736498768,19.394710587110584,330.1772978171901,2209.320869207382,0.991559774422604,38822,619
Nerve,7,-1,0.0131068896237946,0.8987888101162177,0.8078974786413836,452247.53775429726,244.83583884216424,19.408196218499995,428.1818098655517,1854.7213563919067,0.9915962881056564,38771,619
Nerve,8,-1,0.0131217115734301,0.8948966144319692,0.8089050237574075,451225.8275985718,157.87000566421185,19.3916197612802,313.71982776599566,2876.431512117386,0.991542494726952,37879,619
Nerve,9,-1,0.0131617876939049,0.8975741780847446,0.8087918584519235,452154.8619158268,233.18420110119516,19.39685760180588,342.66406911036086,1947.3971948623655,0.9915029926624996,38306,619
Nerve,10,-1,0.012989313140968,0.8976041006738467,0.8161458719385,452034.95473361015,219.6591194530876,19.39615405791601,338.46958287845416,2067.30437707901,0.9917981163906908,38538,619
Nerve,20,-1,0.0128701584503181,0.8993579292134993,0.812838744440101,451905.8680348396,206.7492734348544,19.38745564083431,293.97833708025684,2196.391075849533,0.9918821859798872,38468,619
Nerve,30,-1,0.0129682577541947,0.8974181448124675,0.8100556894863724,451863.0872983933,202.79920308798444,19.38064798702697,266.5562202791099,2239.1718122959137,0.9917821345112264,38474,619
Nerve,40,-1,0.0129558127915674,0.8992267039154415,0.8110573833528228,451679.2483522892,187.4123990314248,19.369864178910145,232.24014370450425,2423.0107583999634,0.9917919942050808,38494,619
Nerve,50,-1,0.0130538984362345,0.8987622411763017,0.8081700832020636,451586.4474041462,180.4993028411816,19.369891812590545,232.3167837885277,2515.8117065429688,0.99164768987628,38222,619
Nerve,60,-1,0.0130321290712015,0.8987959020947216,0.8120467065104111,451330.858281374,163.85297078189086,19.349434041399448,186.7035516942127,2771.400829315185,0.9916663106728272,38180,619
Nerve,70,-1,0.0129059632221768,0.8983607501529822,0.8116695734897733,450332.2752733231,120.45204401405267,19.325389428990192,151.69717137120256,3769.983837366104,0.9918429805204304,38394,619
Nerve,80,-1,0.0129304134916277,0.8985636813911003,0.811466652562543,450656.2348558903,131.77570020823626,19.334495533213303,163.29228845924152,3446.024254798889,0.9918029742070804,38356,619
Nerve,90,-1,0.0129049598394172,0.8980178664296385,0.8152515640051233,450576.60565185547,128.79945928120478,19.31079428171724,136.1964754475788,3525.6534588336945,0.9918429619778616,38508,619
Nerve,100,-1,0.0129244444171058,0.8984342632233117,0.8119931756429429,450074.9491431713,112.75572597422033,19.313549677047963,138.8754880006572,4027.309967517853,0.9918228832208936,38551,619
Ovary,1,-1,0.0103071500378992,0.920694898198921,0.7803623744915664,104081.89948391914,137.77705929695907,4.544976405401463,280.5682224920796,760.960207939148,0.9883416547094608,68588,180
Ovary,2,-1,0.0100836796669958,0.9219504916728244,0.7835995037051371,103955.1491792202,118.10478551198746,4.540378311023148,218.7094162390364,887.710512638092,0.9890320863542772,68840,180
Ovary,3,-1,0.0101484716583215,0.9218017257134138,0.7848620024750338,104156.83163738252,152.82590705706932,4.543633764543474,259.1643983909487,686.0280544757843,0.9888857834353958,68179,180
Ovary,4,-1,0.0101730192761911,0.9220255723634042,0.7840729816859867,104231.69128227234,171.5449588811143,4.5470020195455145,320.5023406512173,611.1684095859528,0.988813836069704,68586,180
Ovary,5,-1,0.0100574144694278,0.9218404195438646,0.7883620615580265,104155.76473617554,152.58860340151637,4.543917891968406,263.4169531122768,687.0949556827545,0.9891736631554552,68811,180
Ovary,6,-1,0.0099197165467361,0.9219707383608794,0.7848227544017566,104100.19432759284,141.17106403037477,4.542820604787314,247.71906765153145,742.6653642654419,0.9895189150273672,68444,180
Ovary,7,-1,0.0098956153436808,0.921682479724475,0.7898649813272048,103935.36489796638,115.52998474209022,4.53944350804827,209.32667304835917,907.4947938919069,0.9896105969930364,68738,180
Ovary,8,-1,0.0100114529721401,0.9226261580231432,0.7886288318144159,103813.32042360306,101.83473610437036,4.536888983751283,187.36158937158265,1029.5392682552338,0.9892253767899376,68535,180
Ovary,9,-1,0.0100866647737396,0.9217309784228076,0.787604241737877,103942.85178279877,116.49104261918684,4.54202503136899,237.45909505767156,900.0079090595245,0.9890984536922844,68850,180
Ovary,10,-1,0.0100379717790554,0.922458173601316,0.790571055225694,103823.4013402462,102.84172916536322,4.537816087784387,194.77929355943064,1019.4583516120912,0.9892421897405128,68971,180
Ovary,20,-1,0.00991711861,0.9221627263360126,0.7875690066499936,103913.01273536682,112.75281266441402,4.537535910387124,192.47641469053025,929.8469564914705,0.9895381088452836,68335,180
Ovary,30,-1,0.0099929898998409,0.9226564533191456,0.7895091324200914,103791.1770761013,99.6905892719294,4.537572886797654,192.7772131858732,1051.6826157569883,0.98930325878196,69161,180
Ovary,40,-1,0.0099451195764616,0.9228897049084732,0.7902831237704216,103808.29771590231,101.34033738769556,4.5331857772637685,162.62382969404558,1034.5619759559631,0.9894454382338912,69294,180
Ovary,50,-1,0.0099069877480809,0.9225090414265766,0.7902842790272863,103782.57279872894,98.88159551083696,4.531694617367236,154.41438382378283,1060.2868931293488,0.9895481733639128,69221,180
Ovary,60,-1,0.0099422805029691,0.9223403062831276,0.7891758917589176,103812.29758954048,101.73366501257809,4.531009413180531,150.91369029938787,1030.56210231781,0.9894086265689112,68972,180
Ovary,70,-1,0.0099042853533964,0.9223564551830812,0.78873174973683,103940.4169178009,116.1767401831854,4.530416933842017,148.01222665989425,902.4427740573884,0.9895516509628322,68932,180
Ovary,80,-1,0.0099268300810518,0.922421671366444,0.7912693051850664,103913.2328760624,112.77951314484967,4.531566207520795,153.74602809368068,929.6268157958984,0.9894579849806352,69115,180
Ovary,90,-1,0.0099260557410364,0.922858678320964,0.7900723178322958,103805.6440050602,101.08105867113343,4.527944624387606,137.01961569443512,1037.2156867980957,0.9894716797195277,69046,180
Ovary,100,-1,0.009930671639034,0.9226943266850656,0.7897677557346204,103777.1845407486,98.38163119660304,4.522547885533766,117.90505712746362,1065.6751511096954,0.9894675399108044,69049,180
Pancreas,1,-1,0.0122391405367101,0.9254777674276836,0.807856361799985,196119.0202407837,184.7093271314429,8.623324622046793,322.39101108013944,1067.5506970882416,0.9922642952475396,48391,328
Pancreas,2,-1,0.0119849473890058,0.9253637329249316,0.8065408762968475,196104.83628869057,182.28737619442865,8.625522798985726,351.16015003723487,1081.734649181366,0.9926617955743972,48238,328
Pancreas,3,-1,0.0115998655693393,0.9241971695932202,0.809129260884239,196265.77809762955,214.14867961610705,8.62796756883216,389.8519549155164,920.792840242386,0.9931503776387646,47949,328
Pancreas,4,-1,0.0117854585135491,0.9253995732517412,0.8104788779850903,196315.85192608836,226.4640696588796,8.626746558173549,369.5176014728491,870.7190117835999,0.9928955315066094,48108,328
Pancreas,5,-1,0.0117002739312748,0.9241742626846778,0.8109566335160002,196260.7013707161,212.97445982980716,8.62555467866026,351.61520391226475,925.869567155838,0.993039864253552,47947,328
Pancreas,6,-1,0.0116362795364076,0.925111263001302,0.8163793175844202,196171.99173426628,194.35305813198465,8.623203217830925,320.9388491409361,1014.579203605652,0.9930703698943184,48606,328
Pancreas,7,-1,0.0117186648967075,0.923863583636223,0.8086906396758388,196050.7156085968,173.60183630402165,8.6247134626533,339.98956504783933,1135.8553292751312,0.993038455548924,47699,328
Pancreas,8,-1,0.0116868369915182,0.9252838066532432,0.8082149293767551,195962.4826145172,161.0885155717072,8.619097190780389,278.51002502532145,1224.088323354721,0.9930357407087254,48208,328
Pancreas,9,-1,0.011644386299015,0.9232621312230742,0.8091286658038758,195570.7748374939,122.0367909612714,8.615989049165218,253.17408905185383,1615.7961003780365,0.9930801224325456,47828,328
Pancreas,10,-1,0.0116876836935538,0.9229384528305388,0.8085572491426741,195777.9960565567,139.99012303396503,8.61583197284156,252.0154896892362,1408.574881315231,0.9930397115674362,47981,328
Pancreas,20,-1,0.0115617177414472,0.9239257235333616,0.8096715865606997,195940.15924358368,158.2034024885113,8.614942988714477,245.65311012214653,1246.4116942882538,0.9932147623432012,48137,328
Pancreas,30,-1,0.0116347388084144,0.9246276878891792,0.8119287555659714,195868.883030653,149.64588341259588,8.617033173653075,261.15487648266503,1317.687907218933,0.993117430211339,48503,328
Pancreas,40,-1,0.0116036015577866,0.9245576340323636,0.8122533166967991,195802.54839777944,142.4735257018991,8.607193171695576,201.34103582202292,1384.0225400924685,0.9931424259161628,47847,328
Pancreas,50,-1,0.0115937103634147,0.9249482730070986,0.8140357393073293,195923.3214533329,156.09471711743987,8.606520407493775,198.23679428859091,1263.249484539032,0.9931745676007432,48219,328
Pancreas,60,-1,0.0115626366876838,0.9242560196043244,0.8122584673540679,195814.67846417427,143.73325513361473,8.60054891477923,174.3738225322679,1371.8924736976624,0.9932177981747357,48132,328
Pancreas,70,-1,0.011534921404043,0.925019403953914,0.8114444397694281,195615.58600330356,125.5177988018356,8.5925423382248,150.141023195831,1570.9849345684052,0.9932424194327804,48214,328
Pancreas,80,-1,0.0115249849366385,0.924007801374528,0.8134673553127133,195612.88993120196,125.30275837485664,8.596321412621078,160.68062989420784,1573.6810066699982,0.9932774602603208,48274,328
Pancreas,90,-1,0.0115335824781847,0.9249666080952512,0.8141799766264122,195556.40918374064,120.96135272352096,8.58965723859267,142.98099758444312,1630.1617541313171,0.9932495678104662,48070,328
Pancreas,100,-1,0.0115143241007121,0.9254721757318936,0.8118045558472352,195381.4959385395,109.24009861684284,8.586308108277748,135.48093936438343,1805.074999332428,0.9932503072884552,47933,328
Pituitary,1,-1,0.0119136482362331,0.9155711340034928,0.8073495907000166,192968.75808143616,148.71468328552467,8.471927460954115,281.98004914250106,1306.3613839149475,0.9901893645559914,65734,283
Pituitary,2,-1,0.0116776726015057,0.9122683373301608,0.8110294254268886,193206.11767745015,181.7350744069631,8.477153968947247,341.10865074730634,1069.001787900925,0.9909296913666136,65474,283
Pituitary,3,-1,0.0115571423768006,0.9148483224710372,0.8076334738648658,193280.4862821102,195.32338427753777,8.476568814166008,333.2842135614632,994.6331832408904,0.9911063841141003,64941,283
Pituitary,4,-1,0.011471023442961,0.9151342826411786,0.8133720930232559,193276.39126849172,194.52251380933907,8.474826895329718,311.98097442389115,998.7281968593596,0.9913257008673388,65753,283
Pituitary,5,-1,0.0113778934877825,0.9156848336903636,0.8126709630998827,193251.9320421219,189.8724662312713,8.475615555653768,321.27866002488906,1023.1874232292176,0.9913932645146762,65509,283
Pituitary,6,-1,0.0114270617469711,0.9146072497837016,0.8061723188369843,193339.07972884175,207.55007708309623,8.475801980705533,323.558021464164,936.0397365093232,0.9914006608835684,64992,283
Pituitary,7,-1,0.0113996251947741,0.9154846409427928,0.8138713807978717,192876.11914873123,138.86710185651677,8.472720554228923,289.5975480975013,1399.000316619873,0.9914350410176336,65467,283
Pituitary,8,-1,0.0113554917608112,0.9146975656072684,0.8111606090312333,193000.7609689236,152.44934609057884,8.474233138700951,305.3285661764689,1274.358496427536,0.9914628689876888,65369,283
Pituitary,9,-1,0.0114346234586181,0.915829492465951,0.811166684314446,192820.7369556427,133.57910877538137,8.467157214575497,243.4619258355196,1454.3825097084043,0.9913785952965442,65116,283
Pituitary,10,-1,0.0114363424509123,0.9146409263846188,0.8116239527622345,192845.78488779068,135.91997459190983,8.471446927242992,277.5565234407608,1429.3345775604248,0.9913825305105888,65634,283
Pituitary,20,-1,0.0113435124324757,0.9155243216133516,0.8125391383062491,193039.81891226768,157.2695154878893,8.472390335852152,286.37641815188323,1235.3005530834198,0.9915518557616227,65526,283
Pituitary,30,-1,0.0113422643086148,0.915651113663697,0.809373742376869,192777.8187701702,129.75023660286232,8.465813418399629,234.4405643418281,1497.300695180893,0.9915020981564854,65363,283
Pituitary,40,-1,0.0112549045074483,0.915769273435467,0.8098769740860309,192981.97128391263,150.2342285701916,8.461577964908582,209.9234928820565,1293.148181438446,0.9916874558356924,64974,283
Pituitary,50,-1,0.0112879676955389,0.9150070126227208,0.8108860444886293,192848.49312376976,136.17799826267526,8.462278259099511,213.61711521325472,1426.6263415813446,0.99162140125557,65252,283
Pituitary,60,-1,0.0112726358484607,0.9154145885125136,0.8121838124383143,192826.57523036003,134.1174917357966,8.45299037181204,173.19921289451332,1448.5442349910736,0.9916326498581148,65421,283
Pituitary,70,-1,0.0111840706563562,0.9153757465593352,0.8120922140060896,192767.8870818615,128.89526631292054,8.44957974667574,161.94724848388327,1507.2323834896088,0.991783628740723,65345,283
Pituitary,80,-1,0.011201087631903,0.9163284787307748,0.813659048463763,192552.3379101753,112.76828387306976,8.442680507710074,143.13673153115283,1722.7815551757812,0.9917280053841426,65133,283
Pituitary,90,-1,0.0112482756635707,0.9155892177554718,0.8135253010853942,192612.8324196339,116.87218520163933,8.439028119728507,134.84513507206333,1662.2870457172394,0.9916655851370114,65658,283
Pituitary,100,-1,0.0111993843620993,0.9154884702282916,0.8138440526446487,192249.47320199013,95.9077223794284,8.430650047840926,119.02878595112998,2025.6462633609767,0.9917366839313876,65547,283
Prostate,1,-1,0.011713382580489,0.9177176332654694,0.7912024184095255,152477.02214217186,155.25144767357617,6.6926588043695325,267.70116026141375,988.4965388774872,0.9901527647219356,64123,245
Prostate,2,-1,0.0112752164061798,0.9207256350200016,0.7978966508587857,152528.28957486153,163.7438676070042,6.694048182518988,283.3915442574193,937.2291061878204,0.9909201063721388,64944,245
Prostate,3,-1,0.0114360390339735,0.9195720653789003,0.8012854914196568,152459.91847920418,152.6108670219601,6.69156072984991,256.47817360674964,1005.6002018451692,0.990781780956296,64203,245
Prostate,4,-1,0.0112548716051998,0.9202839178437816,0.7912366489999565,152566.17706394196,170.6420738925105,6.696588750018889,317.409965122906,899.3416171073914,0.9910857167246796,63672,245
Prostate,5,-1,0.0109925358623645,0.919622605736752,0.800957626277662,152568.4072039127,171.06627503070018,6.696899469291028,322.13939237998204,897.1114771366119,0.991564260542027,64570,245
Prostate,6,-1,0.0110555357228157,0.9211135622320156,0.7959821345376162,152644.72448062897,186.97198226114432,6.698387379830044,346.8901556848871,820.7942004203796,0.9914568632264515,64069,245
Prostate,7,-1,0.0111554305167449,0.9206320210077984,0.7965145506339719,152132.74200224876,115.14721192387526,6.686865462856479,217.49052723593343,1332.7766788005829,0.9912491293993312,64170,245
Prostate,8,-1,0.0109646849112516,0.9201505415679226,0.7962198309852159,152143.57591104507,116.09089452530031,6.686865245786666,217.48899877958695,1321.9427700042725,0.9916536061276038,64116,245
Prostate,9,-1,0.0109646862602273,0.9197372656073052,0.7948717948717948,151747.58453726768,89.33143289371272,6.685269406076819,206.8043044538768,1717.934143781662,0.9916505775928148,64759,245
Prostate,10,-1,0.0110527716717244,0.9189994859693448,0.7939207301108382,152280.42266750336,129.49627450172315,6.688671704951251,230.99887183140063,1185.09601354599,0.9915104381297082,63678,245
Prostate,20,-1,0.0110019912823006,0.9200626788147392,0.7981553698545342,152024.43294405937,106.49298285443857,6.68604672649655,211.87437558913885,1441.085736989975,0.9915764510334298,64471,245
Prostate,30,-1,0.0110051092146687,0.919866173999605,0.7973023975251353,151915.38520264626,99.00148652949918,6.683659457839866,197.03870305840056,1550.1334784030914,0.9915645927160288,64432,245
Prostate,40,-1,0.0109627567754001,0.9198561668750485,0.7949045371826903,152193.2450389862,120.6230433511041,6.680129292578836,178.5509277283387,1272.2736420631409,0.9916303728562502,64429,245
Prostate,50,-1,0.0109512904824397,0.9202948748230968,0.7975945934205055,152288.79806923866,130.41797444586578,6.681472181362756,185.15976005521372,1176.7206118106842,0.9916698333975724,64261,245
Prostate,60,-1,0.0109310261703397,0.9208465265724336,0.7999284379106337,152047.8465065956,108.25176754293246,6.678055363470293,169.22287374463812,1417.6721744537354,0.991664508815298,64833,245
Prostate,70,-1,0.0108975765206523,0.9212096280574568,0.7957212509964591,152100.22652602196,112.40489305966211,6.670970383965378,143.59498132171194,1365.2921550273895,0.9917563123802552,64383,245
Prostate,80,-1,0.0109573743625869,0.920793071788382,0.7967872980432288,152022.09039211273,106.3201544942067,6.668148208493762,135.4254076669025,1443.428288936615,0.9916295407778768,64235,245
Prostate,90,-1,0.0109107191406776,0.9201615433184682,0.797867531872473,152126.9918487072,114.65255307024076,6.671650955363337,145.7147696442634,1338.5268323421478,0.9917248271957682,64429,245
Prostate,100,-1,0.0108754573670439,0.9206655585938198,0.7963002048544292,152007.06745123863,105.22499178869826,6.668254070502647,135.71503811907706,1458.4512298107147,0.9917713649463004,64138,245
Salivary_Gland,1,-1,0.0104229727332047,0.939783343558156,0.8394414011264563,88981.2206132412,122.4274029275026,3.859416461180433,222.75685801197463,732.7935743331909,0.9914779849585726,97920,162
Salivary_Gland,2,-1,0.0105271257189244,0.9390135645418946,0.8432295656215304,89014.71688723564,128.29166385186417,3.859443200350112,223.09962751681405,699.2973003387451,0.9914394843164596,97974,162
Salivary_Gland,3,-1,0.0102413665840768,0.9394211974805284,0.838435534254782,89042.66251254082,133.63192127745634,3.860625517551292,239.38727034503697,671.3516750335693,0.991893239780438,97967,162
Salivary_Gland,4,-1,0.0103120124172367,0.940267266758119,0.8381235772080452,89112.29020762444,149.09496243615953,3.8629129059414753,278.7600240015282,601.7239799499512,0.9917600403272012,98301,162
Salivary_Gland,5,-1,0.0103133498476158,0.9414431361906584,0.8354724293500762,89041.90448999405,133.48120777092467,3.8593900027089,222.4187219365949,672.1096975803375,0.9918391030920812,97871,162
Salivary_Gland,6,-1,0.010179139779963,0.9403839544967209,0.8390450765752532,89074.46634721756,140.27725296909722,3.860525462075489,237.91735484950055,639.5478403568268,0.9920718619722004,98532,162
Salivary_Gland,7,-1,0.0102512646397788,0.9399441068235482,0.840224084844338,88753.33582401276,93.38610880645588,3.854575907282334,174.28318202449543,960.6783635616302,0.9919349109167788,98239,162
Salivary_Gland,8,-1,0.0102442574089044,0.9402838760698898,0.8343186001734972,88703.55697059631,88.7855642774049,3.856746432923509,193.12790520959527,1010.4572169780732,0.9919378720965836,98581,162
Salivary_Gland,9,-1,0.0102094003321762,0.940932064568705,0.8421443922697965,89114.1381418705,149.55425346632228,3.861153800242236,247.45954586788545,599.8760457038879,0.9919718941277434,98549,162
Salivary_Gland,10,-1,0.0103453095551506,0.941031958725766,0.8408678855245099,88789.54089856148,97.04338162475744,3.857560233569421,201.2881972514527,924.4732890129088,0.9916925167966172,99251,162
Salivary_Gland,20,-1,0.0101646208071102,0.9409500427183028,0.8417534507863791,88863.54640626907,105.48784581807404,3.858268413967721,208.97197125411225,850.4677813053131,0.9920909258983056,98853,162
Salivary_Gland,30,-1,0.01017347057441,0.941539797764418,0.8398877242002053,88516.57075500488,74.92129627790753,3.848792686204295,138.32154602421363,1197.4434325695038,0.9920583582575326,98594,162
Salivary_Gland,40,-1,0.0102343682773374,0.9407942699216192,0.8396757255981803,88760.96233391762,94.13340296579908,3.851386566058818,152.42839076373426,953.0518536567688,0.9919301069136208,98190,162
Salivary_Gland,50,-1,0.0100839662589732,0.9415391136777752,0.8412058199635505,88808.06587576866,99.02774034509488,3.854496699817941,173.6647987707997,905.9483118057252,0.992214550159759,98546,162
Salivary_Gland,60,-1,0.0100862883189242,0.9417168445357228,0.8400925910108137,88764.39023280144,94.47320040386366,3.848695924816477,137.84565301030608,949.6239547729492,0.9921958353718936,98353,162
Salivary_Gland,70,-1,0.0101112877960294,0.9415653580679654,0.8407262973103422,88638.72803235054,83.43268789590086,3.848623191990059,137.49008780099442,1075.2861552238464,0.9921407805325818,98415,162
Salivary_Gland,80,-1,0.0101002409066698,0.941461000918642,0.8402272059042855,88665.53034567833,85.56547140043413,3.847876174542197,133.94161088823836,1048.4838418960571,0.9921649379939256,98591,162
Salivary_Gland,90,-1,0.0101080162081045,0.9415497304637668,0.8406199911332402,88731.96640968323,91.35402187887996,3.843191639940838,115.2832861415961,982.0477778911592,0.9921493442120612,98598,162
Salivary_Gland,100,-1,0.0100861294693195,0.9415113562688456,0.8413048119209257,88759.05276656151,93.94517120117727,3.843051067179201,114.80339075941863,954.9614210128784,0.9921900133962752,98521,162
Skin,1,-1,0.0104552921739224,0.9431131631601484,0.8888345919201021,1270687.846716404,393.99994256493954,53.795451416787,591.6057835377842,3233.3028814792638,0.9913748466605036,174612,1809
Skin,2,-1,0.0106406977922816,0.9424050808850342,0.8882546853061474,1270757.7118291855,402.7015047374571,53.79535285198587,590.9662892092211,3163.437768697738,0.9911010953835636,174606,1809
Skin,3,-1,0.0103154914568843,0.9418630448045572,0.8902150945027449,1270492.025163889,371.500414790723,53.79760876938725,605.957892343456,3429.124433994293,0.99204556660652,175047,1809
Skin,4,-1,0.0104705099189988,0.9421940115223328,0.8894570972886763,1270477.1691570282,369.8979049026221,53.79404756502904,582.6260532908022,3443.9804408550262,0.9917822505905448,174278,1809
Skin,5,-1,0.0102048100605007,0.9436857532434662,0.8901318783576606,1270366.1345760822,358.3448007351896,53.79250078254653,573.0425185555466,3555.015021800995,0.9924019747063918,175052,1809
Skin,6,-1,0.0101665607434492,0.9437883295765136,0.8886259782818877,1270334.4709341526,355.1812886055525,53.77644634570518,489.4758777193932,3586.6786637306213,0.9923843858533188,174631,1809
Skin,7,-1,0.010188001943947,0.9431675325141796,0.8911950970377936,1270276.166825771,349.499909668922,53.773248813750975,475.6604925748867,3644.9827721118927,0.992428881431617,174496,1809
Skin,8,-1,0.0101282761054648,0.9428770631223696,0.8911630945757643,1270291.0981431007,350.93749096022583,53.77111519231116,466.86767661607576,3630.051454782486,0.9925274154263076,174594,1809
Skin,9,-1,0.0100641244611444,0.9430898295996966,0.8917478179694235,1270067.5089833736,330.57601292693545,53.7657864165555,446.2645392337613,3853.640614509583,0.9926174103285916,174812,1809
Skin,10,-1,0.0102091568589889,0.9436840302135504,0.8909351038155657,1270148.262034893,337.65150122529536,53.7765066180388,489.7440032418429,3772.8875629901886,0.9924118012064131,174985,1809
Skin,20,-1,0.0099838743721716,0.9438331205490812,0.892648480196265,1269908.391402483,317.4677086344647,53.74592396047743,383.2267625847186,4012.758195400238,0.9928045917817075,175014,1809
Skin,30,-1,0.0099129494742248,0.9435514152961036,0.8922442921733986,1269459.1022810936,285.5014882528071,53.71210459572319,308.9256973548101,4462.047316789627,0.9929306179181756,174941,1809
Skin,40,-1,0.0099173552958509,0.9441574801349673,0.8934087820004437,1267719.8610725405,205.4284596486233,53.65865815881382,236.4705067009085,6201.288525342941,0.9928887251234728,175172,1809
Skin,50,-1,0.009876356058276,0.9438222423924336,0.8931097212002289,1267458.6214470863,197.12427085378292,53.64419308307728,222.3559825581144,6462.52815079689,0.9929615475868134,174778,1809
Skin,60,-1,0.0098814297243828,0.9440546878572316,0.8926819046061374,1267176.5487530231,188.8801396703428,53.63327237752043,212.76803547157857,6744.600844860077,0.992944353306447,174655,1809
Skin,70,-1,0.009833257084192,0.9442232928515774,0.8938676297673612,1265420.3021101952,149.8581349027761,53.54909383113457,159.69087925300656,8500.847487688065,0.993021528566928,175228,1809
Skin,80,-1,0.0098085124469728,0.9443450202343908,0.8936532973960806,1265114.9997787476,144.66267049303053,53.53329453307259,152.548458095172,8806.149819135666,0.9930770058201088,175064,1809
Skin,90,-1,0.0098100791162452,0.9441456560226522,0.8933139824056195,1264613.7012262344,136.871148646749,53.49258930093743,136.7861467353588,9307.448371648788,0.993044195952054,175115,1809
Skin,100,-1,0.0097704262568613,0.9441736337712656,0.8940185607975933,1263031.716177225,116.9869083529318,53.43676532057616,119.80874716536428,10889.433420658112,0.9931361447620228,175039,1809
Small_Intestine,1,-1,0.0112110937056514,0.937387770403714,0.8547753988789388,108382.4117705822,147.3772106627583,4.757058198753356,255.34147135017992,740.432279586792,0.9925700157781632,82423,187
Small_Intestine,2,-1,0.0112349197166968,0.9402152106511034,0.8552827285219476,108380.33914756776,146.96582294322275,4.757501362911218,261.5384337575955,742.5049026012421,0.99258075610251,83092,187
Small_Intestine,3,-1,0.0110236256101287,0.9394075045813244,0.8565121869265165,108516.45256781578,179.95444729318805,4.760299964935122,308.87757811260616,606.3914823532104,0.9929766374305464,82844,187
Small_Intestine,4,-1,0.0109674045384819,0.939807371629785,0.8604516801304074,108311.5996272564,134.51290507290886,4.75582015426976,239.4888782021605,811.2444229125977,0.9930220717777516,83401,187
Small_Intestine,5,-1,0.0109340136961213,0.939730395239119,0.8600190169085121,108511.19209432602,178.40676058948773,4.758928603077279,283.71377758716466,611.6519558429718,0.9930683648417902,83212,187
Small_Intestine,6,-1,0.0111487225611426,0.9398172945105638,0.8619431524547804,108166.37989640236,114.08984186227424,4.755615069515151,237.05096736954548,956.464153766632,0.9927220917756112,83393,187
Small_Intestine,7,-1,0.0107986828627731,0.9406496934270157,0.8606559922166906,107887.95143079758,88.36626143714,4.752224294501276,202.9015412200668,1234.8926193714142,0.9932692875624426,83154,187
Small_Intestine,8,-1,0.0109643424933329,0.939784213761631,0.8644706805904165,108045.4068992138,101.2800087257306,4.750619599752832,189.951312632372,1077.4371509552002,0.9929969558646282,83692,187
Small_Intestine,9,-1,0.0108569591552199,0.9404464889730754,0.8604092143313276,108375.20622396468,145.95682591954628,4.755581847690297,236.66071213115853,747.6378262042999,0.9931593406000284,82863,187
Small_Intestine,10,-1,0.0109391822776341,0.9391275321690116,0.8585575621000837,108192.5783097744,117.30287305204014,4.751920601678397,200.3169319813036,930.2657403945924,0.9930287728511052,83056,187
Small_Intestine,20,-1,0.0108373481655942,0.94048613521958,0.861918829063436,108107.94907951356,107.52131718585134,4.753761236845045,217.07619571137013,1014.8949706554412,0.993210176726983,83738,187
Small_Intestine,30,-1,0.010796837451176,0.939923228989254,0.8620378812997348,108019.70223259926,98.9200502711167,4.747943498223849,171.67801505907565,1103.141817569733,0.9932533679462344,83197,187
Small_Intestine,40,-1,0.0107484020547853,0.940096809406819,0.860230569828026,108185.43381547928,116.40884642814808,4.749597797881968,182.53295715447948,937.4102346897124,0.9932973389483516,83460,187
Small_Intestine,50,-1,0.010790545123777,0.9406562957470932,0.8614752071225423,108135.14304566383,110.48165745750154,4.746050313022767,160.73880698781048,987.7010045051576,0.9932731190030968,83601,187
Small_Intestine,60,-1,0.0106994970235531,0.9405510052122116,0.8619234325682789,108266.3819963932,127.41118368185894,4.747154871365035,166.94522110942836,856.4620537757874,0.9933826656176208,83426,187
Small_Intestine,70,-1,0.0107279024614761,0.9409435865495928,0.8615363967665672,108054.69550681114,102.1607385309244,4.744618087858524,153.34677162186907,1068.1485433578491,0.9933375846071708,83451,187
Small_Intestine,80,-1,0.010659656009718,0.94050032891442,0.8636126990345311,108130.2849907875,109.94090781677929,4.74453404015132,152.93404541843535,992.559059381485,0.9934250942755604,83770,187
Small_Intestine,90,-1,0.0106501346991972,0.9407096860655104,0.8628565544228195,107910.6581351757,90.02154100328198,4.736592189688425,121.92570543091134,1212.185914993286,0.9934350044320992,83792,187
Small_Intestine,100,-1,0.0106405464835745,0.941155920967113,0.8611995205224652,107790.50913500786,81.90346346734572,4.734799794366818,116.59051814940064,1332.3349151611328,0.9934472833148263,83340,187
Spleen,1,-1,0.012172665588871,0.9289832335505442,0.827059054981426,133801.9219367504,123.1859150834578,5.8943609645289605,211.6558296856614,1095.0682969093325,0.9920245023500764,71467,241
Spleen,2,-1,0.0116560616505248,0.9287488575384364,0.8220943988903847,133875.56264925003,132.06711106359748,5.89715234615896,235.1104197702688,1021.4275844097136,0.9929372408879016,70532,241
Spleen,3,-1,0.0116839274251913,0.9300086943609078,0.8213927201620063,133691.30820274353,111.88438309157657,5.897282062105265,236.3274065306229,1205.682030916214,0.9928777345662656,70779,241
Spleen,4,-1,0.0115954937868739,0.930528219405324,0.822486907463772,133978.4551036358,146.86100272522128,5.898933936895146,253.0047308975847,918.5351300239564,0.9929828969449144,70124,241
Spleen,5,-1,0.0115859766956195,0.9289652840396754,0.8238121842773005,134097.79483246803,168.7909990879697,5.900119814064663,266.5062379723944,799.1954011917114,0.9930627944218964,70777,241
Spleen,6,-1,0.0114776191442413,0.9295223489308184,0.823011906681099,134151.25723195076,180.89180702009764,5.901643152090555,286.11987858956456,745.7330017089844,0.99323894574612,71472,241
Spleen,7,-1,0.0116773608166013,0.928587849323182,0.8246381375602132,134005.80540776253,151.36814083189725,5.898165191170543,244.95997261300096,891.1848258972168,0.9929325832210916,70702,241
Spleen,8,-1,0.0115439541827078,0.9302329803190972,0.824476391695756,133759.69388651848,118.61199640070936,5.897945078366335,242.7499026846172,1137.296347141266,0.993029572489328,71802,241
Spleen,9,-1,0.0114620611512905,0.9297732999769474,0.8236610767054021,133694.89047574997,112.21780001704704,5.892583837281651,199.0159438751733,1202.0997579097748,0.993217288318613,71021,241
Spleen,10,-1,0.0114794543907889,0.9286950677550782,0.8203511984412047,133664.86201262474,109.4829157637056,5.893516785937119,205.45724486238012,1232.1282210350037,0.993233019546354,69889,241
Spleen,20,-1,0.0114443960759433,0.9308984478735246,0.8242445333797344,133490.91948342323,95.93897761614706,5.888095059764517,172.93071729693767,1406.0707502365112,0.9932492598812496,71054,241
Spleen,30,-1,0.0115751231175051,0.9298706109836096,0.8239540664090338,133406.25985503197,90.49053549028292,5.88643706389489,164.94522220883314,1490.730378627777,0.9930061181478916,71106,241
Spleen,40,-1,0.0113747035101762,0.9301736338923204,0.825328878680309,133763.19747519493,118.97852515508566,5.890445678207232,185.67496336833565,1133.7927584648132,0.993301241132532,71145,241
Spleen,50,-1,0.0114092233536622,0.9301623809534588,0.8240680788086209,133622.26194500923,105.82411282051962,5.884382211706189,156.01634313453647,1274.7282886505127,0.9932726355152915,71272,241
Spleen,60,-1,0.0113977306067348,0.930210554431331,0.8247246135332778,133666.1345565319,109.59610679006454,5.884167505866575,155.13885540291173,1230.855677127838,0.99327393363214,71276,241
Spleen,70,-1,0.0114015556916953,0.9304364463433992,0.8257835887874279,133719.9828028679,114.61014323665329,5.88716887358736,168.37706473235224,1177.0074307918549,0.9932589734130448,71306,241
Spleen,80,-1,0.0113964981266345,0.9302887798584112,0.8264478127153837,133370.38803744316,88.3642055330317,5.878638566269323,135.51215869777053,1526.6021962165833,0.9932673514365606,71346,241
Spleen,90,-1,0.0113527831400905,0.93083472675217,0.8246790150662847,133627.88218688965,106.29275464526064,5.880682009184171,142.1591018389872,1269.1080467700958,0.9933186056563026,71103,241
Spleen,100,-1,0.0113847368531643,0.9304289691324577,0.8259683578832515,133467.79358291626,94.38658435386397,5.869771095686082,112.65444136662524,1429.1966507434845,0.9932735536166044,71158,241
Stomach,1,-1,0.0122917560570922,0.9268957092685908,0.840112676056338,222822.0221595764,208.92874261355567,9.83532691248877,412.7630068091217,1071.6268436908722,0.9930066560508684,59648,359
Stomach,2,-1,0.0124097851671124,0.9283895729706808,0.8330596063995469,222786.92534661293,202.30312025686803,9.829393958847858,330.6369656727951,1106.723656654358,0.9929812778653108,58839,359
Stomach,3,-1,0.0121382131856964,0.9295919130611328,0.8381958726331465,222996.7551913261,249.6322820186421,9.833165833807296,378.5166705037163,896.8938119411469,0.993308536713814,59097,359
Stomach,4,-1,0.0120475683881762,0.9271085952447689,0.8364065892871037,223004.4321610928,251.7874587887336,9.834131971126224,393.09748880277056,889.21684217453,0.9934640670018916,59126,359
Stomach,5,-1,0.0120234078139172,0.92795232936078,0.8408168487493514,222906.09768247604,226.71596330191684,9.832923662594457,375.0298378093682,987.5513207912444,0.9934980683049344,59146,359
Stomach,6,-1,0.0119855105412563,0.9270198831230902,0.8374097649443476,223015.80036067963,255.04812349346355,9.832932336145928,375.1536118798636,877.8486425876617,0.9935414569760712,58872,359
Stomach,7,-1,0.0118774310344081,0.9279986781168672,0.8396863366785092,222617.2919850349,175.4161616264252,9.82660485204297,302.3560793292847,1276.3570182323456,0.9936559130206106,59323,359
Stomach,8,-1,0.0119149243907373,0.9283299588650792,0.8422304476939749,222739.1071691513,193.92424110357143,9.832486613784727,368.8970393484744,1154.541834115982,0.993623586526234,59843,359
Stomach,9,-1,0.0120051779259463,0.9284082289251696,0.8425926585506586,222808.31641745567,206.2903592227805,9.829643699912808,333.42952999732864,1085.332585811615,0.9935012263184764,59142,359
Stomach,10,-1,0.0118405617743657,0.9295108191276316,0.8428946434905995,222862.17924022675,217.06273613225343,9.834470255682657,398.4719879312444,1031.4697630405426,0.9936902340984906,59403,359
Stomach,20,-1,0.0118152010928105,0.9282384180514428,0.842158701507481,222651.83642196652,180.2958452625356,9.825432735855207,291.8647907016389,1241.8125813007357,0.9937188850715268,59720,359
Stomach,30,-1,0.0116606372950476,0.9300761429068638,0.8428603801376654,222648.56256389615,179.82177134332582,9.81999873172133,251.42026792160408,1245.086439371109,0.9938753166097596,59511,359
Stomach,40,-1,0.011663506720717,0.929630507049788,0.8418618835861756,222491.880538702,159.72227558472164,9.810889816463671,204.02738132924253,1401.768464565277,0.9938754481733938,59350,359
Stomach,50,-1,0.011665079868535,0.9300055551146734,0.8442297081252388,222573.466449976,169.59294640357314,9.811984172594382,208.75499261740603,1320.1825532913208,0.9938652579903116,59671,359
Stomach,60,-1,0.0116706982535993,0.930014365030539,0.8444819133712116,222459.10293507576,156.07281910822186,9.805357290516614,183.067841858453,1434.5460681915283,0.9938571671321904,59601,359
Stomach,70,-1,0.0115884876137662,0.9300979376488556,0.8429404900816803,222179.04701161385,130.58053711191593,9.794071680419949,151.35159043651373,1714.6019916534424,0.9939538998445534,59598,359
Stomach,80,-1,0.0115826222222234,0.9303198630314824,0.8456799739424752,222038.27813529968,120.67325884475213,9.791878171507465,146.42112530408485,1855.3708679676056,0.9939500973073044,59716,359
Stomach,90,-1,0.0115410188400633,0.9302202629709144,0.8456313852537051,222089.16302347183,124.07613664509952,9.794112124664707,151.44561865156714,1804.485979795456,0.9940006823304371,59513,359
Stomach,100,-1,0.0115559961386266,0.9300698980456328,0.8437471236698079,221588.18021512032,97.11415316241278,9.772815669453289,114.1150426444066,2305.4687881469727,0.993986093302556,59585,359
Testis,1,-1,0.0123123470061012,0.9272528834752614,0.835259484437922,318225.65593600273,167.69836709312878,13.95108651222491,307.6584067779255,1908.9908406734469,0.9917013138443788,95618,361
Testis,2,-1,0.0122747490387965,0.9260578914089612,0.8349618548464975,318190.34794569016,164.65300584186667,13.954877157859151,335.62322748245555,1944.298830986023,0.9917473541465116,95108,361
Testis,3,-1,0.0122232470578954,0.925432056880863,0.8369072428393305,317992.1623072624,149.42215514135037,13.946769871704944,280.996363680788,2142.4844694137573,0.991901796941938,94976,361
Testis,4,-1,0.0121522225102805,0.9259453695190418,0.8428702536787146,318556.7531747818,202.8873470253829,13.960349411680651,386.3150528359412,1577.893601894379,0.9919387171823424,95973,361
Testis,5,-1,0.0121676642331511,0.9255353611542236,0.8417066308021731,317798.281734705,137.02252902507755,13.947660145419128,286.11006601799465,2336.3650419712067,0.9919782008700646,95128,361
Testis,6,-1,0.0120187247126602,0.9266143658771222,0.8411016110952371,318647.2659752369,215.23381669771004,13.956709867986158,351.050659405464,1487.3808014392853,0.992098135131872,95669,361
Testis,7,-1,0.0119749545681219,0.9263222456670924,0.8363789525409897,316385.7808461189,85.39506418920926,13.918571838770774,179.4236199112842,3748.865930557251,0.9922640427058156,95315,361
Testis,8,-1,0.011984472269062,0.9260405976420026,0.8383704249810138,317971.7758793831,148.0137567051903,13.951776146025212,312.3939299797105,2162.870897293091,0.9921915947980418,94385,361
Testis,9,-1,0.0119702027294109,0.9248327900112197,0.8415738314152738,318766.3247010708,233.9614718523325,13.955591756545637,341.47450317779294,1368.3220756053925,0.9922793949861408,96016,361
Testis,10,-1,0.0120382649612016,0.9271675609139652,0.8383862033016305,317176.1200418472,108.2074544089544,13.929089652379188,207.3851398308473,2958.526734828949,0.992147905715683,94894,361
Testis,20,-1,0.0119586458259855,0.925152192087363,0.8397329914681049,318222.21908164024,167.39699367858236,13.94498316049935,271.2660128000132,1912.4276950359344,0.9922658307351468,94978,361
Testis,30,-1,0.0120003743291659,0.9257566108612064,0.8405372062290634,317748.7924964428,134.18030155025258,13.941152015952724,252.5164295765109,2385.854280233383,0.9921862958145102,95725,361
Testis,40,-1,0.0118907341945877,0.9253682708622551,0.839255872198387,317855.1321949959,140.43983282646758,13.938502170459843,240.99525543748416,2279.514581680298,0.9923685767674268,95167,361
Testis,50,-1,0.0119166920319341,0.9258866767813644,0.8401792217538129,317342.4947543144,114.65516354868411,13.91441368302464,170.34365074814286,2792.152022361756,0.9923137985454769,95165,361
Testis,60,-1,0.0119299939488183,0.9259885670180178,0.841451657128705,318153.3205275536,161.57593779340465,13.927479646149967,202.55319089704756,1981.32624912262,0.9922914266917136,95132,361
Testis,70,-1,0.0118875368324013,0.926302680016464,0.842827867050142,317759.2575452328,134.77144820688875,13.910691964434504,162.962318832681,2375.389231443405,0.9923410388125378,95827,361
Testis,80,-1,0.0118933825055444,0.9259361103312,0.8403819198811883,317237.42711901665,110.4971954509281,13.898862118404333,143.23398456101063,2897.21965765953,0.9923363827547192,95630,361
Testis,90,-1,0.0118580499461733,0.926226748387184,0.8413688454446807,317495.5190999508,121.3032054492707,13.90083007716879,146.1778758671516,2639.127676725388,0.9923821247316832,95370,361
Testis,100,-1,0.011838795960322,0.9257160703992104,0.8409817537347892,317498.4921462536,121.44001079532902,13.905058172904225,152.93092372220806,2636.154630422592,0.9924180371878892,95615,361
Thyroid,1,-1,0.0134124617481785,0.8968165196502017,0.8236738200936969,482191.3056631088,230.6997652961965,20.819896522423317,440.98582089058937,2099.2241983413696,0.9906407802222484,40262,653
Thyroid,2,-1,0.0131595881240466,0.8948028424132646,0.8261597964797618,482518.72212934494,273.3313107771677,20.82105926003025,452.094726451385,1771.8077321052551,0.991168828685542,39944,653
Thyroid,3,-1,0.0130992167101069,0.8966875606801457,0.824385617681016,482626.98420238495,291.11946956332724,20.825445324682192,499.56623538152695,1663.5456590652466,0.9913557197800916,39986,653
Thyroid,4,-1,0.012993659936132,0.89652065681762,0.82220444335036,482541.5889673233,276.90502948827105,20.81877175387542,430.74710147477896,1748.940894126892,0.9915668983437824,40080,653
Thyroid,5,-1,0.0129716634393604,0.8973217618377776,0.8227472177406924,482577.77866363525,282.75591368979246,20.81962404738355,438.4610737903165,1712.7511978149414,0.9915867244060288,40032,653
Thyroid,6,-1,0.013083003879532,0.8967740232467422,0.8268522224616932,482389.2543094158,254.7187488648113,20.81095897195358,370.9264240189764,1901.275552034378,0.9914385620930626,40283,653
Thyroid,7,-1,0.0127463549809237,0.8966663250516083,0.8261678802258038,482596.3173599243,285.84993288933816,20.823836142127178,481.03474582293,1694.212501525879,0.9919586789495805,40393,653
Thyroid,8,-1,0.0128189090746052,0.8971339715300616,0.8210155754313433,482362.47901940346,251.18141041724175,20.813087202812948,385.5104752348794,1928.0508420467377,0.991840330217479,40114,653
Thyroid,9,-1,0.0129772707359278,0.8957051608029418,0.8245445631418692,482526.3969900608,274.5204387467904,20.815384913905994,402.6004470188624,1764.132871389389,0.991626965427068,39943,653
Thyroid,10,-1,0.0129739158202629,0.8965860900625455,0.8246420109199547,482239.827034235,236.1583177408036,20.810941680923825,370.81245195091,2050.7028272151947,0.9915794284633258,40024,653
Thyroid,20,-1,0.0129012940533451,0.8959632155864569,0.8248719524687564,482181.6779270172,229.64653039601075,20.80833878901432,354.41927003555963,2108.8519344329834,0.991693733928512,40262,653
Thyroid,30,-1,0.0128942153130453,0.8967217278574585,0.8269272350984854,481718.8379211426,188.315918509089,20.78543099507329,255.1472309266649,2571.691940307617,0.9917412517400092,40156,653
Thyroid,40,-1,0.0128251532781361,0.8968144774127069,0.8250043531255441,480890.4465661049,142.4349016756269,20.77531662101928,227.0659236203685,3400.0832953453064,0.9918176088353584,40273,653
Thyroid,50,-1,0.0128201352777155,0.8969563741101536,0.8264503643924733,481279.8288064003,160.85639889391942,20.76313339282061,200.48707246106449,3010.701055049896,0.9918528852508494,40144,653
Thyroid,60,-1,0.0128080085930852,0.8967462866024428,0.8257005587974514,481301.3146646023,162.01260129151208,20.756374152231185,188.26118071425287,2989.215196847916,0.9918388379429948,40044,653
Thyroid,70,-1,0.0127817112525351,0.8959499530223279,0.8216707071537166,481029.6007452011,148.51305029853273,20.74073974336273,164.98920467330433,3260.9291162490845,0.9918840642150988,39994,653
Thyroid,80,-1,0.0128146118240958,0.897074007302167,0.8230816704381815,480721.09336066246,135.6770262629893,20.726181879974245,147.95864210548137,3569.436500787735,0.9918275297502964,40010,653
Thyroid,90,-1,0.0127667060598464,0.8978842465231137,0.8250346562612312,480463.45697689056,126.54332553093666,20.72023199400748,141.969302798563,3827.0728845596313,0.9919057961978744,40173,653
Thyroid,100,-1,0.0128035361707029,0.8968664596318849,0.8248455914954167,480047.70356822014,114.1433790570673,20.694125714499453,120.55683346608804,4242.826293230057,0.9918413571189564,39998,653
Uterus,1,-1,0.0096423370178695,0.929261184839479,0.81259891978561,71580.39246249199,96.61295877890583,3.077061574516403,169.89969786875156,748.6473944187164,0.9872939992600304,98320,142
Uterus,2,-1,0.0094161204119074,0.9319540630351396,0.812617568618271,71570.67247247696,95.3746710915277,3.0769569927832308,168.92995812506237,758.3673844337463,0.988135441567159,97198,142
Uterus,3,-1,0.0094207192108712,0.9311882195616116,0.814317411144137,71708.99266457558,116.65086262952973,3.081469960035275,224.1349783368425,620.0471923351288,0.9883715806777992,97258,142
Uterus,4,-1,0.0094396369707391,0.9305081592405932,0.8148536130129156,71600.56425976753,99.28821245428117,3.07811527263248,180.32948976760747,728.4755971431732,0.9882440728119593,98011,142
Uterus,5,-1,0.009423839866535,0.930732487357762,0.8154628976445003,71804.27968907356,137.832564836281,3.083127302053892,254.70208704591943,524.760167837143,0.9882269867609328,97679,142
Uterus,6,-1,0.009292995022226,0.9319372846936176,0.8152691827796712,71785.25403618813,133.0101615389681,3.080508818860905,209.55066637677305,543.78582072258,0.9886495275284604,97357,142
Uterus,7,-1,0.0092926627492801,0.9320706183043854,0.8154031788299908,71537.59498977661,91.38860186031889,3.079312228712574,193.84724844490535,791.4448671340942,0.9887577379367865,97987,142
Uterus,8,-1,0.0093172209013181,0.9318600944471156,0.820071631037903,71721.3941988945,119.03160814650604,3.0798401252953846,200.47504060302904,607.6456580162048,0.9886188892912228,98801,142
Uterus,9,-1,0.0093128783767008,0.9311204195215008,0.8182805853397628,71551.0045850277,92.96370289467605,3.0764525770791837,164.4040283873149,778.0352718830109,0.9886567973578306,97913,142
Uterus,10,-1,0.0094297500831896,0.9300748337963004,0.8182652024095788,71451.94131660461,82.46398384344499,3.077876658915392,177.85700730583363,877.0985403060913,0.9883729793375228,99024,142
Uterus,20,-1,0.0092861286371474,0.9321156818305262,0.8167442718178046,71169.20387077332,62.36143792864077,3.0701390114382536,123.11759568387436,1159.83598613739,0.9886629652760112,97438,142
Uterus,30,-1,0.0093007021049887,0.931820462910707,0.8171614907608311,71419.36442232132,79.51082013065349,3.0762283120142824,162.4687475654923,909.675434589386,0.9886508769582064,98108,142
Uterus,40,-1,0.0092354646716728,0.9314181970877744,0.8179797172403457,71533.98227834702,90.9733355256818,3.074288913941372,147.45790936456743,795.0575785636902,0.9888321801170932,98241,142
Uterus,50,-1,0.0092643959834224,0.9325897342843106,0.8169041145095877,71460.61578845978,83.28769605145717,3.072011048803865,133.02273506070026,868.4240684509277,0.98868415305362,97792,142
Uterus,60,-1,0.0092392875779598,0.9313450217368776,0.8178545117022472,71534.16830158234,90.99462595190096,3.0702522791546447,123.67479110021505,794.8715553283691,0.9888330461979716,98246,142
Uterus,70,-1,0.0092374859987603,0.9316100910829204,0.8179304322514918,71449.04040312767,82.19214176324193,3.0697174865414865,121.08737935852308,879.9994537830353,0.9888401528750764,98350,142
Uterus,80,-1,0.009269978051086,0.9314863827571144,0.8176518455150541,71565.0084195137,94.66762271370696,3.0687742992664564,116.77854353745651,764.0314373970032,0.9887378254936272,97969,142
Uterus,90,-1,0.0092267619483454,0.9317574090580256,0.8178072823711907,71248.23041963577,66.92117718667909,3.066866000208293,108.93559476269368,1080.8094372749329,0.9888559281730752,98060,142
Uterus,100,-1,0.0092107633594827,0.9315570889828624,0.8172239311109444,71389.72966194153,77.00229407100615,3.0632641173437936,96.67995685641073,939.3101949691772,0.988900933982382,98035,142
Vagina,1,-1,0.010377507198046,0.9271501860572464,0.8288931773212497,91927.36052417757,127.91177117463975,3.978282807459585,263.62771973941574,724.3406949043274,0.9880878358363332,84831,156
Vagina,2,-1,0.0101048970688074,0.9270566367479708,0.8324852770263012,91940.68497943878,130.3088397328161,3.976784835510304,239.9038361921595,711.0162396430969,0.9890016782597418,85239,156
Vagina,3,-1,0.0099877470138603,0.9270351933833684,0.836261288822536,92039.50148439407,151.34227600789495,3.979312055294162,282.8460185583207,612.1997346878052,0.9893970037890578,85422,156
Vagina,4,-1,0.009927646521984,0.9304275360999694,0.8316463218603564,91909.4442665577,124.8242955542582,3.975927082337236,228.1475751710201,742.2569525241852,0.989500937260914,85366,156
Vagina,5,-1,0.0098529032432569,0.928367116000089,0.8316081104273421,92011.16718626022,144.64758540765783,3.9774333635136414,249.6294165059576,640.5340328216553,0.9897820340341856,84797,156
Vagina,6,-1,0.0097983876642945,0.927888325488374,0.8289743577130996,91946.30440545082,131.34692336098544,3.976292515805632,233.01228376710128,705.3968136310577,0.9899036403734698,84264,156
Vagina,7,-1,0.0097435837662923,0.9277435404534404,0.8375827402699394,91774.03759670258,105.5662999543124,3.9754973779054414,222.68090951050291,877.663622379303,0.9899875080881418,85856,156
Vagina,8,-1,0.0097873706535273,0.9283271274740452,0.8331484292888006,91513.2189936638,81.38177228463704,3.9677991708483606,155.80089491495406,1138.4822254180908,0.9898855066881928,85611,156
Vagina,9,-1,0.0098822377655328,0.9292150855319824,0.8357333617685406,91820.88422870636,111.51878487367534,3.9731950859770464,197.34568025009565,830.8169903755188,0.9896080782580264,86213,156
Vagina,10,-1,0.0098359867354474,0.9298361107341292,0.8359426724305798,91560.67592811584,84.92168053872028,3.971637326259512,183.239753350398,1091.025290966034,0.9897725085737012,85858,156
Vagina,20,-1,0.0097601880777087,0.9292062500568544,0.834424025980397,91696.3911795616,96.9860018069208,3.9727568034337897,193.16201091062385,955.3100395202636,0.9899062957674992,85047,156
Vagina,30,-1,0.0098127636217234,0.9287176748119464,0.8351397326852977,91597.6597006321,87.90137731514415,3.970754340675131,176.10468625150787,1054.041518449783,0.9897879241987572,85915,156
Vagina,40,-1,0.0097681917665019,0.9294778856417288,0.8360557448488659,91742.18464922904,101.8691734599998,3.968431824096668,159.7437740800162,909.516569852829,0.9898932534747557,85758,156
Vagina,50,-1,0.0097387921784385,0.929398227726256,0.8351706293023483,91864.83368730544,117.74752099621122,3.9695295183183696,167.08019303019,786.8675317764282,0.9899500747887766,85534,156
Vagina,60,-1,0.009728366132163,0.9295232239221366,0.8349395881924376,91686.428119421,95.98496140795068,3.968460999346056,159.93042212191637,965.2730996608734,0.9899878988131032,85378,156
Vagina,70,-1,0.0097468788410341,0.9293182160287476,0.8343088302830732,91840.37940859796,114.1984598735458,3.968178442355223,158.14090769359169,811.3218104839325,0.9899391872467648,85384,156
Vagina,80,-1,0.009720456758915,0.9290848000712044,0.8346300378063556,91753.7903020382,103.18585002188377,3.965965420209181,145.39870895867327,897.9109170436859,0.990011390611704,85767,156
Vagina,90,-1,0.0097085956837121,0.929575783811776,0.8349902538874532,91731.3257303238,100.66728454937656,3.959396964348445,117.33707627872428,920.3754887580872,0.9900341571562926,85460,156
Vagina,100,-1,0.0096875651079459,0.929778632795568,0.836218856863703,91586.0509171486,86.94381360470165,3.961030464820108,123.25276100390673,1065.6503019332886,0.990102485054374,85587,156
