dataset,mode,alpha,num_permutations,num_clusters,metric,score,num_sig,num_sig_approx
nk_cells,raw,-1.0,1000,1,mae,0.05937557488363856,-1,-1
nk_cells,raw,0.01,1000,1,precision,0.6865979381443299,2230,1940
nk_cells,raw,0.01,1000,1,recall,0.5973094170403588,2230,1940
nk_cells,raw,0.01,1000,1,f1,0.6388489208633094,2230,1940
nk_cells,raw,0.05,1000,1,precision,0.7983765383608274,7863,7638
nk_cells,raw,0.05,1000,1,recall,0.7755309678239858,7863,7638
nk_cells,raw,0.05,1000,1,f1,0.7867879491645701,7863,7638
nk_cells,bh,-1.0,1000,1,mae,0.02852878154501746,-1,-1
nk_cells,bh,0.01,1000,1,precision,0.0,0,0
nk_cells,bh,0.01,1000,1,recall,0.0,0,0
nk_cells,bh,0.01,1000,1,f1,0.0,0,0
nk_cells,bh,0.05,1000,1,precision,0.0,0,0
nk_cells,bh,0.05,1000,1,recall,0.0,0,0
nk_cells,bh,0.05,1000,1,f1,0.0,0,0
nk_cells,raw,-1.0,1000,2,mae,0.05281209514634201,-1,-1
nk_cells,raw,0.01,1000,2,precision,0.6493137718883104,2230,2113
nk_cells,raw,0.01,1000,2,recall,0.6152466367713004,2230,2113
nk_cells,raw,0.01,1000,2,f1,0.6318213216670504,2230,2113
nk_cells,raw,0.05,1000,2,precision,0.8105698410647371,7863,7739
nk_cells,raw,0.05,1000,2,recall,0.797787104158718,7863,7739
nk_cells,raw,0.05,1000,2,f1,0.8041276759389822,7863,7739
nk_cells,bh,-1.0,1000,2,mae,0.025578692286714024,-1,-1
nk_cells,bh,0.01,1000,2,precision,0.0,0,0
nk_cells,bh,0.01,1000,2,recall,0.0,0,0
nk_cells,bh,0.01,1000,2,f1,0.0,0,0
nk_cells,bh,0.05,1000,2,precision,0.0,0,0
nk_cells,bh,0.05,1000,2,recall,0.0,0,0
nk_cells,bh,0.05,1000,2,f1,0.0,0,0
nk_cells,raw,-1.0,1000,3,mae,0.05244577547465711,-1,-1
nk_cells,raw,0.01,1000,3,precision,0.6789264413518886,2230,2012
nk_cells,raw,0.01,1000,3,recall,0.6125560538116592,2230,2012
nk_cells,raw,0.01,1000,3,f1,0.644035832154644,2230,2012
nk_cells,raw,0.05,1000,3,precision,0.8120052770448549,7863,7580
nk_cells,raw,0.05,1000,3,recall,0.7827801093730129,7863,7580
nk_cells,raw,0.05,1000,3,f1,0.7971249109628958,7863,7580
nk_cells,bh,-1.0,1000,3,mae,0.02503701273774552,-1,-1
nk_cells,bh,0.01,1000,3,precision,0.0,0,0
nk_cells,bh,0.01,1000,3,recall,0.0,0,0
nk_cells,bh,0.01,1000,3,f1,0.0,0,0
nk_cells,bh,0.05,1000,3,precision,0.0,0,0
nk_cells,bh,0.05,1000,3,recall,0.0,0,0
nk_cells,bh,0.05,1000,3,f1,0.0,0,0
nk_cells,raw,-1.0,1000,4,mae,0.051766458480909834,-1,-1
nk_cells,raw,0.01,1000,4,precision,0.662125340599455,2230,2202
nk_cells,raw,0.01,1000,4,recall,0.6538116591928251,2230,2202
nk_cells,raw,0.01,1000,4,f1,0.657942238267148,2230,2202
nk_cells,raw,0.05,1000,4,precision,0.806049822064057,7863,7868
nk_cells,raw,0.05,1000,4,recall,0.8065623807706982,7863,7868
nk_cells,raw,0.05,1000,4,f1,0.8063060199605874,7863,7868
nk_cells,bh,-1.0,1000,4,mae,0.025307182573336674,-1,-1
nk_cells,bh,0.01,1000,4,precision,0.0,0,0
nk_cells,bh,0.01,1000,4,recall,0.0,0,0
nk_cells,bh,0.01,1000,4,f1,0.0,0,0
nk_cells,bh,0.05,1000,4,precision,0.0,0,0
nk_cells,bh,0.05,1000,4,recall,0.0,0,0
nk_cells,bh,0.05,1000,4,f1,0.0,0,0
nk_cells,raw,-1.0,1000,5,mae,0.04788643158254205,-1,-1
nk_cells,raw,0.01,1000,5,precision,0.6889312977099237,2230,2096
nk_cells,raw,0.01,1000,5,recall,0.6475336322869956,2230,2096
nk_cells,raw,0.01,1000,5,f1,0.6675913083680074,2230,2096
nk_cells,raw,0.05,1000,5,precision,0.8211540966523382,7863,7677
nk_cells,raw,0.05,1000,5,recall,0.8017296197380135,7863,7677
nk_cells,raw,0.05,1000,5,f1,0.8113256113256113,7863,7677
nk_cells,bh,-1.0,1000,5,mae,0.023093411292251318,-1,-1
nk_cells,bh,0.01,1000,5,precision,0.0,0,0
nk_cells,bh,0.01,1000,5,recall,0.0,0,0
nk_cells,bh,0.01,1000,5,f1,0.0,0,0
nk_cells,bh,0.05,1000,5,precision,0.0,0,0
nk_cells,bh,0.05,1000,5,recall,0.0,0,0
nk_cells,bh,0.05,1000,5,f1,0.0,0,0
nk_cells,raw,-1.0,1000,6,mae,0.048762860940050785,-1,-1
nk_cells,raw,0.01,1000,6,precision,0.6821094135041893,2230,2029
nk_cells,raw,0.01,1000,6,recall,0.6206278026905829,2230,2029
nk_cells,raw,0.01,1000,6,f1,0.6499178210847617,2230,2029
nk_cells,raw,0.05,1000,6,precision,0.8156185031185031,7863,7696
nk_cells,raw,0.05,1000,6,recall,0.7982958158463691,7863,7696
nk_cells,raw,0.05,1000,6,f1,0.8068641943569638,7863,7696
nk_cells,bh,-1.0,1000,6,mae,0.023835024256874535,-1,-1
nk_cells,bh,0.01,1000,6,precision,0.0,0,0
nk_cells,bh,0.01,1000,6,recall,0.0,0,0
nk_cells,bh,0.01,1000,6,f1,0.0,0,0
nk_cells,bh,0.05,1000,6,precision,0.0,0,0
nk_cells,bh,0.05,1000,6,recall,0.0,0,0
nk_cells,bh,0.05,1000,6,f1,0.0,0,0
nk_cells,raw,-1.0,1000,7,mae,0.053632174718925014,-1,-1
nk_cells,raw,0.01,1000,7,precision,0.6851851851851852,2230,2106
nk_cells,raw,0.01,1000,7,recall,0.647085201793722,2230,2106
nk_cells,raw,0.01,1000,7,f1,0.665590405904059,2230,2106
nk_cells,raw,0.05,1000,7,precision,0.8045390794338901,7863,7843
nk_cells,raw,0.05,1000,7,recall,0.80249268726949,7863,7843
nk_cells,raw,0.05,1000,7,f1,0.803514580415128,7863,7843
nk_cells,bh,-1.0,1000,7,mae,0.025480652019765113,-1,-1
nk_cells,bh,0.01,1000,7,precision,0.0,0,0
nk_cells,bh,0.01,1000,7,recall,0.0,0,0
nk_cells,bh,0.01,1000,7,f1,0.0,0,0
nk_cells,bh,0.05,1000,7,precision,0.0,0,0
nk_cells,bh,0.05,1000,7,recall,0.0,0,0
nk_cells,bh,0.05,1000,7,f1,0.0,0,0
nk_cells,raw,-1.0,1000,8,mae,0.051160194817304556,-1,-1
nk_cells,raw,0.01,1000,8,precision,0.708,2230,2000
nk_cells,raw,0.01,1000,8,recall,0.6349775784753363,2230,2000
nk_cells,raw,0.01,1000,8,f1,0.6695035460992907,2230,2000
nk_cells,raw,0.05,1000,8,precision,0.819620253164557,7863,7584
nk_cells,raw,0.05,1000,8,recall,0.790537962609691,7863,7584
nk_cells,raw,0.05,1000,8,f1,0.8048164692173237,7863,7584
nk_cells,bh,-1.0,1000,8,mae,0.025054583127032168,-1,-1
nk_cells,bh,0.01,1000,8,precision,0.0,0,0
nk_cells,bh,0.01,1000,8,recall,0.0,0,0
nk_cells,bh,0.01,1000,8,f1,0.0,0,0
nk_cells,bh,0.05,1000,8,precision,0.0,0,0
nk_cells,bh,0.05,1000,8,recall,0.0,0,0
nk_cells,bh,0.05,1000,8,f1,0.0,0,0
nk_cells,raw,-1.0,1000,9,mae,0.053258720830134346,-1,-1
nk_cells,raw,0.01,1000,9,precision,0.6445366528354081,2230,2169
nk_cells,raw,0.01,1000,9,recall,0.6269058295964126,2230,2169
nk_cells,raw,0.01,1000,9,f1,0.6355989997726756,2230,2169
nk_cells,raw,0.05,1000,9,precision,0.7845741284637977,7863,7831
nk_cells,raw,0.05,1000,9,recall,0.7813811522319726,7863,7831
nk_cells,raw,0.05,1000,9,f1,0.7829743851153307,7863,7831
nk_cells,bh,-1.0,1000,9,mae,0.026403981875385577,-1,-1
nk_cells,bh,0.01,1000,9,precision,0.0,0,0
nk_cells,bh,0.01,1000,9,recall,0.0,0,0
nk_cells,bh,0.01,1000,9,f1,0.0,0,0
nk_cells,bh,0.05,1000,9,precision,0.0,0,0
nk_cells,bh,0.05,1000,9,recall,0.0,0,0
nk_cells,bh,0.05,1000,9,f1,0.0,0,0
nk_cells,raw,-1.0,1000,10,mae,0.05214832337473847,-1,-1
nk_cells,raw,0.01,1000,10,precision,0.6596244131455399,2230,2130
nk_cells,raw,0.01,1000,10,recall,0.6300448430493274,2230,2130
nk_cells,raw,0.01,1000,10,f1,0.6444954128440367,2230,2130
nk_cells,raw,0.05,1000,10,precision,0.8091927385090769,7863,7767
nk_cells,raw,0.05,1000,10,recall,0.7993132392216711,7863,7767
nk_cells,raw,0.05,1000,10,f1,0.8042226487523992,7863,7767
nk_cells,bh,-1.0,1000,10,mae,0.02495203076568024,-1,-1
nk_cells,bh,0.01,1000,10,precision,0.0,0,0
nk_cells,bh,0.01,1000,10,recall,0.0,0,0
nk_cells,bh,0.01,1000,10,f1,0.0,0,0
nk_cells,bh,0.05,1000,10,precision,0.0,0,0
nk_cells,bh,0.05,1000,10,recall,0.0,0,0
nk_cells,bh,0.05,1000,10,f1,0.0,0,0
nk_cells,raw,-1.0,1000,20,mae,0.05246723077702313,-1,-1
nk_cells,raw,0.01,1000,20,precision,0.7123510292524377,2230,1846
nk_cells,raw,0.01,1000,20,recall,0.5896860986547086,2230,1846
nk_cells,raw,0.01,1000,20,f1,0.6452404317958783,2230,1846
nk_cells,raw,0.05,1000,20,precision,0.8236076033497275,7863,7523
nk_cells,raw,0.05,1000,20,recall,0.7879944041714358,7863,7523
nk_cells,raw,0.05,1000,20,f1,0.8054075133238009,7863,7523
nk_cells,bh,-1.0,1000,20,mae,0.02575784726370139,-1,-1
nk_cells,bh,0.01,1000,20,precision,0.0,0,0
nk_cells,bh,0.01,1000,20,recall,0.0,0,0
nk_cells,bh,0.01,1000,20,f1,0.0,0,0
nk_cells,bh,0.05,1000,20,precision,0.0,0,0
nk_cells,bh,0.05,1000,20,recall,0.0,0,0
nk_cells,bh,0.05,1000,20,f1,0.0,0,0
nk_cells,raw,-1.0,1000,30,mae,0.05295596413705405,-1,-1
nk_cells,raw,0.01,1000,30,precision,0.6827751196172249,2230,2090
nk_cells,raw,0.01,1000,30,recall,0.6399103139013453,2230,2090
nk_cells,raw,0.01,1000,30,f1,0.6606481481481481,2230,2090
nk_cells,raw,0.05,1000,30,precision,0.8088964257761544,7863,7666
nk_cells,raw,0.05,1000,30,recall,0.7886302937809996,7863,7666
nk_cells,raw,0.05,1000,30,f1,0.7986348122866894,7863,7666
nk_cells,bh,-1.0,1000,30,mae,0.02550381627637528,-1,-1
nk_cells,bh,0.01,1000,30,precision,0.0,0,0
nk_cells,bh,0.01,1000,30,recall,0.0,0,0
nk_cells,bh,0.01,1000,30,f1,0.0,0,0
nk_cells,bh,0.05,1000,30,precision,0.0,0,0
nk_cells,bh,0.05,1000,30,recall,0.0,0,0
nk_cells,bh,0.05,1000,30,f1,0.0,0,0
nk_cells,raw,-1.0,1000,40,mae,0.04956810607964819,-1,-1
nk_cells,raw,0.01,1000,40,precision,0.7064356435643564,2230,2020
nk_cells,raw,0.01,1000,40,recall,0.6399103139013453,2230,2020
nk_cells,raw,0.01,1000,40,f1,0.6715294117647059,2230,2020
nk_cells,raw,0.05,1000,40,precision,0.8231094658910629,7863,7564
nk_cells,raw,0.05,1000,40,recall,0.7918097418288185,7863,7564
nk_cells,raw,0.05,1000,40,f1,0.8071562844363778,7863,7564
nk_cells,bh,-1.0,1000,40,mae,0.024427192578504113,-1,-1
nk_cells,bh,0.01,1000,40,precision,0.0,0,0
nk_cells,bh,0.01,1000,40,recall,0.0,0,0
nk_cells,bh,0.01,1000,40,f1,0.0,0,0
nk_cells,bh,0.05,1000,40,precision,0.0,0,0
nk_cells,bh,0.05,1000,40,recall,0.0,0,0
nk_cells,bh,0.05,1000,40,f1,0.0,0,0
nk_cells,raw,-1.0,1000,50,mae,0.051538058231428104,-1,-1
nk_cells,raw,0.01,1000,50,precision,0.7228370221327968,2230,1988
nk_cells,raw,0.01,1000,50,recall,0.6443946188340807,2230,1988
nk_cells,raw,0.01,1000,50,f1,0.6813655761024182,2230,1988
nk_cells,raw,0.05,1000,50,precision,0.8361461794019933,7863,7525
nk_cells,raw,0.05,1000,50,recall,0.8002034846750604,7863,7525
nk_cells,raw,0.05,1000,50,f1,0.8177800883805563,7863,7525
nk_cells,bh,-1.0,1000,50,mae,0.025519276579333162,-1,-1
nk_cells,bh,0.01,1000,50,precision,0.0,0,0
nk_cells,bh,0.01,1000,50,recall,0.0,0,0
nk_cells,bh,0.01,1000,50,f1,0.0,0,0
nk_cells,bh,0.05,1000,50,precision,0.0,0,0
nk_cells,bh,0.05,1000,50,recall,0.0,0,0
nk_cells,bh,0.05,1000,50,f1,0.0,0,0
nk_cells,raw,-1.0,1000,60,mae,0.050696194287424404,-1,-1
nk_cells,raw,0.01,1000,60,precision,0.6709046454767726,2230,2045
nk_cells,raw,0.01,1000,60,recall,0.6152466367713004,2230,2045
nk_cells,raw,0.01,1000,60,f1,0.6418713450292398,2230,2045
nk_cells,raw,0.05,1000,60,precision,0.8176781002638522,7863,7580
nk_cells,raw,0.05,1000,60,recall,0.7882487600152613,7863,7580
nk_cells,raw,0.05,1000,60,f1,0.8026937771158453,7863,7580
nk_cells,bh,-1.0,1000,60,mae,0.024875668581785387,-1,-1
nk_cells,bh,0.01,1000,60,precision,0.0,0,0
nk_cells,bh,0.01,1000,60,recall,0.0,0,0
nk_cells,bh,0.01,1000,60,f1,0.0,0,0
nk_cells,bh,0.05,1000,60,precision,0.0,0,0
nk_cells,bh,0.05,1000,60,recall,0.0,0,0
nk_cells,bh,0.05,1000,60,f1,0.0,0,0
nk_cells,raw,-1.0,1000,70,mae,0.05500997368816491,-1,-1
nk_cells,raw,0.01,1000,70,precision,0.6785028790786948,2230,2084
nk_cells,raw,0.01,1000,70,recall,0.6340807174887892,2230,2084
nk_cells,raw,0.01,1000,70,f1,0.6555401019935095,2230,2084
nk_cells,raw,0.05,1000,70,precision,0.8192959582790091,7863,7670
nk_cells,raw,0.05,1000,70,recall,0.7991860612997583,7863,7670
nk_cells,raw,0.05,1000,70,f1,0.8091160754522629,7863,7670
nk_cells,bh,-1.0,1000,70,mae,0.025949294921303632,-1,-1
nk_cells,bh,0.01,1000,70,precision,0.0,0,0
nk_cells,bh,0.01,1000,70,recall,0.0,0,0
nk_cells,bh,0.01,1000,70,f1,0.0,0,0
nk_cells,bh,0.05,1000,70,precision,0.0,0,0
nk_cells,bh,0.05,1000,70,recall,0.0,0,0
nk_cells,bh,0.05,1000,70,f1,0.0,0,0
nk_cells,raw,-1.0,1000,80,mae,0.04960243456343383,-1,-1
nk_cells,raw,0.01,1000,80,precision,0.6866757617098681,2230,2199
nk_cells,raw,0.01,1000,80,recall,0.6771300448430493,2230,2199
nk_cells,raw,0.01,1000,80,f1,0.6818694965003387,2230,2199
nk_cells,raw,0.05,1000,80,precision,0.8147118301314459,7863,7912
nk_cells,raw,0.05,1000,80,recall,0.8197888846496248,7863,7912
nk_cells,raw,0.05,1000,80,f1,0.817242472266244,7863,7912
nk_cells,bh,-1.0,1000,80,mae,0.024054780835422906,-1,-1
nk_cells,bh,0.01,1000,80,precision,0.0,0,0
nk_cells,bh,0.01,1000,80,recall,0.0,0,0
nk_cells,bh,0.01,1000,80,f1,0.0,0,0
nk_cells,bh,0.05,1000,80,precision,0.0,0,0
nk_cells,bh,0.05,1000,80,recall,0.0,0,0
nk_cells,bh,0.05,1000,80,f1,0.0,0,0
nk_cells,raw,-1.0,1000,90,mae,0.04889633134863451,-1,-1
nk_cells,raw,0.01,1000,90,precision,0.7057129140662506,2230,2083
nk_cells,raw,0.01,1000,90,recall,0.6591928251121076,2230,2083
nk_cells,raw,0.01,1000,90,f1,0.6816600973800139,2230,2083
nk_cells,raw,0.05,1000,90,precision,0.8285266866762364,7863,7663
nk_cells,raw,0.05,1000,90,recall,0.8074526262240875,7863,7663
nk_cells,raw,0.05,1000,90,f1,0.8178539224526601,7863,7663
nk_cells,bh,-1.0,1000,90,mae,0.02378152323174426,-1,-1
nk_cells,bh,0.01,1000,90,precision,0.0,0,0
nk_cells,bh,0.01,1000,90,recall,0.0,0,0
nk_cells,bh,0.01,1000,90,f1,0.0,0,0
nk_cells,bh,0.05,1000,90,precision,0.0,0,0
nk_cells,bh,0.05,1000,90,recall,0.0,0,0
nk_cells,bh,0.05,1000,90,f1,0.0,0,0
nk_cells,raw,-1.0,1000,100,mae,0.05391942567814814,-1,-1
nk_cells,raw,0.01,1000,100,precision,0.6666666666666666,2230,2082
nk_cells,raw,0.01,1000,100,recall,0.6224215246636772,2230,2082
nk_cells,raw,0.01,1000,100,f1,0.6437847866419295,2230,2082
nk_cells,raw,0.05,1000,100,precision,0.7997402597402598,7863,7700
nk_cells,raw,0.05,1000,100,recall,0.7831616431387511,7863,7700
nk_cells,raw,0.05,1000,100,f1,0.7913641328792649,7863,7700
nk_cells,bh,-1.0,1000,100,mae,0.026154971397436555,-1,-1
nk_cells,bh,0.01,1000,100,precision,0.0,0,0
nk_cells,bh,0.01,1000,100,recall,0.0,0,0
nk_cells,bh,0.01,1000,100,f1,0.0,0,0
nk_cells,bh,0.05,1000,100,precision,0.0,0,0
nk_cells,bh,0.05,1000,100,recall,0.0,0,0
nk_cells,bh,0.05,1000,100,f1,0.0,0,0
nk_cells,raw,-1.0,3000,1,mae,0.05735982844269576,-1,-1
nk_cells,raw,0.01,3000,1,precision,0.642962962962963,2181,2025
nk_cells,raw,0.01,3000,1,recall,0.5969738651994498,2181,2025
nk_cells,raw,0.01,3000,1,f1,0.6191155492154066,2181,2025
nk_cells,raw,0.05,3000,1,precision,0.8076120959332638,7894,7672
nk_cells,raw,0.05,3000,1,recall,0.784899923992906,7894,7672
nk_cells,raw,0.05,3000,1,f1,0.7960940511370936,7894,7672
nk_cells,bh,-1.0,3000,1,mae,0.02862215364946861,-1,-1
nk_cells,bh,0.01,3000,1,precision,0.0,0,0
nk_cells,bh,0.01,3000,1,recall,0.0,0,0
nk_cells,bh,0.01,3000,1,f1,0.0,0,0
nk_cells,bh,0.05,3000,1,precision,0.0,0,0
nk_cells,bh,0.05,3000,1,recall,0.0,0,0
nk_cells,bh,0.05,3000,1,f1,0.0,0,0
nk_cells,raw,-1.0,3000,2,mae,0.05146142652916334,-1,-1
nk_cells,raw,0.01,3000,2,precision,0.699749373433584,2181,1995
nk_cells,raw,0.01,3000,2,recall,0.6400733608436497,2181,1995
nk_cells,raw,0.01,3000,2,f1,0.6685823754789272,2181,1995
nk_cells,raw,0.05,3000,2,precision,0.830537577598732,7894,7571
nk_cells,raw,0.05,3000,2,recall,0.7965543450722068,7894,7571
nk_cells,raw,0.05,3000,2,f1,0.8131910766246363,7894,7571
nk_cells,bh,-1.0,3000,2,mae,0.026085489918034957,-1,-1
nk_cells,bh,0.01,3000,2,precision,0.0,0,0
nk_cells,bh,0.01,3000,2,recall,0.0,0,0
nk_cells,bh,0.01,3000,2,f1,0.0,0,0
nk_cells,bh,0.05,3000,2,precision,0.0,0,0
nk_cells,bh,0.05,3000,2,recall,0.0,0,0
nk_cells,bh,0.05,3000,2,f1,0.0,0,0
nk_cells,raw,-1.0,3000,3,mae,0.046649504976855515,-1,-1
nk_cells,raw,0.01,3000,3,precision,0.7014335145823035,2181,2023
nk_cells,raw,0.01,3000,3,recall,0.6506189821182944,2181,2023
nk_cells,raw,0.01,3000,3,f1,0.6750713606089439,2181,2023
nk_cells,raw,0.05,3000,3,precision,0.8333333333333334,7894,7674
nk_cells,raw,0.05,3000,3,recall,0.8101089435013935,7894,7674
nk_cells,raw,0.05,3000,3,f1,0.82155704008222,7894,7674
nk_cells,bh,-1.0,3000,3,mae,0.023666321042364383,-1,-1
nk_cells,bh,0.01,3000,3,precision,0.0,0,0
nk_cells,bh,0.01,3000,3,recall,0.0,0,0
nk_cells,bh,0.01,3000,3,f1,0.0,0,0
nk_cells,bh,0.05,3000,3,precision,0.0,0,0
nk_cells,bh,0.05,3000,3,recall,0.0,0,0
nk_cells,bh,0.05,3000,3,f1,0.0,0,0
nk_cells,raw,-1.0,3000,4,mae,0.045872195652993226,-1,-1
nk_cells,raw,0.01,3000,4,precision,0.6830188679245283,2181,2120
nk_cells,raw,0.01,3000,4,recall,0.6639156350298029,2181,2120
nk_cells,raw,0.01,3000,4,f1,0.6733317833062079,2181,2120
nk_cells,raw,0.05,3000,4,precision,0.8229100596219713,7894,7883
nk_cells,raw,0.05,3000,4,recall,0.8217633645806942,7894,7883
nk_cells,raw,0.05,3000,4,f1,0.8223363123534259,7894,7883
nk_cells,bh,-1.0,3000,4,mae,0.022860741070970643,-1,-1
nk_cells,bh,0.01,3000,4,precision,0.0,0,0
nk_cells,bh,0.01,3000,4,recall,0.0,0,0
nk_cells,bh,0.01,3000,4,f1,0.0,0,0
nk_cells,bh,0.05,3000,4,precision,0.0,0,0
nk_cells,bh,0.05,3000,4,recall,0.0,0,0
nk_cells,bh,0.05,3000,4,f1,0.0,0,0
nk_cells,raw,-1.0,3000,5,mae,0.05263104561576344,-1,-1
nk_cells,raw,0.01,3000,5,precision,0.6907669760625306,2181,2047
nk_cells,raw,0.01,3000,5,recall,0.6483264557542412,2181,2047
nk_cells,raw,0.01,3000,5,f1,0.6688741721854304,2181,2047
nk_cells,raw,0.05,3000,5,precision,0.8333116121464876,7894,7673
nk_cells,raw,0.05,3000,5,recall,0.809982265011401,7894,7673
nk_cells,raw,0.05,3000,5,f1,0.8214813387293634,7894,7673
nk_cells,bh,-1.0,3000,5,mae,0.02583170098952103,-1,-1
nk_cells,bh,0.01,3000,5,precision,0.0,0,0
nk_cells,bh,0.01,3000,5,recall,0.0,0,0
nk_cells,bh,0.01,3000,5,f1,0.0,0,0
nk_cells,bh,0.05,3000,5,precision,0.0,0,0
nk_cells,bh,0.05,3000,5,recall,0.0,0,0
nk_cells,bh,0.05,3000,5,f1,0.0,0,0
nk_cells,raw,-1.0,3000,6,mae,0.052077928979578046,-1,-1
nk_cells,raw,0.01,3000,6,precision,0.6608325449385052,2181,2114
nk_cells,raw,0.01,3000,6,recall,0.6405318661164603,2181,2114
nk_cells,raw,0.01,3000,6,f1,0.650523864959255,2181,2114
nk_cells,raw,0.05,3000,6,precision,0.819024327455271,7894,7769
nk_cells,raw,0.05,3000,6,recall,0.8060552318216366,7894,7769
nk_cells,raw,0.05,3000,6,f1,0.8124880291131967,7894,7769
nk_cells,bh,-1.0,3000,6,mae,0.026318277342727577,-1,-1
nk_cells,bh,0.01,3000,6,precision,0.0,0,0
nk_cells,bh,0.01,3000,6,recall,0.0,0,0
nk_cells,bh,0.01,3000,6,f1,0.0,0,0
nk_cells,bh,0.05,3000,6,precision,0.0,0,0
nk_cells,bh,0.05,3000,6,recall,0.0,0,0
nk_cells,bh,0.05,3000,6,f1,0.0,0,0
nk_cells,raw,-1.0,3000,7,mae,0.04773447939264264,-1,-1
nk_cells,raw,0.01,3000,7,precision,0.7178978681209718,2181,2017
nk_cells,raw,0.01,3000,7,recall,0.6639156350298029,2181,2017
nk_cells,raw,0.01,3000,7,f1,0.6898523106241067,2181,2017
nk_cells,raw,0.05,3000,7,precision,0.8429203539823009,7894,7684
nk_cells,raw,0.05,3000,7,recall,0.8204965796807702,7894,7684
nk_cells,raw,0.05,3000,7,f1,0.8315573244318911,7894,7684
nk_cells,bh,-1.0,3000,7,mae,0.02357252783860387,-1,-1
nk_cells,bh,0.01,3000,7,precision,0.0,0,0
nk_cells,bh,0.01,3000,7,recall,0.0,0,0
nk_cells,bh,0.01,3000,7,f1,0.0,0,0
nk_cells,bh,0.05,3000,7,precision,0.0,0,0
nk_cells,bh,0.05,3000,7,recall,0.0,0,0
nk_cells,bh,0.05,3000,7,f1,0.0,0,0
nk_cells,raw,-1.0,3000,8,mae,0.04971588209924193,-1,-1
nk_cells,raw,0.01,3000,8,precision,0.6786916786916787,2181,2079
nk_cells,raw,0.01,3000,8,recall,0.6469509399358092,2181,2079
nk_cells,raw,0.01,3000,8,f1,0.6624413145539906,2181,2079
nk_cells,raw,0.05,3000,8,precision,0.8269932256383533,7894,7676
nk_cells,raw,0.05,3000,8,recall,0.8041550544717507,7894,7676
nk_cells,raw,0.05,3000,8,f1,0.8154142581888246,7894,7676
nk_cells,bh,-1.0,3000,8,mae,0.02479019657948222,-1,-1
nk_cells,bh,0.01,3000,8,precision,0.0,0,0
nk_cells,bh,0.01,3000,8,recall,0.0,0,0
nk_cells,bh,0.01,3000,8,f1,0.0,0,0
nk_cells,bh,0.05,3000,8,precision,0.0,0,0
nk_cells,bh,0.05,3000,8,recall,0.0,0,0
nk_cells,bh,0.05,3000,8,f1,0.0,0,0
nk_cells,raw,-1.0,3000,9,mae,0.05038669517665784,-1,-1
nk_cells,raw,0.01,3000,9,precision,0.6782608695652174,2181,2070
nk_cells,raw,0.01,3000,9,recall,0.6437414030261348,2181,2070
nk_cells,raw,0.01,3000,9,f1,0.6605504587155964,2181,2070
nk_cells,raw,0.05,3000,9,precision,0.8230458045152029,7894,7663
nk_cells,raw,0.05,3000,9,recall,0.7989612363820623,7894,7663
nk_cells,raw,0.05,3000,9,f1,0.8108247091341518,7894,7663
nk_cells,bh,-1.0,3000,9,mae,0.024676254586899062,-1,-1
nk_cells,bh,0.01,3000,9,precision,0.0,0,0
nk_cells,bh,0.01,3000,9,recall,0.0,0,0
nk_cells,bh,0.01,3000,9,f1,0.0,0,0
nk_cells,bh,0.05,3000,9,precision,0.0,0,0
nk_cells,bh,0.05,3000,9,recall,0.0,0,0
nk_cells,bh,0.05,3000,9,f1,0.0,0,0
nk_cells,raw,-1.0,3000,10,mae,0.052263805673573485,-1,-1
nk_cells,raw,0.01,3000,10,precision,0.6778425655976676,2181,2058
nk_cells,raw,0.01,3000,10,recall,0.6396148555708391,2181,2058
nk_cells,raw,0.01,3000,10,f1,0.6581740976645435,2181,2058
nk_cells,raw,0.05,3000,10,precision,0.8263144127648444,7894,7646
nk_cells,raw,0.05,3000,10,recall,0.8003546997719787,7894,7646
nk_cells,raw,0.05,3000,10,f1,0.8131274131274131,7894,7646
nk_cells,bh,-1.0,3000,10,mae,0.025798475588916358,-1,-1
nk_cells,bh,0.01,3000,10,precision,0.0,0,0
nk_cells,bh,0.01,3000,10,recall,0.0,0,0
nk_cells,bh,0.01,3000,10,f1,0.0,0,0
nk_cells,bh,0.05,3000,10,precision,0.0,0,0
nk_cells,bh,0.05,3000,10,recall,0.0,0,0
nk_cells,bh,0.05,3000,10,f1,0.0,0,0
nk_cells,raw,-1.0,3000,20,mae,0.04499525684263849,-1,-1
nk_cells,raw,0.01,3000,20,precision,0.7334987593052109,2181,2015
nk_cells,raw,0.01,3000,20,recall,0.6776707932141219,2181,2015
nk_cells,raw,0.01,3000,20,f1,0.7044804575786463,2181,2015
nk_cells,raw,0.05,3000,20,precision,0.8455391065112013,7894,7633
nk_cells,raw,0.05,3000,20,recall,0.8175829744109451,7894,7633
nk_cells,raw,0.05,3000,20,f1,0.831326077155922,7894,7633
nk_cells,bh,-1.0,3000,20,mae,0.023914572183582967,-1,-1
nk_cells,bh,0.01,3000,20,precision,0.0,0,0
nk_cells,bh,0.01,3000,20,recall,0.0,0,0
nk_cells,bh,0.01,3000,20,f1,0.0,0,0
nk_cells,bh,0.05,3000,20,precision,0.0,0,0
nk_cells,bh,0.05,3000,20,recall,0.0,0,0
nk_cells,bh,0.05,3000,20,f1,0.0,0,0
nk_cells,raw,-1.0,3000,30,mae,0.05006063823214545,-1,-1
nk_cells,raw,0.01,3000,30,precision,0.6981566820276498,2181,2170
nk_cells,raw,0.01,3000,30,recall,0.6946354883081155,2181,2170
nk_cells,raw,0.01,3000,30,f1,0.6963916341071018,2181,2170
nk_cells,raw,0.05,3000,30,precision,0.8265149578113015,7894,7822
nk_cells,raw,0.05,3000,30,recall,0.8189764378008614,7894,7822
nk_cells,raw,0.05,3000,30,f1,0.822728429625859,7894,7822
nk_cells,bh,-1.0,3000,30,mae,0.024668633541113212,-1,-1
nk_cells,bh,0.01,3000,30,precision,0.0,0,0
nk_cells,bh,0.01,3000,30,recall,0.0,0,0
nk_cells,bh,0.01,3000,30,f1,0.0,0,0
nk_cells,bh,0.05,3000,30,precision,0.0,0,0
nk_cells,bh,0.05,3000,30,recall,0.0,0,0
nk_cells,bh,0.05,3000,30,f1,0.0,0,0
nk_cells,raw,-1.0,3000,40,mae,0.04568667019991615,-1,-1
nk_cells,raw,0.01,3000,40,precision,0.7020348837209303,2181,2064
nk_cells,raw,0.01,3000,40,recall,0.6643741403026134,2181,2064
nk_cells,raw,0.01,3000,40,f1,0.6826855123674912,2181,2064
nk_cells,raw,0.05,3000,40,precision,0.8464365402283764,7894,7619
nk_cells,raw,0.05,3000,40,recall,0.816949581960983,7894,7619
nk_cells,raw,0.05,3000,40,f1,0.8314317024431123,7894,7619
nk_cells,bh,-1.0,3000,40,mae,0.02327195128676229,-1,-1
nk_cells,bh,0.01,3000,40,precision,0.0,0,0
nk_cells,bh,0.01,3000,40,recall,0.0,0,0
nk_cells,bh,0.01,3000,40,f1,0.0,0,0
nk_cells,bh,0.05,3000,40,precision,0.0,0,0
nk_cells,bh,0.05,3000,40,recall,0.0,0,0
nk_cells,bh,0.05,3000,40,f1,0.0,0,0
nk_cells,raw,-1.0,3000,50,mae,0.045259930046156215,-1,-1
nk_cells,raw,0.01,3000,50,precision,0.7342799188640974,2181,1972
nk_cells,raw,0.01,3000,50,recall,0.6639156350298029,2181,1972
nk_cells,raw,0.01,3000,50,f1,0.697327233325307,2181,1972
nk_cells,raw,0.05,3000,50,precision,0.8508411710160286,7894,7549
nk_cells,raw,0.05,3000,50,recall,0.8136559412211807,7894,7549
nk_cells,raw,0.05,3000,50,f1,0.8318331930324419,7894,7549
nk_cells,bh,-1.0,3000,50,mae,0.023658636561141352,-1,-1
nk_cells,bh,0.01,3000,50,precision,0.0,0,0
nk_cells,bh,0.01,3000,50,recall,0.0,0,0
nk_cells,bh,0.01,3000,50,f1,0.0,0,0
nk_cells,bh,0.05,3000,50,precision,0.0,0,0
nk_cells,bh,0.05,3000,50,recall,0.0,0,0
nk_cells,bh,0.05,3000,50,f1,0.0,0,0
nk_cells,raw,-1.0,3000,60,mae,0.051531942534035334,-1,-1
nk_cells,raw,0.01,3000,60,precision,0.6912878787878788,2181,2112
nk_cells,raw,0.01,3000,60,recall,0.6694176983035305,2181,2112
nk_cells,raw,0.01,3000,60,f1,0.6801770323782902,2181,2112
nk_cells,raw,0.05,3000,60,precision,0.8310872693968337,7894,7643
nk_cells,raw,0.05,3000,60,recall,0.8046617684317203,7894,7643
nk_cells,raw,0.05,3000,60,f1,0.8176610671300766,7894,7643
nk_cells,bh,-1.0,3000,60,mae,0.025513517631099724,-1,-1
nk_cells,bh,0.01,3000,60,precision,0.0,0,0
nk_cells,bh,0.01,3000,60,recall,0.0,0,0
nk_cells,bh,0.01,3000,60,f1,0.0,0,0
nk_cells,bh,0.05,3000,60,precision,0.0,0,0
nk_cells,bh,0.05,3000,60,recall,0.0,0,0
nk_cells,bh,0.05,3000,60,f1,0.0,0,0
nk_cells,raw,-1.0,3000,70,mae,0.05323304181624993,-1,-1
nk_cells,raw,0.01,3000,70,precision,0.7029164607019278,2181,2023
nk_cells,raw,0.01,3000,70,recall,0.6519944979367263,2181,2023
nk_cells,raw,0.01,3000,70,f1,0.6764985727878211,2181,2023
nk_cells,raw,0.05,3000,70,precision,0.8292040063257775,7894,7588
nk_cells,raw,0.05,3000,70,recall,0.7970610590321764,7894,7588
nk_cells,raw,0.05,3000,70,f1,0.8128148817982173,7894,7588
nk_cells,bh,-1.0,3000,70,mae,0.026726760955530594,-1,-1
nk_cells,bh,0.01,3000,70,precision,0.0,0,0
nk_cells,bh,0.01,3000,70,recall,0.0,0,0
nk_cells,bh,0.01,3000,70,f1,0.0,0,0
nk_cells,bh,0.05,3000,70,precision,0.0,0,0
nk_cells,bh,0.05,3000,70,recall,0.0,0,0
nk_cells,bh,0.05,3000,70,f1,0.0,0,0
nk_cells,raw,-1.0,3000,80,mae,0.0547553682520429,-1,-1
nk_cells,raw,0.01,3000,80,precision,0.7053212851405622,2181,1992
nk_cells,raw,0.01,3000,80,recall,0.6441999082989455,2181,1992
nk_cells,raw,0.01,3000,80,f1,0.6733764677689912,2181,1992
nk_cells,raw,0.05,3000,80,precision,0.8266719430154333,7894,7581
nk_cells,raw,0.05,3000,80,recall,0.7938940967823663,7894,7581
nk_cells,raw,0.05,3000,80,f1,0.8099515347334411,7894,7581
nk_cells,bh,-1.0,3000,80,mae,0.026963257917373456,-1,-1
nk_cells,bh,0.01,3000,80,precision,0.0,0,0
nk_cells,bh,0.01,3000,80,recall,0.0,0,0
nk_cells,bh,0.01,3000,80,f1,0.0,0,0
nk_cells,bh,0.05,3000,80,precision,0.0,0,0
nk_cells,bh,0.05,3000,80,recall,0.0,0,0
nk_cells,bh,0.05,3000,80,f1,0.0,0,0
nk_cells,raw,-1.0,3000,90,mae,0.04333278088990891,-1,-1
nk_cells,raw,0.01,3000,90,precision,0.70166015625,2181,2048
nk_cells,raw,0.01,3000,90,recall,0.6588720770288858,2181,2048
nk_cells,raw,0.01,3000,90,f1,0.6795932844644124,2181,2048
nk_cells,raw,0.05,3000,90,precision,0.8316048742546021,7894,7714
nk_cells,raw,0.05,3000,90,recall,0.8126425133012415,7894,7714
nk_cells,raw,0.05,3000,90,f1,0.8220143516145566,7894,7714
nk_cells,bh,-1.0,3000,90,mae,0.022106926772491223,-1,-1
nk_cells,bh,0.01,3000,90,precision,0.0,0,0
nk_cells,bh,0.01,3000,90,recall,0.0,0,0
nk_cells,bh,0.01,3000,90,f1,0.0,0,0
nk_cells,bh,0.05,3000,90,precision,0.0,0,0
nk_cells,bh,0.05,3000,90,recall,0.0,0,0
nk_cells,bh,0.05,3000,90,f1,0.0,0,0
nk_cells,raw,-1.0,3000,100,mae,0.0490042372650668,-1,-1
nk_cells,raw,0.01,3000,100,precision,0.6706976744186046,2181,2150
nk_cells,raw,0.01,3000,100,recall,0.661164603392939,2181,2150
nk_cells,raw,0.01,3000,100,f1,0.6658970214731009,2181,2150
nk_cells,raw,0.05,3000,100,precision,0.8262947178096345,7894,7743
nk_cells,raw,0.05,3000,100,recall,0.8104889789713706,7894,7743
nk_cells,raw,0.05,3000,100,f1,0.8183155336701413,7894,7743
nk_cells,bh,-1.0,3000,100,mae,0.024964534123420132,-1,-1
nk_cells,bh,0.01,3000,100,precision,0.0,0,0
nk_cells,bh,0.01,3000,100,recall,0.0,0,0
nk_cells,bh,0.01,3000,100,f1,0.0,0,0
nk_cells,bh,0.05,3000,100,precision,0.0,0,0
nk_cells,bh,0.05,3000,100,recall,0.0,0,0
nk_cells,bh,0.05,3000,100,f1,0.0,0,0
nk_cells,raw,-1.0,5000,1,mae,0.057589991962606744,-1,-1
nk_cells,raw,0.01,5000,1,precision,0.6942307692307692,2201,2080
nk_cells,raw,0.01,5000,1,recall,0.656065424806906,2201,2080
nk_cells,raw,0.01,5000,1,f1,0.6746087362765709,2201,2080
nk_cells,raw,0.05,5000,1,precision,0.8212509814184769,7799,7642
nk_cells,raw,0.05,5000,1,recall,0.8047185536607258,7799,7642
nk_cells,raw,0.05,5000,1,f1,0.8129007188653584,7799,7642
nk_cells,bh,-1.0,5000,1,mae,0.028241003132292893,-1,-1
nk_cells,bh,0.01,5000,1,precision,0.0,0,0
nk_cells,bh,0.01,5000,1,recall,0.0,0,0
nk_cells,bh,0.01,5000,1,f1,0.0,0,0
nk_cells,bh,0.05,5000,1,precision,0.0,0,0
nk_cells,bh,0.05,5000,1,recall,0.0,0,0
nk_cells,bh,0.05,5000,1,f1,0.0,0,0
nk_cells,raw,-1.0,5000,2,mae,0.0552000514833262,-1,-1
nk_cells,raw,0.01,5000,2,precision,0.7077003666841278,2201,1909
nk_cells,raw,0.01,5000,2,recall,0.6138119036801454,2201,1909
nk_cells,raw,0.01,5000,2,f1,0.6574209245742092,2201,1909
nk_cells,raw,0.05,5000,2,precision,0.8253124169103961,7799,7522
nk_cells,raw,0.05,5000,2,recall,0.7959994871137326,7799,7522
nk_cells,raw,0.05,5000,2,f1,0.8103909666470857,7799,7522
nk_cells,bh,-1.0,5000,2,mae,0.02791012955353893,-1,-1
nk_cells,bh,0.01,5000,2,precision,0.0,0,0
nk_cells,bh,0.01,5000,2,recall,0.0,0,0
nk_cells,bh,0.01,5000,2,f1,0.0,0,0
nk_cells,bh,0.05,5000,2,precision,0.0,0,0
nk_cells,bh,0.05,5000,2,recall,0.0,0,0
nk_cells,bh,0.05,5000,2,f1,0.0,0,0
nk_cells,raw,-1.0,5000,3,mae,0.04434986303045072,-1,-1
nk_cells,raw,0.01,5000,3,precision,0.7118126272912424,2201,1964
nk_cells,raw,0.01,5000,3,recall,0.6351658337119491,2201,1964
nk_cells,raw,0.01,5000,3,f1,0.6713085234093638,2201,1964
nk_cells,raw,0.05,5000,3,precision,0.8394964594807238,7799,7626
nk_cells,raw,0.05,5000,3,recall,0.8208744710860366,7799,7626
nk_cells,raw,0.05,5000,3,f1,0.8300810372771474,7799,7626
nk_cells,bh,-1.0,5000,3,mae,0.023364152160832163,-1,-1
nk_cells,bh,0.01,5000,3,precision,0.0,0,0
nk_cells,bh,0.01,5000,3,recall,0.0,0,0
nk_cells,bh,0.01,5000,3,f1,0.0,0,0
nk_cells,bh,0.05,5000,3,precision,0.0,0,0
nk_cells,bh,0.05,5000,3,recall,0.0,0,0
nk_cells,bh,0.05,5000,3,f1,0.0,0,0
nk_cells,raw,-1.0,5000,4,mae,0.04996752573170409,-1,-1
nk_cells,raw,0.01,5000,4,precision,0.6338418862690708,2201,2163
nk_cells,raw,0.01,5000,4,recall,0.6228986824170831,2201,2163
nk_cells,raw,0.01,5000,4,f1,0.6283226397800183,2201,2163
nk_cells,raw,0.05,5000,4,precision,0.7945417095777549,7799,7768
nk_cells,raw,0.05,5000,4,recall,0.7913835107065008,7799,7768
nk_cells,raw,0.05,5000,4,f1,0.7929594655360699,7799,7768
nk_cells,bh,-1.0,5000,4,mae,0.025310420194689702,-1,-1
nk_cells,bh,0.01,5000,4,precision,0.0,0,0
nk_cells,bh,0.01,5000,4,recall,0.0,0,0
nk_cells,bh,0.01,5000,4,f1,0.0,0,0
nk_cells,bh,0.05,5000,4,precision,0.0,0,0
nk_cells,bh,0.05,5000,4,recall,0.0,0,0
nk_cells,bh,0.05,5000,4,f1,0.0,0,0
nk_cells,raw,-1.0,5000,5,mae,0.05061459248152478,-1,-1
nk_cells,raw,0.01,5000,5,precision,0.6705258080077183,2201,2073
nk_cells,raw,0.01,5000,5,recall,0.631531122217174,2201,2073
nk_cells,raw,0.01,5000,5,f1,0.6504445484323819,2201,2073
nk_cells,raw,0.05,5000,5,precision,0.8164483071734336,7799,7709
nk_cells,raw,0.05,5000,5,recall,0.8070265418643415,7799,7709
nk_cells,raw,0.05,5000,5,f1,0.8117100851173588,7799,7709
nk_cells,bh,-1.0,5000,5,mae,0.024940109446926022,-1,-1
nk_cells,bh,0.01,5000,5,precision,0.0,0,0
nk_cells,bh,0.01,5000,5,recall,0.0,0,0
nk_cells,bh,0.01,5000,5,f1,0.0,0,0
nk_cells,bh,0.05,5000,5,precision,0.0,0,0
nk_cells,bh,0.05,5000,5,recall,0.0,0,0
nk_cells,bh,0.05,5000,5,f1,0.0,0,0
nk_cells,raw,-1.0,5000,6,mae,0.04549890064150129,-1,-1
nk_cells,raw,0.01,5000,6,precision,0.6398169336384439,2201,2185
nk_cells,raw,0.01,5000,6,recall,0.6351658337119491,2201,2185
nk_cells,raw,0.01,5000,6,f1,0.6374829001367989,2201,2185
nk_cells,raw,0.05,5000,6,precision,0.8054390646842038,7799,7869
nk_cells,raw,0.05,5000,6,recall,0.8126682908065137,7799,7869
nk_cells,raw,0.05,5000,6,f1,0.8090375287209599,7799,7869
nk_cells,bh,-1.0,5000,6,mae,0.02381984850866504,-1,-1
nk_cells,bh,0.01,5000,6,precision,0.0,0,0
nk_cells,bh,0.01,5000,6,recall,0.0,0,0
nk_cells,bh,0.01,5000,6,f1,0.0,0,0
nk_cells,bh,0.05,5000,6,precision,0.0,0,0
nk_cells,bh,0.05,5000,6,recall,0.0,0,0
nk_cells,bh,0.05,5000,6,f1,0.0,0,0
nk_cells,raw,-1.0,5000,7,mae,0.048377093317501785,-1,-1
nk_cells,raw,0.01,5000,7,precision,0.7262716308337703,2201,1907
nk_cells,raw,0.01,5000,7,recall,0.6292594275329396,2201,1907
nk_cells,raw,0.01,5000,7,f1,0.6742940603700097,2201,1907
nk_cells,raw,0.05,5000,7,precision,0.8322425537598505,7799,7487
nk_cells,raw,0.05,5000,7,recall,0.7989485831516862,7799,7487
nk_cells,raw,0.05,5000,7,f1,0.8152557896114091,7799,7487
nk_cells,bh,-1.0,5000,7,mae,0.025502721038428766,-1,-1
nk_cells,bh,0.01,5000,7,precision,0.0,0,0
nk_cells,bh,0.01,5000,7,recall,0.0,0,0
nk_cells,bh,0.01,5000,7,f1,0.0,0,0
nk_cells,bh,0.05,5000,7,precision,0.0,0,0
nk_cells,bh,0.05,5000,7,recall,0.0,0,0
nk_cells,bh,0.05,5000,7,f1,0.0,0,0
nk_cells,raw,-1.0,5000,8,mae,0.046488343840665844,-1,-1
nk_cells,raw,0.01,5000,8,precision,0.720166753517457,2201,1919
nk_cells,raw,0.01,5000,8,recall,0.6278964107223989,2201,1919
nk_cells,raw,0.01,5000,8,f1,0.670873786407767,2201,1919
nk_cells,raw,0.05,5000,8,precision,0.8407198495836691,7799,7446
nk_cells,raw,0.05,5000,8,recall,0.8026670085908449,7799,7446
nk_cells,raw,0.05,5000,8,f1,0.8212528697933749,7799,7446
nk_cells,bh,-1.0,5000,8,mae,0.025187635250656183,-1,-1
nk_cells,bh,0.01,5000,8,precision,0.0,0,0
nk_cells,bh,0.01,5000,8,recall,0.0,0,0
nk_cells,bh,0.01,5000,8,f1,0.0,0,0
nk_cells,bh,0.05,5000,8,precision,0.0,0,0
nk_cells,bh,0.05,5000,8,recall,0.0,0,0
nk_cells,bh,0.05,5000,8,f1,0.0,0,0
nk_cells,raw,-1.0,5000,9,mae,0.04612111729651539,-1,-1
nk_cells,raw,0.01,5000,9,precision,0.6942928039702233,2201,2015
nk_cells,raw,0.01,5000,9,recall,0.635620172648796,2201,2015
nk_cells,raw,0.01,5000,9,f1,0.6636622390891841,2201,2015
nk_cells,raw,0.05,5000,9,precision,0.8239905919247354,7799,7653
nk_cells,raw,0.05,5000,9,recall,0.8085652006667522,7799,7653
nk_cells,raw,0.05,5000,9,f1,0.8162050220036241,7799,7653
nk_cells,bh,-1.0,5000,9,mae,0.022958559774847266,-1,-1
nk_cells,bh,0.01,5000,9,precision,0.0,0,0
nk_cells,bh,0.01,5000,9,recall,0.0,0,0
nk_cells,bh,0.01,5000,9,f1,0.0,0,0
nk_cells,bh,0.05,5000,9,precision,0.0,0,0
nk_cells,bh,0.05,5000,9,recall,0.0,0,0
nk_cells,bh,0.05,5000,9,f1,0.0,0,0
nk_cells,raw,-1.0,5000,10,mae,0.048425452466163255,-1,-1
nk_cells,raw,0.01,5000,10,precision,0.6754051477597712,2201,2098
nk_cells,raw,0.01,5000,10,recall,0.64379827351204,2201,2098
nk_cells,raw,0.01,5000,10,f1,0.659223075133752,2201,2098
nk_cells,raw,0.05,5000,10,precision,0.8148817982172846,7799,7741
nk_cells,raw,0.05,5000,10,recall,0.8088216438004873,7799,7741
nk_cells,raw,0.05,5000,10,f1,0.8118404118404119,7799,7741
nk_cells,bh,-1.0,5000,10,mae,0.024099298033089533,-1,-1
nk_cells,bh,0.01,5000,10,precision,0.0,0,0
nk_cells,bh,0.01,5000,10,recall,0.0,0,0
nk_cells,bh,0.01,5000,10,f1,0.0,0,0
nk_cells,bh,0.05,5000,10,precision,0.0,0,0
nk_cells,bh,0.05,5000,10,recall,0.0,0,0
nk_cells,bh,0.05,5000,10,f1,0.0,0,0
nk_cells,raw,-1.0,5000,20,mae,0.0448610183096721,-1,-1
nk_cells,raw,0.01,5000,20,precision,0.7138671875,2201,2048
nk_cells,raw,0.01,5000,20,recall,0.6642435256701499,2201,2048
nk_cells,raw,0.01,5000,20,f1,0.6881619204518711,2201,2048
nk_cells,raw,0.05,5000,20,precision,0.8354005167958657,7799,7740
nk_cells,raw,0.05,5000,20,recall,0.8290806513655596,7799,7740
nk_cells,raw,0.05,5000,20,f1,0.8322285861381041,7799,7740
nk_cells,bh,-1.0,5000,20,mae,0.022631506394431327,-1,-1
nk_cells,bh,0.01,5000,20,precision,0.0,0,0
nk_cells,bh,0.01,5000,20,recall,0.0,0,0
nk_cells,bh,0.01,5000,20,f1,0.0,0,0
nk_cells,bh,0.05,5000,20,precision,0.0,0,0
nk_cells,bh,0.05,5000,20,recall,0.0,0,0
nk_cells,bh,0.05,5000,20,f1,0.0,0,0
nk_cells,raw,-1.0,5000,30,mae,0.050942783931882334,-1,-1
nk_cells,raw,0.01,5000,30,precision,0.6790653314258465,2201,2097
nk_cells,raw,0.01,5000,30,recall,0.6469786460699682,2201,2097
nk_cells,raw,0.01,5000,30,f1,0.6626337831549558,2201,2097
nk_cells,raw,0.05,5000,30,precision,0.8102643856920684,7799,7716
nk_cells,raw,0.05,5000,30,recall,0.8016412360559046,7799,7716
nk_cells,raw,0.05,5000,30,f1,0.80592974540767,7799,7716
nk_cells,bh,-1.0,5000,30,mae,0.025616238052137075,-1,-1
nk_cells,bh,0.01,5000,30,precision,0.0,0,0
nk_cells,bh,0.01,5000,30,recall,0.0,0,0
nk_cells,bh,0.01,5000,30,f1,0.0,0,0
nk_cells,bh,0.05,5000,30,precision,0.0,0,0
nk_cells,bh,0.05,5000,30,recall,0.0,0,0
nk_cells,bh,0.05,5000,30,f1,0.0,0,0
nk_cells,raw,-1.0,5000,40,mae,0.04413232985320297,-1,-1
nk_cells,raw,0.01,5000,40,precision,0.6998577524893315,2201,2109
nk_cells,raw,0.01,5000,40,recall,0.6706042707860064,2201,2109
nk_cells,raw,0.01,5000,40,f1,0.6849187935034803,2201,2109
nk_cells,raw,0.05,5000,40,precision,0.8335084033613446,7799,7616
nk_cells,raw,0.05,5000,40,recall,0.8139505064751891,7799,7616
nk_cells,raw,0.05,5000,40,f1,0.8236133636068764,7799,7616
nk_cells,bh,-1.0,5000,40,mae,0.023871253091807026,-1,-1
nk_cells,bh,0.01,5000,40,precision,0.0,0,0
nk_cells,bh,0.01,5000,40,recall,0.0,0,0
nk_cells,bh,0.01,5000,40,f1,0.0,0,0
nk_cells,bh,0.05,5000,40,precision,0.0,0,0
nk_cells,bh,0.05,5000,40,recall,0.0,0,0
nk_cells,bh,0.05,5000,40,f1,0.0,0,0
nk_cells,raw,-1.0,5000,50,mae,0.046605633548108545,-1,-1
nk_cells,raw,0.01,5000,50,precision,0.736089841755998,2201,1959
nk_cells,raw,0.01,5000,50,recall,0.6551567469332121,2201,1959
nk_cells,raw,0.01,5000,50,f1,0.6932692307692307,2201,1959
nk_cells,raw,0.05,5000,50,precision,0.8439829605963791,7799,7512
nk_cells,raw,0.05,5000,50,recall,0.8129247339402488,7799,7512
nk_cells,raw,0.05,5000,50,f1,0.8281627588008621,7799,7512
nk_cells,bh,-1.0,5000,50,mae,0.024546491615999113,-1,-1
nk_cells,bh,0.01,5000,50,precision,0.0,0,0
nk_cells,bh,0.01,5000,50,recall,0.0,0,0
nk_cells,bh,0.01,5000,50,f1,0.0,0,0
nk_cells,bh,0.05,5000,50,precision,0.0,0,0
nk_cells,bh,0.05,5000,50,recall,0.0,0,0
nk_cells,bh,0.05,5000,50,f1,0.0,0,0
nk_cells,raw,-1.0,5000,60,mae,0.047930365966439896,-1,-1
nk_cells,raw,0.01,5000,60,precision,0.6923431734317343,2201,2168
nk_cells,raw,0.01,5000,60,recall,0.6819627442071785,2201,2168
nk_cells,raw,0.01,5000,60,f1,0.6871137560082399,2201,2168
nk_cells,raw,0.05,5000,60,precision,0.8213137935467284,7799,7779
nk_cells,raw,0.05,5000,60,recall,0.8192075907167585,7799,7779
nk_cells,raw,0.05,5000,60,f1,0.8202593400950058,7799,7779
nk_cells,bh,-1.0,5000,60,mae,0.023782003660269856,-1,-1
nk_cells,bh,0.01,5000,60,precision,0.0,0,0
nk_cells,bh,0.01,5000,60,recall,0.0,0,0
nk_cells,bh,0.01,5000,60,f1,0.0,0,0
nk_cells,bh,0.05,5000,60,precision,0.0,0,0
nk_cells,bh,0.05,5000,60,recall,0.0,0,0
nk_cells,bh,0.05,5000,60,f1,0.0,0,0
nk_cells,raw,-1.0,5000,70,mae,0.04891420788257233,-1,-1
nk_cells,raw,0.01,5000,70,precision,0.687007874015748,2201,2032
nk_cells,raw,0.01,5000,70,recall,0.6342571558382554,2201,2032
nk_cells,raw,0.01,5000,70,f1,0.6595794944483817,2201,2032
nk_cells,raw,0.05,5000,70,precision,0.8153866282873218,7799,7643
nk_cells,raw,0.05,5000,70,recall,0.7990768047185537,7799,7643
nk_cells,raw,0.05,5000,70,f1,0.8071493329879549,7799,7643
nk_cells,bh,-1.0,5000,70,mae,0.02450522165051093,-1,-1
nk_cells,bh,0.01,5000,70,precision,0.0,0,0
nk_cells,bh,0.01,5000,70,recall,0.0,0,0
nk_cells,bh,0.01,5000,70,f1,0.0,0,0
nk_cells,bh,0.05,5000,70,precision,0.0,0,0
nk_cells,bh,0.05,5000,70,recall,0.0,0,0
nk_cells,bh,0.05,5000,70,f1,0.0,0,0
nk_cells,raw,-1.0,5000,80,mae,0.04813180665226711,-1,-1
nk_cells,raw,0.01,5000,80,precision,0.6950048030739674,2201,2082
nk_cells,raw,0.01,5000,80,recall,0.6574284416174466,2201,2082
nk_cells,raw,0.01,5000,80,f1,0.67569460658417,2201,2082
nk_cells,raw,0.05,5000,80,precision,0.8253263707571802,7799,7660
nk_cells,raw,0.05,5000,80,recall,0.8106167457366329,7799,7660
nk_cells,raw,0.05,5000,80,f1,0.8179054272592018,7799,7660
nk_cells,bh,-1.0,5000,80,mae,0.024108670416491233,-1,-1
nk_cells,bh,0.01,5000,80,precision,0.0,0,0
nk_cells,bh,0.01,5000,80,recall,0.0,0,0
nk_cells,bh,0.01,5000,80,f1,0.0,0,0
nk_cells,bh,0.05,5000,80,precision,0.0,0,0
nk_cells,bh,0.05,5000,80,recall,0.0,0,0
nk_cells,bh,0.05,5000,80,f1,0.0,0,0
nk_cells,raw,-1.0,5000,90,mae,0.0448362577932395,-1,-1
nk_cells,raw,0.01,5000,90,precision,0.6823914058851004,2201,2141
nk_cells,raw,0.01,5000,90,recall,0.663789186733303,2201,2141
nk_cells,raw,0.01,5000,90,f1,0.672961768770152,2201,2141
nk_cells,raw,0.05,5000,90,precision,0.8201550387596899,7799,7740
nk_cells,raw,0.05,5000,90,recall,0.8139505064751891,7799,7740
nk_cells,raw,0.05,5000,90,f1,0.8170409936289337,7799,7740
nk_cells,bh,-1.0,5000,90,mae,0.023282833727383413,-1,-1
nk_cells,bh,0.01,5000,90,precision,0.0,0,0
nk_cells,bh,0.01,5000,90,recall,0.0,0,0
nk_cells,bh,0.01,5000,90,f1,0.0,0,0
nk_cells,bh,0.05,5000,90,precision,0.0,0,0
nk_cells,bh,0.05,5000,90,recall,0.0,0,0
nk_cells,bh,0.05,5000,90,f1,0.0,0,0
nk_cells,raw,-1.0,5000,100,mae,0.051135951791406245,-1,-1
nk_cells,raw,0.01,5000,100,precision,0.6639423076923077,2201,2080
nk_cells,raw,0.01,5000,100,recall,0.627442071785552,2201,2080
nk_cells,raw,0.01,5000,100,f1,0.6451763606633965,2201,2080
nk_cells,raw,0.05,5000,100,precision,0.8079074001820783,7799,7689
nk_cells,raw,0.05,5000,100,recall,0.7965123733812027,7799,7689
nk_cells,raw,0.05,5000,100,f1,0.8021694214876033,7799,7689
nk_cells,bh,-1.0,5000,100,mae,0.02561942440519156,-1,-1
nk_cells,bh,0.01,5000,100,precision,0.0,0,0
nk_cells,bh,0.01,5000,100,recall,0.0,0,0
nk_cells,bh,0.01,5000,100,f1,0.0,0,0
nk_cells,bh,0.05,5000,100,precision,0.0,0,0
nk_cells,bh,0.05,5000,100,recall,0.0,0,0
nk_cells,bh,0.05,5000,100,f1,0.0,0,0
nk_cells,raw,-1.0,7000,1,mae,0.05074135270500818,-1,-1
nk_cells,raw,0.01,7000,1,precision,0.7046913580246914,2205,2025
nk_cells,raw,0.01,7000,1,recall,0.6471655328798186,2205,2025
nk_cells,raw,0.01,7000,1,f1,0.6747044917257683,2205,2025
nk_cells,raw,0.05,7000,1,precision,0.8274665981500514,7750,7784
nk_cells,raw,0.05,7000,1,recall,0.8310967741935484,7750,7784
nk_cells,raw,0.05,7000,1,f1,0.8292777134028583,7750,7784
nk_cells,bh,-1.0,7000,1,mae,0.02496842541707538,-1,-1
nk_cells,bh,0.01,7000,1,precision,0.0,0,0
nk_cells,bh,0.01,7000,1,recall,0.0,0,0
nk_cells,bh,0.01,7000,1,f1,0.0,0,0
nk_cells,bh,0.05,7000,1,precision,0.0,220,0
nk_cells,bh,0.05,7000,1,recall,0.0,220,0
nk_cells,bh,0.05,7000,1,f1,0.0,220,0
nk_cells,raw,-1.0,7000,2,mae,0.052334039918735274,-1,-1
nk_cells,raw,0.01,7000,2,precision,0.7371892440385591,2205,1971
nk_cells,raw,0.01,7000,2,recall,0.6589569160997732,2205,1971
nk_cells,raw,0.01,7000,2,f1,0.6958812260536399,2205,1971
nk_cells,raw,0.05,7000,2,precision,0.8306483300589391,7750,7635
nk_cells,raw,0.05,7000,2,recall,0.8183225806451613,7750,7635
nk_cells,raw,0.05,7000,2,f1,0.8244393890152746,7750,7635
nk_cells,bh,-1.0,7000,2,mae,0.02531694482322506,-1,-1
nk_cells,bh,0.01,7000,2,precision,0.0,0,0
nk_cells,bh,0.01,7000,2,recall,0.0,0,0
nk_cells,bh,0.01,7000,2,f1,0.0,0,0
nk_cells,bh,0.05,7000,2,precision,0.0,220,0
nk_cells,bh,0.05,7000,2,recall,0.0,220,0
nk_cells,bh,0.05,7000,2,f1,0.0,220,0
nk_cells,raw,-1.0,7000,3,mae,0.04907879413151945,-1,-1
nk_cells,raw,0.01,7000,3,precision,0.7093525179856115,2205,2085
nk_cells,raw,0.01,7000,3,recall,0.6707482993197279,2205,2085
nk_cells,raw,0.01,7000,3,f1,0.6895104895104895,2205,2085
nk_cells,raw,0.05,7000,3,precision,0.8252617801047121,7750,7640
nk_cells,raw,0.05,7000,3,recall,0.8135483870967742,7750,7640
nk_cells,raw,0.05,7000,3,f1,0.8193632228719948,7750,7640
nk_cells,bh,-1.0,7000,3,mae,0.02365676921782942,-1,-1
nk_cells,bh,0.01,7000,3,precision,0.0,0,0
nk_cells,bh,0.01,7000,3,recall,0.0,0,0
nk_cells,bh,0.01,7000,3,f1,0.0,0,0
nk_cells,bh,0.05,7000,3,precision,0.0,220,0
nk_cells,bh,0.05,7000,3,recall,0.0,220,0
nk_cells,bh,0.05,7000,3,f1,0.0,220,0
nk_cells,raw,-1.0,7000,4,mae,0.049512024415732325,-1,-1
nk_cells,raw,0.01,7000,4,precision,0.7163814180929096,2205,2045
nk_cells,raw,0.01,7000,4,recall,0.6643990929705216,2205,2045
nk_cells,raw,0.01,7000,4,f1,0.6894117647058824,2205,2045
nk_cells,raw,0.05,7000,4,precision,0.8182290989468209,7750,7691
nk_cells,raw,0.05,7000,4,recall,0.812,7750,7691
nk_cells,raw,0.05,7000,4,f1,0.8151026487921766,7750,7691
nk_cells,bh,-1.0,7000,4,mae,0.02452326587209638,-1,-1
nk_cells,bh,0.01,7000,4,precision,0.0,0,0
nk_cells,bh,0.01,7000,4,recall,0.0,0,0
nk_cells,bh,0.01,7000,4,f1,0.0,0,0
nk_cells,bh,0.05,7000,4,precision,0.0,220,0
nk_cells,bh,0.05,7000,4,recall,0.0,220,0
nk_cells,bh,0.05,7000,4,f1,0.0,220,0
nk_cells,raw,-1.0,7000,5,mae,0.04978414556477326,-1,-1
nk_cells,raw,0.01,7000,5,precision,0.6800567107750473,2205,2116
nk_cells,raw,0.01,7000,5,recall,0.6526077097505669,2205,2116
nk_cells,raw,0.01,7000,5,f1,0.6660495255727841,2205,2116
nk_cells,raw,0.05,7000,5,precision,0.8163318211276733,7750,7715
nk_cells,raw,0.05,7000,5,recall,0.8126451612903226,7750,7715
nk_cells,raw,0.05,7000,5,f1,0.8144843194309732,7750,7715
nk_cells,bh,-1.0,7000,5,mae,0.02516099983985267,-1,-1
nk_cells,bh,0.01,7000,5,precision,0.0,0,0
nk_cells,bh,0.01,7000,5,recall,0.0,0,0
nk_cells,bh,0.01,7000,5,f1,0.0,0,0
nk_cells,bh,0.05,7000,5,precision,0.0,220,0
nk_cells,bh,0.05,7000,5,recall,0.0,220,0
nk_cells,bh,0.05,7000,5,f1,0.0,220,0
nk_cells,raw,-1.0,7000,6,mae,0.04878940557619147,-1,-1
nk_cells,raw,0.01,7000,6,precision,0.6674440298507462,2205,2144
nk_cells,raw,0.01,7000,6,recall,0.6489795918367347,2205,2144
nk_cells,raw,0.01,7000,6,f1,0.658082317774201,2205,2144
nk_cells,raw,0.05,7000,6,precision,0.8161365399534523,7750,7734
nk_cells,raw,0.05,7000,6,recall,0.8144516129032258,7750,7734
nk_cells,raw,0.05,7000,6,f1,0.8152932058899509,7750,7734
nk_cells,bh,-1.0,7000,6,mae,0.024455011536353342,-1,-1
nk_cells,bh,0.01,7000,6,precision,0.0,0,0
nk_cells,bh,0.01,7000,6,recall,0.0,0,0
nk_cells,bh,0.01,7000,6,f1,0.0,0,0
nk_cells,bh,0.05,7000,6,precision,0.0,220,0
nk_cells,bh,0.05,7000,6,recall,0.0,220,0
nk_cells,bh,0.05,7000,6,f1,0.0,220,0
nk_cells,raw,-1.0,7000,7,mae,0.046558646766524506,-1,-1
nk_cells,raw,0.01,7000,7,precision,0.6920222634508348,2205,2156
nk_cells,raw,0.01,7000,7,recall,0.6766439909297052,2205,2156
nk_cells,raw,0.01,7000,7,f1,0.6842467324008255,2205,2156
nk_cells,raw,0.05,7000,7,precision,0.8226468325211592,7750,7798
nk_cells,raw,0.05,7000,7,recall,0.827741935483871,7750,7798
nk_cells,raw,0.05,7000,7,f1,0.8251865191664522,7750,7798
nk_cells,bh,-1.0,7000,7,mae,0.023148828087370454,-1,-1
nk_cells,bh,0.01,7000,7,precision,0.0,0,0
nk_cells,bh,0.01,7000,7,recall,0.0,0,0
nk_cells,bh,0.01,7000,7,f1,0.0,0,0
nk_cells,bh,0.05,7000,7,precision,0.0,220,0
nk_cells,bh,0.05,7000,7,recall,0.0,220,0
nk_cells,bh,0.05,7000,7,f1,0.0,220,0
nk_cells,raw,-1.0,7000,8,mae,0.04688693450665326,-1,-1
nk_cells,raw,0.01,7000,8,precision,0.673392773345847,2205,2131
nk_cells,raw,0.01,7000,8,recall,0.6507936507936508,2205,2131
nk_cells,raw,0.01,7000,8,f1,0.6619003690036901,2205,2131
nk_cells,raw,0.05,7000,8,precision,0.8226415094339623,7750,7685
nk_cells,raw,0.05,7000,8,recall,0.815741935483871,7750,7685
nk_cells,raw,0.05,7000,8,f1,0.8191771946873988,7750,7685
nk_cells,bh,-1.0,7000,8,mae,0.0234661158219273,-1,-1
nk_cells,bh,0.01,7000,8,precision,0.0,0,0
nk_cells,bh,0.01,7000,8,recall,0.0,0,0
nk_cells,bh,0.01,7000,8,f1,0.0,0,0
nk_cells,bh,0.05,7000,8,precision,0.0,220,0
nk_cells,bh,0.05,7000,8,recall,0.0,220,0
nk_cells,bh,0.05,7000,8,f1,0.0,220,0
nk_cells,raw,-1.0,7000,9,mae,0.04459831530037714,-1,-1
nk_cells,raw,0.01,7000,9,precision,0.6793711291090996,2205,2099
nk_cells,raw,0.01,7000,9,recall,0.6467120181405895,2205,2099
nk_cells,raw,0.01,7000,9,f1,0.662639405204461,2205,2099
nk_cells,raw,0.05,7000,9,precision,0.8159824990348733,7750,7771
nk_cells,raw,0.05,7000,9,recall,0.8181935483870968,7750,7771
nk_cells,raw,0.05,7000,9,f1,0.8170865279299014,7750,7771
nk_cells,bh,-1.0,7000,9,mae,0.0235162504288529,-1,-1
nk_cells,bh,0.01,7000,9,precision,0.0,0,0
nk_cells,bh,0.01,7000,9,recall,0.0,0,0
nk_cells,bh,0.01,7000,9,f1,0.0,0,0
nk_cells,bh,0.05,7000,9,precision,0.0,220,0
nk_cells,bh,0.05,7000,9,recall,0.0,220,0
nk_cells,bh,0.05,7000,9,f1,0.0,220,0
nk_cells,raw,-1.0,7000,10,mae,0.04821881519222201,-1,-1
nk_cells,raw,0.01,7000,10,precision,0.6785046728971963,2205,2140
nk_cells,raw,0.01,7000,10,recall,0.6585034013605442,2205,2140
nk_cells,raw,0.01,7000,10,f1,0.6683544303797468,2205,2140
nk_cells,raw,0.05,7000,10,precision,0.8225045847524234,7750,7634
nk_cells,raw,0.05,7000,10,recall,0.8101935483870968,7750,7634
nk_cells,raw,0.05,7000,10,f1,0.8163026521060842,7750,7634
nk_cells,bh,-1.0,7000,10,mae,0.023710262710550687,-1,-1
nk_cells,bh,0.01,7000,10,precision,0.0,0,0
nk_cells,bh,0.01,7000,10,recall,0.0,0,0
nk_cells,bh,0.01,7000,10,f1,0.0,0,0
nk_cells,bh,0.05,7000,10,precision,0.0,220,0
nk_cells,bh,0.05,7000,10,recall,0.0,220,0
nk_cells,bh,0.05,7000,10,f1,0.0,220,0
nk_cells,raw,-1.0,7000,20,mae,0.04850841076822481,-1,-1
nk_cells,raw,0.01,7000,20,precision,0.7169525731584259,2205,1982
nk_cells,raw,0.01,7000,20,recall,0.6444444444444445,2205,1982
nk_cells,raw,0.01,7000,20,f1,0.6787676140434679,2205,1982
nk_cells,raw,0.05,7000,20,precision,0.8350092617094469,7750,7558
nk_cells,raw,0.05,7000,20,recall,0.8143225806451613,7750,7558
nk_cells,raw,0.05,7000,20,f1,0.8245361902273322,7750,7558
nk_cells,bh,-1.0,7000,20,mae,0.023459796494365612,-1,-1
nk_cells,bh,0.01,7000,20,precision,0.0,0,0
nk_cells,bh,0.01,7000,20,recall,0.0,0,0
nk_cells,bh,0.01,7000,20,f1,0.0,0,0
nk_cells,bh,0.05,7000,20,precision,0.0,220,0
nk_cells,bh,0.05,7000,20,recall,0.0,220,0
nk_cells,bh,0.05,7000,20,f1,0.0,220,0
nk_cells,raw,-1.0,7000,30,mae,0.04739141754313072,-1,-1
nk_cells,raw,0.01,7000,30,precision,0.7154150197628458,2205,2024
nk_cells,raw,0.01,7000,30,recall,0.6566893424036281,2205,2024
nk_cells,raw,0.01,7000,30,f1,0.6847954599196028,2205,2024
nk_cells,raw,0.05,7000,30,precision,0.82398753894081,7750,7704
nk_cells,raw,0.05,7000,30,recall,0.8190967741935484,7750,7704
nk_cells,raw,0.05,7000,30,f1,0.821534877701566,7750,7704
nk_cells,bh,-1.0,7000,30,mae,0.024523676462680548,-1,-1
nk_cells,bh,0.01,7000,30,precision,0.0,0,0
nk_cells,bh,0.01,7000,30,recall,0.0,0,0
nk_cells,bh,0.01,7000,30,f1,0.0,0,0
nk_cells,bh,0.05,7000,30,precision,0.0,220,0
nk_cells,bh,0.05,7000,30,recall,0.0,220,0
nk_cells,bh,0.05,7000,30,f1,0.0,220,0
nk_cells,raw,-1.0,7000,40,mae,0.04944174089662717,-1,-1
nk_cells,raw,0.01,7000,40,precision,0.7048458149779736,2205,2043
nk_cells,raw,0.01,7000,40,recall,0.6530612244897959,2205,2043
nk_cells,raw,0.01,7000,40,f1,0.6779661016949152,2205,2043
nk_cells,raw,0.05,7000,40,precision,0.8260869565217391,7750,7682
nk_cells,raw,0.05,7000,40,recall,0.8188387096774193,7750,7682
nk_cells,raw,0.05,7000,40,f1,0.8224468636599275,7750,7682
nk_cells,bh,-1.0,7000,40,mae,0.024601328430362696,-1,-1
nk_cells,bh,0.01,7000,40,precision,0.0,0,0
nk_cells,bh,0.01,7000,40,recall,0.0,0,0
nk_cells,bh,0.01,7000,40,f1,0.0,0,0
nk_cells,bh,0.05,7000,40,precision,0.0,220,0
nk_cells,bh,0.05,7000,40,recall,0.0,220,0
nk_cells,bh,0.05,7000,40,f1,0.0,220,0
nk_cells,raw,-1.0,7000,50,mae,0.0431709962017051,-1,-1
nk_cells,raw,0.01,7000,50,precision,0.7600838135149293,2205,1909
nk_cells,raw,0.01,7000,50,recall,0.6580498866213151,2205,1909
nk_cells,raw,0.01,7000,50,f1,0.7053962080700049,2205,1909
nk_cells,raw,0.05,7000,50,precision,0.8534562211981567,7750,7595
nk_cells,raw,0.05,7000,50,recall,0.8363870967741935,7750,7595
nk_cells,raw,0.05,7000,50,f1,0.8448354512870642,7750,7595
nk_cells,bh,-1.0,7000,50,mae,0.021863422854405554,-1,-1
nk_cells,bh,0.01,7000,50,precision,0.0,0,0
nk_cells,bh,0.01,7000,50,recall,0.0,0,0
nk_cells,bh,0.01,7000,50,f1,0.0,0,0
nk_cells,bh,0.05,7000,50,precision,0.0,220,0
nk_cells,bh,0.05,7000,50,recall,0.0,220,0
nk_cells,bh,0.05,7000,50,f1,0.0,220,0
nk_cells,raw,-1.0,7000,60,mae,0.05036044407334964,-1,-1
nk_cells,raw,0.01,7000,60,precision,0.6764267990074442,2205,2015
nk_cells,raw,0.01,7000,60,recall,0.618140589569161,2205,2015
nk_cells,raw,0.01,7000,60,f1,0.6459715639810426,2205,2015
nk_cells,raw,0.05,7000,60,precision,0.8103607770582794,7750,7567
nk_cells,raw,0.05,7000,60,recall,0.7912258064516129,7750,7567
nk_cells,raw,0.05,7000,60,f1,0.8006789841352745,7750,7567
nk_cells,bh,-1.0,7000,60,mae,0.024657359817410022,-1,-1
nk_cells,bh,0.01,7000,60,precision,0.0,0,0
nk_cells,bh,0.01,7000,60,recall,0.0,0,0
nk_cells,bh,0.01,7000,60,f1,0.0,0,0
nk_cells,bh,0.05,7000,60,precision,0.0,220,0
nk_cells,bh,0.05,7000,60,recall,0.0,220,0
nk_cells,bh,0.05,7000,60,f1,0.0,220,0
nk_cells,raw,-1.0,7000,70,mae,0.04661493945202335,-1,-1
nk_cells,raw,0.01,7000,70,precision,0.7309692671394799,2205,2115
nk_cells,raw,0.01,7000,70,recall,0.7011337868480726,2205,2115
nk_cells,raw,0.01,7000,70,f1,0.7157407407407408,2205,2115
nk_cells,raw,0.05,7000,70,precision,0.82934670781893,7750,7776
nk_cells,raw,0.05,7000,70,recall,0.8321290322580646,7750,7776
nk_cells,raw,0.05,7000,70,f1,0.8307355403838722,7750,7776
nk_cells,bh,-1.0,7000,70,mae,0.023532815331243916,-1,-1
nk_cells,bh,0.01,7000,70,precision,0.0,0,0
nk_cells,bh,0.01,7000,70,recall,0.0,0,0
nk_cells,bh,0.01,7000,70,f1,0.0,0,0
nk_cells,bh,0.05,7000,70,precision,0.0,220,0
nk_cells,bh,0.05,7000,70,recall,0.0,220,0
nk_cells,bh,0.05,7000,70,f1,0.0,220,0
nk_cells,raw,-1.0,7000,80,mae,0.04793099811201662,-1,-1
nk_cells,raw,0.01,7000,80,precision,0.6931166347992351,2205,2092
nk_cells,raw,0.01,7000,80,recall,0.6575963718820862,2205,2092
nk_cells,raw,0.01,7000,80,f1,0.6748894577612288,2205,2092
nk_cells,raw,0.05,7000,80,precision,0.8125244108839995,7750,7681
nk_cells,raw,0.05,7000,80,recall,0.8052903225806451,7750,7681
nk_cells,raw,0.05,7000,80,f1,0.8088911930529453,7750,7681
nk_cells,bh,-1.0,7000,80,mae,0.023879446054527975,-1,-1
nk_cells,bh,0.01,7000,80,precision,0.0,0,0
nk_cells,bh,0.01,7000,80,recall,0.0,0,0
nk_cells,bh,0.01,7000,80,f1,0.0,0,0
nk_cells,bh,0.05,7000,80,precision,0.0,220,0
nk_cells,bh,0.05,7000,80,recall,0.0,220,0
nk_cells,bh,0.05,7000,80,f1,0.0,220,0
nk_cells,raw,-1.0,7000,90,mae,0.044861555262467816,-1,-1
nk_cells,raw,0.01,7000,90,precision,0.7244897959183674,2205,2058
nk_cells,raw,0.01,7000,90,recall,0.6761904761904762,2205,2058
nk_cells,raw,0.01,7000,90,f1,0.6995073891625616,2205,2058
nk_cells,raw,0.05,7000,90,precision,0.834343700579863,7750,7588
nk_cells,raw,0.05,7000,90,recall,0.8169032258064516,7750,7588
nk_cells,raw,0.05,7000,90,f1,0.8255313600208632,7750,7588
nk_cells,bh,-1.0,7000,90,mae,0.022128247264146285,-1,-1
nk_cells,bh,0.01,7000,90,precision,0.0,0,0
nk_cells,bh,0.01,7000,90,recall,0.0,0,0
nk_cells,bh,0.01,7000,90,f1,0.0,0,0
nk_cells,bh,0.05,7000,90,precision,0.0,220,0
nk_cells,bh,0.05,7000,90,recall,0.0,220,0
nk_cells,bh,0.05,7000,90,f1,0.0,220,0
nk_cells,raw,-1.0,7000,100,mae,0.05202433510718184,-1,-1
nk_cells,raw,0.01,7000,100,precision,0.6771946121690664,2205,2153
nk_cells,raw,0.01,7000,100,recall,0.6612244897959184,2205,2153
nk_cells,raw,0.01,7000,100,f1,0.6691142726021111,2205,2153
nk_cells,raw,0.05,7000,100,precision,0.8028531037141755,7750,7781
nk_cells,raw,0.05,7000,100,recall,0.8060645161290323,7750,7781
nk_cells,raw,0.05,7000,100,f1,0.8044556049191939,7750,7781
nk_cells,bh,-1.0,7000,100,mae,0.02649681195528266,-1,-1
nk_cells,bh,0.01,7000,100,precision,0.0,0,0
nk_cells,bh,0.01,7000,100,recall,0.0,0,0
nk_cells,bh,0.01,7000,100,f1,0.0,0,0
nk_cells,bh,0.05,7000,100,precision,0.0,220,0
nk_cells,bh,0.05,7000,100,recall,0.0,220,0
nk_cells,bh,0.05,7000,100,f1,0.0,220,0
nk_cells,raw,-1.0,10000,1,mae,0.05205825601691965,-1,-1
nk_cells,raw,0.01,10000,1,precision,0.7043610547667343,2145,1972
nk_cells,raw,0.01,10000,1,recall,0.6475524475524476,2145,1972
nk_cells,raw,0.01,10000,1,f1,0.6747631770706826,2145,1972
nk_cells,raw,0.05,10000,1,precision,0.8196269048870205,7704,7612
nk_cells,raw,0.05,10000,1,recall,0.8098390446521287,7704,7612
nk_cells,raw,0.05,10000,1,f1,0.8147035779576913,7704,7612
nk_cells,bh,-1.0,10000,1,mae,0.02559287376936543,-1,-1
nk_cells,bh,0.01,10000,1,precision,0.0,0,0
nk_cells,bh,0.01,10000,1,recall,0.0,0,0
nk_cells,bh,0.01,10000,1,f1,0.0,0,0
nk_cells,bh,0.05,10000,1,precision,0.0,187,0
nk_cells,bh,0.05,10000,1,recall,0.0,187,0
nk_cells,bh,0.05,10000,1,f1,0.0,187,0
nk_cells,raw,-1.0,10000,2,mae,0.04837812439900735,-1,-1
nk_cells,raw,0.01,10000,2,precision,0.6944578313253013,2145,2075
nk_cells,raw,0.01,10000,2,recall,0.6717948717948717,2145,2075
nk_cells,raw,0.01,10000,2,f1,0.6829383886255924,2145,2075
nk_cells,raw,0.05,10000,2,precision,0.8148482892188509,7704,7745
nk_cells,raw,0.05,10000,2,recall,0.8191848390446521,7704,7745
nk_cells,raw,0.05,10000,2,f1,0.8170108097611496,7704,7745
nk_cells,bh,-1.0,10000,2,mae,0.023442003845290896,-1,-1
nk_cells,bh,0.01,10000,2,precision,0.0,0,0
nk_cells,bh,0.01,10000,2,recall,0.0,0,0
nk_cells,bh,0.01,10000,2,f1,0.0,0,0
nk_cells,bh,0.05,10000,2,precision,0.0,187,0
nk_cells,bh,0.05,10000,2,recall,0.0,187,0
nk_cells,bh,0.05,10000,2,f1,0.0,187,0
nk_cells,raw,-1.0,10000,3,mae,0.05158859048215554,-1,-1
nk_cells,raw,0.01,10000,3,precision,0.7249874308697838,2145,1989
nk_cells,raw,0.01,10000,3,recall,0.6722610722610722,2145,1989
nk_cells,raw,0.01,10000,3,f1,0.6976294146105467,2145,1989
nk_cells,raw,0.05,10000,3,precision,0.8207941483803552,7704,7656
nk_cells,raw,0.05,10000,3,recall,0.8156801661474559,7704,7656
nk_cells,raw,0.05,10000,3,f1,0.8182291666666667,7704,7656
nk_cells,bh,-1.0,10000,3,mae,0.024586835875617732,-1,-1
nk_cells,bh,0.01,10000,3,precision,0.0,0,0
nk_cells,bh,0.01,10000,3,recall,0.0,0,0
nk_cells,bh,0.01,10000,3,f1,0.0,0,0
nk_cells,bh,0.05,10000,3,precision,0.0,187,0
nk_cells,bh,0.05,10000,3,recall,0.0,187,0
nk_cells,bh,0.05,10000,3,f1,0.0,187,0
nk_cells,raw,-1.0,10000,4,mae,0.04628450272923588,-1,-1
nk_cells,raw,0.01,10000,4,precision,0.6994134897360704,2145,2046
nk_cells,raw,0.01,10000,4,recall,0.6671328671328671,2145,2046
nk_cells,raw,0.01,10000,4,f1,0.6828919112383679,2145,2046
nk_cells,raw,0.05,10000,4,precision,0.8237547892720306,7704,7569
nk_cells,raw,0.05,10000,4,recall,0.8093198338525441,7704,7569
nk_cells,raw,0.05,10000,4,f1,0.8164735153538925,7704,7569
nk_cells,bh,-1.0,10000,4,mae,0.02277183335281368,-1,-1
nk_cells,bh,0.01,10000,4,precision,0.0,0,0
nk_cells,bh,0.01,10000,4,recall,0.0,0,0
nk_cells,bh,0.01,10000,4,f1,0.0,0,0
nk_cells,bh,0.05,10000,4,precision,0.0,187,0
nk_cells,bh,0.05,10000,4,recall,0.0,187,0
nk_cells,bh,0.05,10000,4,f1,0.0,187,0
nk_cells,raw,-1.0,10000,5,mae,0.04805570881722832,-1,-1
nk_cells,raw,0.01,10000,5,precision,0.7198649951783992,2145,2074
nk_cells,raw,0.01,10000,5,recall,0.696037296037296,2145,2074
nk_cells,raw,0.01,10000,5,f1,0.7077506518132258,2145,2074
nk_cells,raw,0.05,10000,5,precision,0.8323422957600828,7704,7736
nk_cells,raw,0.05,10000,5,recall,0.8357995846313603,7704,7736
nk_cells,raw,0.05,10000,5,f1,0.8340673575129534,7704,7736
nk_cells,bh,-1.0,10000,5,mae,0.02300878449185463,-1,-1
nk_cells,bh,0.01,10000,5,precision,0.0,0,0
nk_cells,bh,0.01,10000,5,recall,0.0,0,0
nk_cells,bh,0.01,10000,5,f1,0.0,0,0
nk_cells,bh,0.05,10000,5,precision,0.0,187,0
nk_cells,bh,0.05,10000,5,recall,0.0,187,0
nk_cells,bh,0.05,10000,5,f1,0.0,187,0
nk_cells,raw,-1.0,10000,6,mae,0.046031758424241905,-1,-1
nk_cells,raw,0.01,10000,6,precision,0.6649508656995788,2145,2137
nk_cells,raw,0.01,10000,6,recall,0.6624708624708625,2145,2137
nk_cells,raw,0.01,10000,6,f1,0.6637085474077534,2145,2137
nk_cells,raw,0.05,10000,6,precision,0.8112159193694276,7704,7739
nk_cells,raw,0.05,10000,6,recall,0.814901349948079,7704,7739
nk_cells,raw,0.05,10000,6,f1,0.8130544583306353,7704,7739
nk_cells,bh,-1.0,10000,6,mae,0.023034857242390756,-1,-1
nk_cells,bh,0.01,10000,6,precision,0.0,0,0
nk_cells,bh,0.01,10000,6,recall,0.0,0,0
nk_cells,bh,0.01,10000,6,f1,0.0,0,0
nk_cells,bh,0.05,10000,6,precision,0.0,187,0
nk_cells,bh,0.05,10000,6,recall,0.0,187,0
nk_cells,bh,0.05,10000,6,f1,0.0,187,0
nk_cells,raw,-1.0,10000,7,mae,0.050116313603171155,-1,-1
nk_cells,raw,0.01,10000,7,precision,0.6822519083969466,2145,2096
nk_cells,raw,0.01,10000,7,recall,0.6666666666666666,2145,2096
nk_cells,raw,0.01,10000,7,f1,0.6743692525347795,2145,2096
nk_cells,raw,0.05,10000,7,precision,0.8043759709994821,7704,7724
nk_cells,raw,0.05,10000,7,recall,0.8064641744548287,7704,7724
nk_cells,raw,0.05,10000,7,f1,0.8054187192118226,7704,7724
nk_cells,bh,-1.0,10000,7,mae,0.02474569296823446,-1,-1
nk_cells,bh,0.01,10000,7,precision,0.0,0,0
nk_cells,bh,0.01,10000,7,recall,0.0,0,0
nk_cells,bh,0.01,10000,7,f1,0.0,0,0
nk_cells,bh,0.05,10000,7,precision,0.0,187,0
nk_cells,bh,0.05,10000,7,recall,0.0,187,0
nk_cells,bh,0.05,10000,7,f1,0.0,187,0
nk_cells,raw,-1.0,10000,8,mae,0.043684592750801866,-1,-1
nk_cells,raw,0.01,10000,8,precision,0.6886938564790914,2145,1937
nk_cells,raw,0.01,10000,8,recall,0.6219114219114219,2145,1937
nk_cells,raw,0.01,10000,8,f1,0.6536011758941696,2145,1937
nk_cells,raw,0.05,10000,8,precision,0.8202038924930491,7704,7553
nk_cells,raw,0.05,10000,8,recall,0.8041277258566978,7704,7553
nk_cells,raw,0.05,10000,8,f1,0.8120862554892836,7704,7553
nk_cells,bh,-1.0,10000,8,mae,0.022133912432652152,-1,-1
nk_cells,bh,0.01,10000,8,precision,0.0,0,0
nk_cells,bh,0.01,10000,8,recall,0.0,0,0
nk_cells,bh,0.01,10000,8,f1,0.0,0,0
nk_cells,bh,0.05,10000,8,precision,0.0,187,0
nk_cells,bh,0.05,10000,8,recall,0.0,187,0
nk_cells,bh,0.05,10000,8,f1,0.0,187,0
nk_cells,raw,-1.0,10000,9,mae,0.046803316137238385,-1,-1
nk_cells,raw,0.01,10000,9,precision,0.6761598530087276,2145,2177
nk_cells,raw,0.01,10000,9,recall,0.6862470862470863,2145,2177
nk_cells,raw,0.01,10000,9,f1,0.6811661267931514,2145,2177
nk_cells,raw,0.05,10000,9,precision,0.8043896804004621,7704,7791
nk_cells,raw,0.05,10000,9,recall,0.8134735202492211,7704,7791
nk_cells,raw,0.05,10000,9,f1,0.8089060987415295,7704,7791
nk_cells,bh,-1.0,10000,9,mae,0.02318692969478986,-1,-1
nk_cells,bh,0.01,10000,9,precision,0.0,0,0
nk_cells,bh,0.01,10000,9,recall,0.0,0,0
nk_cells,bh,0.01,10000,9,f1,0.0,0,0
nk_cells,bh,0.05,10000,9,precision,0.0,187,0
nk_cells,bh,0.05,10000,9,recall,0.0,187,0
nk_cells,bh,0.05,10000,9,f1,0.0,187,0
nk_cells,raw,-1.0,10000,10,mae,0.04806120526347281,-1,-1
nk_cells,raw,0.01,10000,10,precision,0.687107677450507,2145,2071
nk_cells,raw,0.01,10000,10,recall,0.6634032634032634,2145,2071
nk_cells,raw,0.01,10000,10,f1,0.6750474383301708,2145,2071
nk_cells,raw,0.05,10000,10,precision,0.8127577319587629,7704,7760
nk_cells,raw,0.05,10000,10,recall,0.8186656282450675,7704,7760
nk_cells,raw,0.05,10000,10,f1,0.815700982928091,7704,7760
nk_cells,bh,-1.0,10000,10,mae,0.023667547312586804,-1,-1
nk_cells,bh,0.01,10000,10,precision,0.0,0,0
nk_cells,bh,0.01,10000,10,recall,0.0,0,0
nk_cells,bh,0.01,10000,10,f1,0.0,0,0
nk_cells,bh,0.05,10000,10,precision,0.0,187,0
nk_cells,bh,0.05,10000,10,recall,0.0,187,0
nk_cells,bh,0.05,10000,10,f1,0.0,187,0
nk_cells,raw,-1.0,10000,20,mae,0.04123870710852389,-1,-1
nk_cells,raw,0.01,10000,20,precision,0.7136431784107946,2145,2001
nk_cells,raw,0.01,10000,20,recall,0.6657342657342658,2145,2001
nk_cells,raw,0.01,10000,20,f1,0.6888567293777135,2145,2001
nk_cells,raw,0.05,10000,20,precision,0.8316573070393104,7704,7657
nk_cells,raw,0.05,10000,20,recall,0.8265835929387332,7704,7657
nk_cells,raw,0.05,10000,20,f1,0.8291126879760432,7704,7657
nk_cells,bh,-1.0,10000,20,mae,0.020550545715134812,-1,-1
nk_cells,bh,0.01,10000,20,precision,0.0,0,0
nk_cells,bh,0.01,10000,20,recall,0.0,0,0
nk_cells,bh,0.01,10000,20,f1,0.0,0,0
nk_cells,bh,0.05,10000,20,precision,0.0,187,0
nk_cells,bh,0.05,10000,20,recall,0.0,187,0
nk_cells,bh,0.05,10000,20,f1,0.0,187,0
nk_cells,raw,-1.0,10000,30,mae,0.047877967552670264,-1,-1
nk_cells,raw,0.01,10000,30,precision,0.7110453648915187,2145,2028
nk_cells,raw,0.01,10000,30,recall,0.6722610722610722,2145,2028
nk_cells,raw,0.01,10000,30,f1,0.6911095135394201,2145,2028
nk_cells,raw,0.05,10000,30,precision,0.8166580041580042,7704,7696
nk_cells,raw,0.05,10000,30,recall,0.815809968847352,7704,7696
nk_cells,raw,0.05,10000,30,f1,0.8162337662337662,7704,7696
nk_cells,bh,-1.0,10000,30,mae,0.023440917782461587,-1,-1
nk_cells,bh,0.01,10000,30,precision,0.0,0,0
nk_cells,bh,0.01,10000,30,recall,0.0,0,0
nk_cells,bh,0.01,10000,30,f1,0.0,0,0
nk_cells,bh,0.05,10000,30,precision,0.0,187,0
nk_cells,bh,0.05,10000,30,recall,0.0,187,0
nk_cells,bh,0.05,10000,30,f1,0.0,187,0
nk_cells,raw,-1.0,10000,40,mae,0.04772919329759867,-1,-1
nk_cells,raw,0.01,10000,40,precision,0.6848719188013533,2145,2069
nk_cells,raw,0.01,10000,40,recall,0.6606060606060606,2145,2069
nk_cells,raw,0.01,10000,40,f1,0.6725201708590413,2145,2069
nk_cells,raw,0.05,10000,40,precision,0.8234048186391316,7704,7554
nk_cells,raw,0.05,10000,40,recall,0.8073727933541017,7704,7554
nk_cells,raw,0.05,10000,40,f1,0.8153100013107878,7704,7554
nk_cells,bh,-1.0,10000,40,mae,0.023610035974093217,-1,-1
nk_cells,bh,0.01,10000,40,precision,0.0,0,0
nk_cells,bh,0.01,10000,40,recall,0.0,0,0
nk_cells,bh,0.01,10000,40,f1,0.0,0,0
nk_cells,bh,0.05,10000,40,precision,0.0,187,0
nk_cells,bh,0.05,10000,40,recall,0.0,187,0
nk_cells,bh,0.05,10000,40,f1,0.0,187,0
nk_cells,raw,-1.0,10000,50,mae,0.04196169136116851,-1,-1
nk_cells,raw,0.01,10000,50,precision,0.7470253491981376,2145,1933
nk_cells,raw,0.01,10000,50,recall,0.6731934731934732,2145,1933
nk_cells,raw,0.01,10000,50,f1,0.7081902893575281,2145,1933
nk_cells,raw,0.05,10000,50,precision,0.8402860548271752,7704,7551
nk_cells,raw,0.05,10000,50,recall,0.8235981308411215,7704,7551
nk_cells,raw,0.05,10000,50,f1,0.831858407079646,7704,7551
nk_cells,bh,-1.0,10000,50,mae,0.02126404751927831,-1,-1
nk_cells,bh,0.01,10000,50,precision,0.0,0,0
nk_cells,bh,0.01,10000,50,recall,0.0,0,0
nk_cells,bh,0.01,10000,50,f1,0.0,0,0
nk_cells,bh,0.05,10000,50,precision,0.0,187,0
nk_cells,bh,0.05,10000,50,recall,0.0,187,0
nk_cells,bh,0.05,10000,50,f1,0.0,187,0
nk_cells,raw,-1.0,10000,60,mae,0.045007451136408444,-1,-1
nk_cells,raw,0.01,10000,60,precision,0.7073407875546913,2145,2057
nk_cells,raw,0.01,10000,60,recall,0.6783216783216783,2145,2057
nk_cells,raw,0.01,10000,60,f1,0.6925273679200381,2145,2057
nk_cells,raw,0.05,10000,60,precision,0.8268597761685319,7704,7595
nk_cells,raw,0.05,10000,60,recall,0.8151609553478713,7704,7595
nk_cells,raw,0.05,10000,60,f1,0.8209686907641023,7704,7595
nk_cells,bh,-1.0,10000,60,mae,0.02215567241763786,-1,-1
nk_cells,bh,0.01,10000,60,precision,0.0,0,0
nk_cells,bh,0.01,10000,60,recall,0.0,0,0
nk_cells,bh,0.01,10000,60,f1,0.0,0,0
nk_cells,bh,0.05,10000,60,precision,0.0,187,0
nk_cells,bh,0.05,10000,60,recall,0.0,187,0
nk_cells,bh,0.05,10000,60,f1,0.0,187,0
nk_cells,raw,-1.0,10000,70,mae,0.04887248178312768,-1,-1
nk_cells,raw,0.01,10000,70,precision,0.6980487804878048,2145,2050
nk_cells,raw,0.01,10000,70,recall,0.6671328671328671,2145,2050
nk_cells,raw,0.01,10000,70,f1,0.6822407628128725,2145,2050
nk_cells,raw,0.05,10000,70,precision,0.8249027237354085,7704,7710
nk_cells,raw,0.05,10000,70,recall,0.8255451713395638,7704,7710
nk_cells,raw,0.05,10000,70,f1,0.8252238224990268,7704,7710
nk_cells,bh,-1.0,10000,70,mae,0.023852408856971413,-1,-1
nk_cells,bh,0.01,10000,70,precision,0.0,0,0
nk_cells,bh,0.01,10000,70,recall,0.0,0,0
nk_cells,bh,0.01,10000,70,f1,0.0,0,0
nk_cells,bh,0.05,10000,70,precision,0.0,187,0
nk_cells,bh,0.05,10000,70,recall,0.0,187,0
nk_cells,bh,0.05,10000,70,f1,0.0,187,0
nk_cells,raw,-1.0,10000,80,mae,0.04839367965806982,-1,-1
nk_cells,raw,0.01,10000,80,precision,0.677158273381295,2145,2224
nk_cells,raw,0.01,10000,80,recall,0.7020979020979021,2145,2224
nk_cells,raw,0.01,10000,80,f1,0.6894026092927443,2145,2224
nk_cells,raw,0.05,10000,80,precision,0.8034416826003824,7704,7845
nk_cells,raw,0.05,10000,80,recall,0.8181464174454829,7704,7845
nk_cells,raw,0.05,10000,80,f1,0.8107273779664287,7704,7845
nk_cells,bh,-1.0,10000,80,mae,0.024542795755567174,-1,-1
nk_cells,bh,0.01,10000,80,precision,0.0,0,0
nk_cells,bh,0.01,10000,80,recall,0.0,0,0
nk_cells,bh,0.01,10000,80,f1,0.0,0,0
nk_cells,bh,0.05,10000,80,precision,0.5337423312883436,187,163
nk_cells,bh,0.05,10000,80,recall,0.46524064171123,187,163
nk_cells,bh,0.05,10000,80,f1,0.49714285714285716,187,163
nk_cells,raw,-1.0,10000,90,mae,0.041580444569646546,-1,-1
nk_cells,raw,0.01,10000,90,precision,0.6936585365853658,2145,2050
nk_cells,raw,0.01,10000,90,recall,0.6629370629370629,2145,2050
nk_cells,raw,0.01,10000,90,f1,0.6779499404052444,2145,2050
nk_cells,raw,0.05,10000,90,precision,0.8321622696539839,7704,7543
nk_cells,raw,0.05,10000,90,recall,0.8147715472481828,7704,7543
nk_cells,raw,0.05,10000,90,f1,0.8233750901816751,7704,7543
nk_cells,bh,-1.0,10000,90,mae,0.020813368785449874,-1,-1
nk_cells,bh,0.01,10000,90,precision,0.0,0,0
nk_cells,bh,0.01,10000,90,recall,0.0,0,0
nk_cells,bh,0.01,10000,90,f1,0.0,0,0
nk_cells,bh,0.05,10000,90,precision,0.0,187,0
nk_cells,bh,0.05,10000,90,recall,0.0,187,0
nk_cells,bh,0.05,10000,90,f1,0.0,187,0
nk_cells,raw,-1.0,10000,100,mae,0.049238299791819075,-1,-1
nk_cells,raw,0.01,10000,100,precision,0.7140029688273132,2145,2021
nk_cells,raw,0.01,10000,100,recall,0.6727272727272727,2145,2021
nk_cells,raw,0.01,10000,100,f1,0.6927508401344215,2145,2021
nk_cells,raw,0.05,10000,100,precision,0.8215833005120126,7704,7617
nk_cells,raw,0.05,10000,100,recall,0.8123052959501558,7704,7617
nk_cells,raw,0.05,10000,100,f1,0.8169179557470139,7704,7617
nk_cells,bh,-1.0,10000,100,mae,0.024203904249103157,-1,-1
nk_cells,bh,0.01,10000,100,precision,0.0,0,0
nk_cells,bh,0.01,10000,100,recall,0.0,0,0
nk_cells,bh,0.01,10000,100,f1,0.0,0,0
nk_cells,bh,0.05,10000,100,precision,0.0,187,0
nk_cells,bh,0.05,10000,100,recall,0.0,187,0
nk_cells,bh,0.05,10000,100,f1,0.0,187,0
dc,raw,-1.0,1000,1,mae,0.05280589905482936,-1,-1
dc,raw,0.01,1000,1,precision,0.6931407942238267,2551,2493
dc,raw,0.01,1000,1,recall,0.6773814190513524,2551,2493
dc,raw,0.01,1000,1,f1,0.6851704996034893,2551,2493
dc,raw,0.05,1000,1,precision,0.8417752643225965,8073,8134
dc,raw,0.05,1000,1,recall,0.8481357611792394,8073,8134
dc,raw,0.05,1000,1,f1,0.8449435429135559,8073,8134
dc,bh,-1.0,1000,1,mae,0.028017014273000178,-1,-1
dc,bh,0.01,1000,1,precision,0.0,0,0
dc,bh,0.01,1000,1,recall,0.0,0,0
dc,bh,0.01,1000,1,f1,0.0,0,0
dc,bh,0.05,1000,1,precision,0.0,0,0
dc,bh,0.05,1000,1,recall,0.0,0,0
dc,bh,0.05,1000,1,f1,0.0,0,0
dc,raw,-1.0,1000,2,mae,0.045907718383573805,-1,-1
dc,raw,0.01,1000,2,precision,0.7833471416735709,2551,2414
dc,raw,0.01,1000,2,recall,0.7412779302234418,2551,2414
dc,raw,0.01,1000,2,f1,0.7617321248741188,2551,2414
dc,raw,0.05,1000,2,precision,0.8625712476250792,8073,7895
dc,raw,0.05,1000,2,recall,0.8435525826830175,8073,7895
dc,raw,0.05,1000,2,f1,0.8529559118236473,8073,7895
dc,bh,-1.0,1000,2,mae,0.023755499675912506,-1,-1
dc,bh,0.01,1000,2,precision,0.0,0,0
dc,bh,0.01,1000,2,recall,0.0,0,0
dc,bh,0.01,1000,2,f1,0.0,0,0
dc,bh,0.05,1000,2,precision,0.0,0,0
dc,bh,0.05,1000,2,recall,0.0,0,0
dc,bh,0.05,1000,2,f1,0.0,0,0
dc,raw,-1.0,1000,3,mae,0.043966859150439484,-1,-1
dc,raw,0.01,1000,3,precision,0.7779618889809445,2551,2414
dc,raw,0.01,1000,3,recall,0.7361818894551156,2551,2414
dc,raw,0.01,1000,3,f1,0.7564954682779457,2551,2414
dc,raw,0.05,1000,3,precision,0.8584940883634101,8073,8035
dc,raw,0.05,1000,3,recall,0.8544531153226805,8073,8035
dc,raw,0.05,1000,3,f1,0.8564688353613111,8073,8035
dc,bh,-1.0,1000,3,mae,0.023365278163871493,-1,-1
dc,bh,0.01,1000,3,precision,0.0,0,0
dc,bh,0.01,1000,3,recall,0.0,0,0
dc,bh,0.01,1000,3,f1,0.0,0,0
dc,bh,0.05,1000,3,precision,0.0,0,0
dc,bh,0.05,1000,3,recall,0.0,0,0
dc,bh,0.05,1000,3,f1,0.0,0,0
dc,raw,-1.0,1000,4,mae,0.04580388166147278,-1,-1
dc,raw,0.01,1000,4,precision,0.6892201834862385,2551,2616
dc,raw,0.01,1000,4,recall,0.706781654253234,2551,2616
dc,raw,0.01,1000,4,f1,0.6978904586800851,2551,2616
dc,raw,0.05,1000,4,precision,0.8355117139334155,8073,8110
dc,raw,0.05,1000,4,recall,0.8393410132540567,8073,8110
dc,raw,0.05,1000,4,f1,0.8374219860347278,8073,8110
dc,bh,-1.0,1000,4,mae,0.02506538480423256,-1,-1
dc,bh,0.01,1000,4,precision,0.0,0,0
dc,bh,0.01,1000,4,recall,0.0,0,0
dc,bh,0.01,1000,4,f1,0.0,0,0
dc,bh,0.05,1000,4,precision,0.0,0,0
dc,bh,0.05,1000,4,recall,0.0,0,0
dc,bh,0.05,1000,4,f1,0.0,0,0
dc,raw,-1.0,1000,5,mae,0.04456371675431973,-1,-1
dc,raw,0.01,1000,5,precision,0.734136546184739,2551,2490
dc,raw,0.01,1000,5,recall,0.7165817326538613,2551,2490
dc,raw,0.01,1000,5,f1,0.7252529260067447,2551,2490
dc,raw,0.05,1000,5,precision,0.8522262026612077,8073,7816
dc,raw,0.05,1000,5,recall,0.8250959990090425,8073,7816
dc,raw,0.05,1000,5,f1,0.8384416892189566,8073,7816
dc,bh,-1.0,1000,5,mae,0.02429550972035731,-1,-1
dc,bh,0.01,1000,5,precision,0.0,0,0
dc,bh,0.01,1000,5,recall,0.0,0,0
dc,bh,0.01,1000,5,f1,0.0,0,0
dc,bh,0.05,1000,5,precision,0.0,0,0
dc,bh,0.05,1000,5,recall,0.0,0,0
dc,bh,0.05,1000,5,f1,0.0,0,0
dc,raw,-1.0,1000,6,mae,0.046431787150894986,-1,-1
dc,raw,0.01,1000,6,precision,0.6998035363457761,2551,2545
dc,raw,0.01,1000,6,recall,0.6981575852606821,2551,2545
dc,raw,0.01,1000,6,f1,0.6989795918367347,2551,2545
dc,raw,0.05,1000,6,precision,0.8384566729917774,8073,7905
dc,raw,0.05,1000,6,recall,0.8210082992691689,8073,7905
dc,raw,0.05,1000,6,f1,0.8296407560395543,8073,7905
dc,bh,-1.0,1000,6,mae,0.025466140547081566,-1,-1
dc,bh,0.01,1000,6,precision,0.0,0,0
dc,bh,0.01,1000,6,recall,0.0,0,0
dc,bh,0.01,1000,6,f1,0.0,0,0
dc,bh,0.05,1000,6,precision,0.0,0,0
dc,bh,0.05,1000,6,recall,0.0,0,0
dc,bh,0.05,1000,6,f1,0.0,0,0
dc,raw,-1.0,1000,7,mae,0.04405674603585469,-1,-1
dc,raw,0.01,1000,7,precision,0.7112068965517241,2551,2552
dc,raw,0.01,1000,7,recall,0.7114856918855351,2551,2552
dc,raw,0.01,1000,7,f1,0.7113462669018225,2551,2552
dc,raw,0.05,1000,7,precision,0.8324330959980358,8073,8146
dc,raw,0.05,1000,7,recall,0.8399603616994922,8073,8146
dc,raw,0.05,1000,7,f1,0.8361797891361983,8073,8146
dc,bh,-1.0,1000,7,mae,0.023929432177328944,-1,-1
dc,bh,0.01,1000,7,precision,0.0,0,0
dc,bh,0.01,1000,7,recall,0.0,0,0
dc,bh,0.01,1000,7,f1,0.0,0,0
dc,bh,0.05,1000,7,precision,0.0,0,0
dc,bh,0.05,1000,7,recall,0.0,0,0
dc,bh,0.05,1000,7,f1,0.0,0,0
dc,raw,-1.0,1000,8,mae,0.04595656995173424,-1,-1
dc,raw,0.01,1000,8,precision,0.7337712519319938,2551,2588
dc,raw,0.01,1000,8,recall,0.7444139553116425,2551,2588
dc,raw,0.01,1000,8,f1,0.7390542907180385,2551,2588
dc,raw,0.05,1000,8,precision,0.8477361093691208,8073,7973
dc,raw,0.05,1000,8,recall,0.8372352285395763,8073,7973
dc,raw,0.05,1000,8,f1,0.8424529477751465,8073,7973
dc,bh,-1.0,1000,8,mae,0.024340377395294183,-1,-1
dc,bh,0.01,1000,8,precision,0.0,0,0
dc,bh,0.01,1000,8,recall,0.0,0,0
dc,bh,0.01,1000,8,f1,0.0,0,0
dc,bh,0.05,1000,8,precision,0.0,0,0
dc,bh,0.05,1000,8,recall,0.0,0,0
dc,bh,0.05,1000,8,f1,0.0,0,0
dc,raw,-1.0,1000,9,mae,0.04314674988006601,-1,-1
dc,raw,0.01,1000,9,precision,0.7239819004524887,2551,2652
dc,raw,0.01,1000,9,recall,0.7526460211681694,2551,2652
dc,raw,0.01,1000,9,f1,0.7380357486065732,2551,2652
dc,raw,0.05,1000,9,precision,0.8535575354498682,8073,7969
dc,raw,0.05,1000,9,recall,0.8425616251703208,8073,7969
dc,raw,0.05,1000,9,f1,0.8480239371649421,8073,7969
dc,bh,-1.0,1000,9,mae,0.024676335042105885,-1,-1
dc,bh,0.01,1000,9,precision,0.0,0,0
dc,bh,0.01,1000,9,recall,0.0,0,0
dc,bh,0.01,1000,9,f1,0.0,0,0
dc,bh,0.05,1000,9,precision,0.0,0,0
dc,bh,0.05,1000,9,recall,0.0,0,0
dc,bh,0.05,1000,9,f1,0.0,0,0
dc,raw,-1.0,1000,10,mae,0.0492673899946479,-1,-1
dc,raw,0.01,1000,10,precision,0.6832779623477298,2551,2709
dc,raw,0.01,1000,10,recall,0.7255978047824383,2551,2709
dc,raw,0.01,1000,10,f1,0.7038022813688213,2551,2709
dc,raw,0.05,1000,10,precision,0.822871883061049,8073,8141
dc,raw,0.05,1000,10,recall,0.8298030471943515,8073,8141
dc,raw,0.05,1000,10,f1,0.8263229308005428,8073,8141
dc,bh,-1.0,1000,10,mae,0.026948323284841823,-1,-1
dc,bh,0.01,1000,10,precision,0.0,0,0
dc,bh,0.01,1000,10,recall,0.0,0,0
dc,bh,0.01,1000,10,f1,0.0,0,0
dc,bh,0.05,1000,10,precision,0.0,0,0
dc,bh,0.05,1000,10,recall,0.0,0,0
dc,bh,0.05,1000,10,f1,0.0,0,0
dc,raw,-1.0,1000,20,mae,0.048137453223096885,-1,-1
dc,raw,0.01,1000,20,precision,0.6776659959758551,2551,2485
dc,raw,0.01,1000,20,recall,0.6601332810662486,2551,2485
dc,raw,0.01,1000,20,f1,0.6687847498014297,2551,2485
dc,raw,0.05,1000,20,precision,0.831937039857832,8073,7878
dc,raw,0.05,1000,20,recall,0.8118419422767249,8073,7878
dc,raw,0.05,1000,20,f1,0.8217666603974673,8073,7878
dc,bh,-1.0,1000,20,mae,0.02628393902914304,-1,-1
dc,bh,0.01,1000,20,precision,0.0,0,0
dc,bh,0.01,1000,20,recall,0.0,0,0
dc,bh,0.01,1000,20,f1,0.0,0,0
dc,bh,0.05,1000,20,precision,0.0,0,0
dc,bh,0.05,1000,20,recall,0.0,0,0
dc,bh,0.05,1000,20,f1,0.0,0,0
dc,raw,-1.0,1000,30,mae,0.04462900144721414,-1,-1
dc,raw,0.01,1000,30,precision,0.7423241352506802,2551,2573
dc,raw,0.01,1000,30,recall,0.7487259898079185,2551,2573
dc,raw,0.01,1000,30,f1,0.7455113192818111,2551,2573
dc,raw,0.05,1000,30,precision,0.8471274351656533,8073,8059
dc,raw,0.05,1000,30,recall,0.8456583673974978,8073,8059
dc,raw,0.05,1000,30,f1,0.8463922638234564,8073,8059
dc,bh,-1.0,1000,30,mae,0.023982855549961525,-1,-1
dc,bh,0.01,1000,30,precision,0.0,0,0
dc,bh,0.01,1000,30,recall,0.0,0,0
dc,bh,0.01,1000,30,f1,0.0,0,0
dc,bh,0.05,1000,30,precision,0.0,0,0
dc,bh,0.05,1000,30,recall,0.0,0,0
dc,bh,0.05,1000,30,f1,0.0,0,0
dc,raw,-1.0,1000,40,mae,0.04488733125362257,-1,-1
dc,raw,0.01,1000,40,precision,0.7325757575757575,2551,2640
dc,raw,0.01,1000,40,recall,0.7581340650725206,2551,2640
dc,raw,0.01,1000,40,f1,0.745135811982277,2551,2640
dc,raw,0.05,1000,40,precision,0.8543321982595535,8073,7929
dc,raw,0.05,1000,40,recall,0.8390932738758826,8073,7929
dc,raw,0.05,1000,40,f1,0.8466441694788152,8073,7929
dc,bh,-1.0,1000,40,mae,0.024641886362160782,-1,-1
dc,bh,0.01,1000,40,precision,0.0,0,0
dc,bh,0.01,1000,40,recall,0.0,0,0
dc,bh,0.01,1000,40,f1,0.0,0,0
dc,bh,0.05,1000,40,precision,0.0,0,0
dc,bh,0.05,1000,40,recall,0.0,0,0
dc,bh,0.05,1000,40,f1,0.0,0,0
dc,raw,-1.0,1000,50,mae,0.04736483853287939,-1,-1
dc,raw,0.01,1000,50,precision,0.6910852713178295,2551,2580
dc,raw,0.01,1000,50,recall,0.6989415915327323,2551,2580
dc,raw,0.01,1000,50,f1,0.69499122977977,2551,2580
dc,raw,0.05,1000,50,precision,0.8387341772151898,8073,7900
dc,raw,0.05,1000,50,recall,0.8207605598909947,8073,7900
dc,raw,0.05,1000,50,f1,0.8296500344331059,8073,7900
dc,bh,-1.0,1000,50,mae,0.02646387743783175,-1,-1
dc,bh,0.01,1000,50,precision,0.0,0,0
dc,bh,0.01,1000,50,recall,0.0,0,0
dc,bh,0.01,1000,50,f1,0.0,0,0
dc,bh,0.05,1000,50,precision,0.0,0,0
dc,bh,0.05,1000,50,recall,0.0,0,0
dc,bh,0.05,1000,50,f1,0.0,0,0
dc,raw,-1.0,1000,60,mae,0.044996229540980225,-1,-1
dc,raw,0.01,1000,60,precision,0.7474374743747437,2551,2439
dc,raw,0.01,1000,60,recall,0.7146217169737358,2551,2439
dc,raw,0.01,1000,60,f1,0.7306613226452906,2551,2439
dc,raw,0.05,1000,60,precision,0.8444277297229535,8073,7977
dc,raw,0.05,1000,60,recall,0.8343862256905735,8073,7977
dc,raw,0.05,1000,60,f1,0.8393769470404985,8073,7977
dc,bh,-1.0,1000,60,mae,0.024340976733338678,-1,-1
dc,bh,0.01,1000,60,precision,0.0,0,0
dc,bh,0.01,1000,60,recall,0.0,0,0
dc,bh,0.01,1000,60,f1,0.0,0,0
dc,bh,0.05,1000,60,precision,0.0,0,0
dc,bh,0.05,1000,60,recall,0.0,0,0
dc,bh,0.05,1000,60,f1,0.0,0,0
dc,raw,-1.0,1000,70,mae,0.043389107937661986,-1,-1
dc,raw,0.01,1000,70,precision,0.7215686274509804,2551,2550
dc,raw,0.01,1000,70,recall,0.7212857702861623,2551,2550
dc,raw,0.01,1000,70,f1,0.7214271711429131,2551,2550
dc,raw,0.05,1000,70,precision,0.8443671593590858,8073,8051
dc,raw,0.05,1000,70,recall,0.8420661464139725,8073,8051
dc,raw,0.05,1000,70,f1,0.8432150831059291,8073,8051
dc,bh,-1.0,1000,70,mae,0.023456499572688826,-1,-1
dc,bh,0.01,1000,70,precision,0.0,0,0
dc,bh,0.01,1000,70,recall,0.0,0,0
dc,bh,0.01,1000,70,f1,0.0,0,0
dc,bh,0.05,1000,70,precision,0.0,0,0
dc,bh,0.05,1000,70,recall,0.0,0,0
dc,bh,0.05,1000,70,f1,0.0,0,0
dc,raw,-1.0,1000,80,mae,0.04547952081876748,-1,-1
dc,raw,0.01,1000,80,precision,0.6762672811059908,2551,2604
dc,raw,0.01,1000,80,recall,0.6903175225401803,2551,2604
dc,raw,0.01,1000,80,f1,0.6832201745877788,2551,2604
dc,raw,0.05,1000,80,precision,0.8287602893489648,8073,8018
dc,raw,0.05,1000,80,recall,0.8231140839836492,8073,8018
dc,raw,0.05,1000,80,f1,0.8259275371325586,8073,8018
dc,bh,-1.0,1000,80,mae,0.02601546867133465,-1,-1
dc,bh,0.01,1000,80,precision,0.0,0,0
dc,bh,0.01,1000,80,recall,0.0,0,0
dc,bh,0.01,1000,80,f1,0.0,0,0
dc,bh,0.05,1000,80,precision,0.0,0,0
dc,bh,0.05,1000,80,recall,0.0,0,0
dc,bh,0.05,1000,80,f1,0.0,0,0
dc,raw,-1.0,1000,90,mae,0.04395129449802836,-1,-1
dc,raw,0.01,1000,90,precision,0.7357392316647264,2551,2577
dc,raw,0.01,1000,90,recall,0.7432379459035672,2551,2577
dc,raw,0.01,1000,90,f1,0.7394695787831513,2551,2577
dc,raw,0.05,1000,90,precision,0.8500123854347288,8073,8074
dc,raw,0.05,1000,90,recall,0.8501176762046327,8073,8074
dc,raw,0.05,1000,90,f1,0.8500650275592989,8073,8074
dc,bh,-1.0,1000,90,mae,0.023426055032948163,-1,-1
dc,bh,0.01,1000,90,precision,0.0,0,0
dc,bh,0.01,1000,90,recall,0.0,0,0
dc,bh,0.01,1000,90,f1,0.0,0,0
dc,bh,0.05,1000,90,precision,0.0,0,0
dc,bh,0.05,1000,90,recall,0.0,0,0
dc,bh,0.05,1000,90,f1,0.0,0,0
dc,raw,-1.0,1000,100,mae,0.04252979528383976,-1,-1
dc,raw,0.01,1000,100,precision,0.7055100521221147,2551,2686
dc,raw,0.01,1000,100,recall,0.7428459427675421,2551,2686
dc,raw,0.01,1000,100,f1,0.7236967729616193,2551,2686
dc,raw,0.05,1000,100,precision,0.8464410154305625,8073,8036
dc,raw,0.05,1000,100,recall,0.8425616251703208,8073,8036
dc,raw,0.05,1000,100,f1,0.8444968651064623,8073,8036
dc,bh,-1.0,1000,100,mae,0.02372969148946423,-1,-1
dc,bh,0.01,1000,100,precision,0.0,0,0
dc,bh,0.01,1000,100,recall,0.0,0,0
dc,bh,0.01,1000,100,f1,0.0,0,0
dc,bh,0.05,1000,100,precision,0.0,0,0
dc,bh,0.05,1000,100,recall,0.0,0,0
dc,bh,0.05,1000,100,f1,0.0,0,0
dc,raw,-1.0,3000,1,mae,0.049052734514811645,-1,-1
dc,raw,0.01,3000,1,precision,0.7270521633643349,2695,2473
dc,raw,0.01,3000,1,recall,0.6671614100185529,2695,2473
dc,raw,0.01,3000,1,f1,0.6958204334365325,2695,2473
dc,raw,0.05,3000,1,precision,0.8470247829915712,8035,7949
dc,raw,0.05,3000,1,recall,0.8379589296826384,8035,7949
dc,raw,0.05,3000,1,f1,0.8424674674674675,8035,7949
dc,bh,-1.0,3000,1,mae,0.027070486479497172,-1,-1
dc,bh,0.01,3000,1,precision,0.0,0,0
dc,bh,0.01,3000,1,recall,0.0,0,0
dc,bh,0.01,3000,1,f1,0.0,0,0
dc,bh,0.05,3000,1,precision,0.0,0,0
dc,bh,0.05,3000,1,recall,0.0,0,0
dc,bh,0.05,3000,1,f1,0.0,0,0
dc,raw,-1.0,3000,2,mae,0.04464594380193178,-1,-1
dc,raw,0.01,3000,2,precision,0.7557220141489804,2695,2403
dc,raw,0.01,3000,2,recall,0.6738404452690167,2695,2403
dc,raw,0.01,3000,2,f1,0.7124362495096116,2695,2403
dc,raw,0.05,3000,2,precision,0.8462899759828088,8035,7911
dc,raw,0.05,3000,2,recall,0.8332296204107031,8035,7911
dc,raw,0.05,3000,2,f1,0.8397090179355324,8035,7911
dc,bh,-1.0,3000,2,mae,0.024786302310955053,-1,-1
dc,bh,0.01,3000,2,precision,0.0,0,0
dc,bh,0.01,3000,2,recall,0.0,0,0
dc,bh,0.01,3000,2,f1,0.0,0,0
dc,bh,0.05,3000,2,precision,0.0,0,0
dc,bh,0.05,3000,2,recall,0.0,0,0
dc,bh,0.05,3000,2,f1,0.0,0,0
dc,raw,-1.0,3000,3,mae,0.04193785380196667,-1,-1
dc,raw,0.01,3000,3,precision,0.7534516765285996,2695,2535
dc,raw,0.01,3000,3,recall,0.7087198515769945,2695,2535
dc,raw,0.01,3000,3,f1,0.7304015296367112,2695,2535
dc,raw,0.05,3000,3,precision,0.8526780088216761,8035,7935
dc,raw,0.05,3000,3,recall,0.8420659614187928,8035,7935
dc,raw,0.05,3000,3,f1,0.8473387601753287,8035,7935
dc,bh,-1.0,3000,3,mae,0.023763927315224063,-1,-1
dc,bh,0.01,3000,3,precision,0.0,0,0
dc,bh,0.01,3000,3,recall,0.0,0,0
dc,bh,0.01,3000,3,f1,0.0,0,0
dc,bh,0.05,3000,3,precision,0.0,0,0
dc,bh,0.05,3000,3,recall,0.0,0,0
dc,bh,0.05,3000,3,f1,0.0,0,0
dc,raw,-1.0,3000,4,mae,0.04289160571265136,-1,-1
dc,raw,0.01,3000,4,precision,0.7525732383214568,2695,2526
dc,raw,0.01,3000,4,recall,0.7053803339517625,2695,2526
dc,raw,0.01,3000,4,f1,0.7282129860180042,2695,2526
dc,raw,0.05,3000,4,precision,0.8553379658875553,8035,7915
dc,raw,0.05,3000,4,recall,0.8425637834474176,8035,7915
dc,raw,0.05,3000,4,f1,0.8489028213166144,8035,7915
dc,bh,-1.0,3000,4,mae,0.02349772647860527,-1,-1
dc,bh,0.01,3000,4,precision,0.0,0,0
dc,bh,0.01,3000,4,recall,0.0,0,0
dc,bh,0.01,3000,4,f1,0.0,0,0
dc,bh,0.05,3000,4,precision,0.0,0,0
dc,bh,0.05,3000,4,recall,0.0,0,0
dc,bh,0.05,3000,4,f1,0.0,0,0
dc,raw,-1.0,3000,5,mae,0.04249411440792641,-1,-1
dc,raw,0.01,3000,5,precision,0.7437053739195791,2695,2661
dc,raw,0.01,3000,5,recall,0.7343228200371058,2695,2661
dc,raw,0.01,3000,5,f1,0.7389843166542196,2695,2661
dc,raw,0.05,3000,5,precision,0.8572515212981744,8035,7888
dc,raw,0.05,3000,5,recall,0.8415681393901681,8035,7888
dc,raw,0.05,3000,5,f1,0.8493374364127363,8035,7888
dc,bh,-1.0,3000,5,mae,0.024300219871946367,-1,-1
dc,bh,0.01,3000,5,precision,0.0,0,0
dc,bh,0.01,3000,5,recall,0.0,0,0
dc,bh,0.01,3000,5,f1,0.0,0,0
dc,bh,0.05,3000,5,precision,0.0,0,0
dc,bh,0.05,3000,5,recall,0.0,0,0
dc,bh,0.05,3000,5,f1,0.0,0,0
dc,raw,-1.0,3000,6,mae,0.04674616423357779,-1,-1
dc,raw,0.01,3000,6,precision,0.734147302087436,2695,2539
dc,raw,0.01,3000,6,recall,0.6916512059369202,2695,2539
dc,raw,0.01,3000,6,f1,0.7122659533817348,2695,2539
dc,raw,0.05,3000,6,precision,0.8403625834067733,8035,7943
dc,raw,0.05,3000,6,recall,0.8307405102675793,8035,7943
dc,raw,0.05,3000,6,f1,0.83552384528727,8035,7943
dc,bh,-1.0,3000,6,mae,0.025894175996824097,-1,-1
dc,bh,0.01,3000,6,precision,0.0,0,0
dc,bh,0.01,3000,6,recall,0.0,0,0
dc,bh,0.01,3000,6,f1,0.0,0,0
dc,bh,0.05,3000,6,precision,0.0,0,0
dc,bh,0.05,3000,6,recall,0.0,0,0
dc,bh,0.05,3000,6,f1,0.0,0,0
dc,raw,-1.0,3000,7,mae,0.045705104370345334,-1,-1
dc,raw,0.01,3000,7,precision,0.7316034082106894,2695,2582
dc,raw,0.01,3000,7,recall,0.7009276437847867,2695,2582
dc,raw,0.01,3000,7,f1,0.7159370854652265,2695,2582
dc,raw,0.05,3000,7,precision,0.824151500245942,8035,8132
dc,raw,0.05,3000,7,recall,0.8341008089607965,8035,8132
dc,raw,0.05,3000,7,f1,0.8290963072926332,8035,8132
dc,bh,-1.0,3000,7,mae,0.02537087090220557,-1,-1
dc,bh,0.01,3000,7,precision,0.0,0,0
dc,bh,0.01,3000,7,recall,0.0,0,0
dc,bh,0.01,3000,7,f1,0.0,0,0
dc,bh,0.05,3000,7,precision,0.0,0,0
dc,bh,0.05,3000,7,recall,0.0,0,0
dc,bh,0.05,3000,7,f1,0.0,0,0
dc,raw,-1.0,3000,8,mae,0.04457097003833588,-1,-1
dc,raw,0.01,3000,8,precision,0.7400228050171037,2695,2631
dc,raw,0.01,3000,8,recall,0.7224489795918367,2695,2631
dc,raw,0.01,3000,8,f1,0.7311303041682313,2695,2631
dc,raw,0.05,3000,8,precision,0.8404189003864855,8035,8021
dc,raw,0.05,3000,8,recall,0.838954573739888,8035,8021
dc,raw,0.05,3000,8,f1,0.8396860986547086,8035,8021
dc,bh,-1.0,3000,8,mae,0.024397630121053226,-1,-1
dc,bh,0.01,3000,8,precision,0.0,0,0
dc,bh,0.01,3000,8,recall,0.0,0,0
dc,bh,0.01,3000,8,f1,0.0,0,0
dc,bh,0.05,3000,8,precision,0.0,0,0
dc,bh,0.05,3000,8,recall,0.0,0,0
dc,bh,0.05,3000,8,f1,0.0,0,0
dc,raw,-1.0,3000,9,mae,0.04408675920108657,-1,-1
dc,raw,0.01,3000,9,precision,0.7503184713375797,2695,2355
dc,raw,0.01,3000,9,recall,0.6556586270871985,2695,2355
dc,raw,0.01,3000,9,f1,0.6998019801980198,2695,2355
dc,raw,0.05,3000,9,precision,0.8474339430894309,8035,7872
dc,raw,0.05,3000,9,recall,0.8302426882389545,8035,7872
dc,raw,0.05,3000,9,f1,0.8387502357452694,8035,7872
dc,bh,-1.0,3000,9,mae,0.02492511309675815,-1,-1
dc,bh,0.01,3000,9,precision,0.0,0,0
dc,bh,0.01,3000,9,recall,0.0,0,0
dc,bh,0.01,3000,9,f1,0.0,0,0
dc,bh,0.05,3000,9,precision,0.0,0,0
dc,bh,0.05,3000,9,recall,0.0,0,0
dc,bh,0.05,3000,9,f1,0.0,0,0
dc,raw,-1.0,3000,10,mae,0.046028291805039485,-1,-1
dc,raw,0.01,3000,10,precision,0.737829209896249,2695,2506
dc,raw,0.01,3000,10,recall,0.6860853432282004,2695,2506
dc,raw,0.01,3000,10,f1,0.7110171120938281,2695,2506
dc,raw,0.05,3000,10,precision,0.8368696954568148,8035,8012
dc,raw,0.05,3000,10,recall,0.8344741754822651,8035,8012
dc,raw,0.05,3000,10,f1,0.8356702187324734,8035,8012
dc,bh,-1.0,3000,10,mae,0.0250142510421531,-1,-1
dc,bh,0.01,3000,10,precision,0.0,0,0
dc,bh,0.01,3000,10,recall,0.0,0,0
dc,bh,0.01,3000,10,f1,0.0,0,0
dc,bh,0.05,3000,10,precision,0.0,0,0
dc,bh,0.05,3000,10,recall,0.0,0,0
dc,bh,0.05,3000,10,f1,0.0,0,0
dc,raw,-1.0,3000,20,mae,0.04200676683932163,-1,-1
dc,raw,0.01,3000,20,precision,0.7247524752475247,2695,2525
dc,raw,0.01,3000,20,recall,0.6790352504638218,2695,2525
dc,raw,0.01,3000,20,f1,0.7011494252873564,2695,2525
dc,raw,0.05,3000,20,precision,0.8278243709916132,8035,8108
dc,raw,0.05,3000,20,recall,0.8353453640323585,8035,8108
dc,raw,0.05,3000,20,f1,0.8315678622313077,8035,8108
dc,bh,-1.0,3000,20,mae,0.023936271917500355,-1,-1
dc,bh,0.01,3000,20,precision,0.0,0,0
dc,bh,0.01,3000,20,recall,0.0,0,0
dc,bh,0.01,3000,20,f1,0.0,0,0
dc,bh,0.05,3000,20,precision,0.0,0,0
dc,bh,0.05,3000,20,recall,0.0,0,0
dc,bh,0.05,3000,20,f1,0.0,0,0
dc,raw,-1.0,3000,30,mae,0.04244053197533476,-1,-1
dc,raw,0.01,3000,30,precision,0.7607386591730229,2695,2491
dc,raw,0.01,3000,30,recall,0.7031539888682746,2695,2491
dc,raw,0.01,3000,30,f1,0.7308137292711145,2695,2491
dc,raw,0.05,3000,30,precision,0.8518933731938216,8035,8028
dc,raw,0.05,3000,30,recall,0.8511512134411948,8035,8028
dc,raw,0.05,3000,30,f1,0.8515221316067982,8035,8028
dc,bh,-1.0,3000,30,mae,0.02392532967217802,-1,-1
dc,bh,0.01,3000,30,precision,0.0,0,0
dc,bh,0.01,3000,30,recall,0.0,0,0
dc,bh,0.01,3000,30,f1,0.0,0,0
dc,bh,0.05,3000,30,precision,0.0,0,0
dc,bh,0.05,3000,30,recall,0.0,0,0
dc,bh,0.05,3000,30,f1,0.0,0,0
dc,raw,-1.0,3000,40,mae,0.04103285475337395,-1,-1
dc,raw,0.01,3000,40,precision,0.7845064883995281,2695,2543
dc,raw,0.01,3000,40,recall,0.7402597402597403,2695,2543
dc,raw,0.01,3000,40,f1,0.7617411225658648,2695,2543
dc,raw,0.05,3000,40,precision,0.8635970867794099,8035,8101
dc,raw,0.05,3000,40,recall,0.8706907280647168,8035,8101
dc,raw,0.05,3000,40,f1,0.8671294000991572,8035,8101
dc,bh,-1.0,3000,40,mae,0.02220569760941377,-1,-1
dc,bh,0.01,3000,40,precision,0.0,0,0
dc,bh,0.01,3000,40,recall,0.0,0,0
dc,bh,0.01,3000,40,f1,0.0,0,0
dc,bh,0.05,3000,40,precision,0.0,0,0
dc,bh,0.05,3000,40,recall,0.0,0,0
dc,bh,0.05,3000,40,f1,0.0,0,0
dc,raw,-1.0,3000,50,mae,0.042428510101626064,-1,-1
dc,raw,0.01,3000,50,precision,0.7232110424990918,2695,2753
dc,raw,0.01,3000,50,recall,0.7387755102040816,2695,2753
dc,raw,0.01,3000,50,f1,0.7309104258443465,2695,2753
dc,raw,0.05,3000,50,precision,0.8354815175097277,8035,8224
dc,raw,0.05,3000,50,recall,0.8551337896701929,8035,8224
dc,raw,0.05,3000,50,f1,0.8451934313303401,8035,8224
dc,bh,-1.0,3000,50,mae,0.024418372033668995,-1,-1
dc,bh,0.01,3000,50,precision,0.0,0,0
dc,bh,0.01,3000,50,recall,0.0,0,0
dc,bh,0.01,3000,50,f1,0.0,0,0
dc,bh,0.05,3000,50,precision,0.0,0,0
dc,bh,0.05,3000,50,recall,0.0,0,0
dc,bh,0.05,3000,50,f1,0.0,0,0
dc,raw,-1.0,3000,60,mae,0.04510670836440286,-1,-1
dc,raw,0.01,3000,60,precision,0.703037120359955,2695,2667
dc,raw,0.01,3000,60,recall,0.6957328385899815,2695,2667
dc,raw,0.01,3000,60,f1,0.6993659082431929,2695,2667
dc,raw,0.05,3000,60,precision,0.8276538367246874,8035,8158
dc,raw,0.05,3000,60,recall,0.8403235843186061,8035,8158
dc,raw,0.05,3000,60,f1,0.8339405916136602,8035,8158
dc,bh,-1.0,3000,60,mae,0.025889295952358532,-1,-1
dc,bh,0.01,3000,60,precision,0.0,0,0
dc,bh,0.01,3000,60,recall,0.0,0,0
dc,bh,0.01,3000,60,f1,0.0,0,0
dc,bh,0.05,3000,60,precision,0.0,0,0
dc,bh,0.05,3000,60,recall,0.0,0,0
dc,bh,0.05,3000,60,f1,0.0,0,0
dc,raw,-1.0,3000,70,mae,0.04050195052411454,-1,-1
dc,raw,0.01,3000,70,precision,0.7252869307663828,2695,2701
dc,raw,0.01,3000,70,recall,0.7269016697588127,2695,2701
dc,raw,0.01,3000,70,f1,0.7260934025203855,2695,2701
dc,raw,0.05,3000,70,precision,0.8410555758239086,8035,8223
dc,raw,0.05,3000,70,recall,0.8607342874922216,8035,8223
dc,raw,0.05,3000,70,f1,0.8507811538934679,8035,8223
dc,bh,-1.0,3000,70,mae,0.02332449836592722,-1,-1
dc,bh,0.01,3000,70,precision,0.0,0,0
dc,bh,0.01,3000,70,recall,0.0,0,0
dc,bh,0.01,3000,70,f1,0.0,0,0
dc,bh,0.05,3000,70,precision,0.0,0,0
dc,bh,0.05,3000,70,recall,0.0,0,0
dc,bh,0.05,3000,70,f1,0.0,0,0
dc,raw,-1.0,3000,80,mae,0.04333921682444569,-1,-1
dc,raw,0.01,3000,80,precision,0.7191426459719142,2695,2706
dc,raw,0.01,3000,80,recall,0.7220779220779221,2695,2706
dc,raw,0.01,3000,80,f1,0.7206072949453804,2695,2706
dc,raw,0.05,3000,80,precision,0.8301659850853981,8035,8314
dc,raw,0.05,3000,80,recall,0.8589919103920348,8035,8314
dc,raw,0.05,3000,80,f1,0.844332986727017,8035,8314
dc,bh,-1.0,3000,80,mae,0.025143383582932874,-1,-1
dc,bh,0.01,3000,80,precision,0.0,0,0
dc,bh,0.01,3000,80,recall,0.0,0,0
dc,bh,0.01,3000,80,f1,0.0,0,0
dc,bh,0.05,3000,80,precision,0.0,0,0
dc,bh,0.05,3000,80,recall,0.0,0,0
dc,bh,0.05,3000,80,f1,0.0,0,0
dc,raw,-1.0,3000,90,mae,0.04156344214108231,-1,-1
dc,raw,0.01,3000,90,precision,0.7567152724481965,2695,2606
dc,raw,0.01,3000,90,recall,0.7317254174397032,2695,2606
dc,raw,0.01,3000,90,f1,0.7440105640445199,2695,2606
dc,raw,0.05,3000,90,precision,0.8571788413098237,8035,7940
dc,raw,0.05,3000,90,recall,0.8470441817050405,8035,7940
dc,raw,0.05,3000,90,f1,0.8520813771517997,8035,7940
dc,bh,-1.0,3000,90,mae,0.023138969506302655,-1,-1
dc,bh,0.01,3000,90,precision,0.0,0,0
dc,bh,0.01,3000,90,recall,0.0,0,0
dc,bh,0.01,3000,90,f1,0.0,0,0
dc,bh,0.05,3000,90,precision,0.0,0,0
dc,bh,0.05,3000,90,recall,0.0,0,0
dc,bh,0.05,3000,90,f1,0.0,0,0
dc,raw,-1.0,3000,100,mae,0.04239009985302218,-1,-1
dc,raw,0.01,3000,100,precision,0.7490377213240954,2695,2598
dc,raw,0.01,3000,100,recall,0.7220779220779221,2695,2598
dc,raw,0.01,3000,100,f1,0.735310787832987,2695,2598
dc,raw,0.05,3000,100,precision,0.8375166727294774,8035,8247
dc,raw,0.05,3000,100,recall,0.8596141879278159,8035,8247
dc,raw,0.05,3000,100,f1,0.848421569831716,8035,8247
dc,bh,-1.0,3000,100,mae,0.023724135526411835,-1,-1
dc,bh,0.01,3000,100,precision,0.0,0,0
dc,bh,0.01,3000,100,recall,0.0,0,0
dc,bh,0.01,3000,100,f1,0.0,0,0
dc,bh,0.05,3000,100,precision,0.0,0,0
dc,bh,0.05,3000,100,recall,0.0,0,0
dc,bh,0.05,3000,100,f1,0.0,0,0
dc,raw,-1.0,5000,1,mae,0.05143028227508983,-1,-1
dc,raw,0.01,5000,1,precision,0.7897376543209876,2926,2592
dc,raw,0.01,5000,1,recall,0.6995898838004101,2926,2592
dc,raw,0.01,5000,1,f1,0.7419354838709677,2926,2592
dc,raw,0.05,5000,1,precision,0.8622725036891293,8339,8132
dc,raw,0.05,5000,1,recall,0.8408682096174601,8339,8132
dc,raw,0.05,5000,1,f1,0.8514358569607189,8339,8132
dc,bh,-1.0,5000,1,mae,0.028804089935534186,-1,-1
dc,bh,0.01,5000,1,precision,0.0,0,0
dc,bh,0.01,5000,1,recall,0.0,0,0
dc,bh,0.01,5000,1,f1,0.0,0,0
dc,bh,0.05,5000,1,precision,0.0,414,0
dc,bh,0.05,5000,1,recall,0.0,414,0
dc,bh,0.05,5000,1,f1,0.0,414,0
dc,raw,-1.0,5000,2,mae,0.047832390082110716,-1,-1
dc,raw,0.01,5000,2,precision,0.8062953995157385,2926,2478
dc,raw,0.01,5000,2,recall,0.6828434723171565,2926,2478
dc,raw,0.01,5000,2,f1,0.7394522575869726,2926,2478
dc,raw,0.05,5000,2,precision,0.8616161616161616,8339,7920
dc,raw,0.05,5000,2,recall,0.8183235399928049,8339,7920
dc,raw,0.05,5000,2,f1,0.8394120179592841,8339,7920
dc,bh,-1.0,5000,2,mae,0.02744424417214408,-1,-1
dc,bh,0.01,5000,2,precision,0.0,0,0
dc,bh,0.01,5000,2,recall,0.0,0,0
dc,bh,0.01,5000,2,f1,0.0,0,0
dc,bh,0.05,5000,2,precision,0.0,414,0
dc,bh,0.05,5000,2,recall,0.0,414,0
dc,bh,0.05,5000,2,f1,0.0,414,0
dc,raw,-1.0,5000,3,mae,0.04128817670905297,-1,-1
dc,raw,0.01,5000,3,precision,0.8071713147410359,2926,2510
dc,raw,0.01,5000,3,recall,0.6924128503075871,2926,2510
dc,raw,0.01,5000,3,f1,0.7454010301692421,2926,2510
dc,raw,0.05,5000,3,precision,0.8718757889421863,8339,7922
dc,raw,0.05,5000,3,recall,0.8282767717951792,8339,7922
dc,raw,0.05,5000,3,f1,0.8495172498616321,8339,7922
dc,bh,-1.0,5000,3,mae,0.025871080171963955,-1,-1
dc,bh,0.01,5000,3,precision,0.0,0,0
dc,bh,0.01,5000,3,recall,0.0,0,0
dc,bh,0.01,5000,3,f1,0.0,0,0
dc,bh,0.05,5000,3,precision,0.0,414,0
dc,bh,0.05,5000,3,recall,0.0,414,0
dc,bh,0.05,5000,3,f1,0.0,414,0
dc,raw,-1.0,5000,4,mae,0.049642927334879676,-1,-1
dc,raw,0.01,5000,4,precision,0.753586800573888,2926,2788
dc,raw,0.01,5000,4,recall,0.7180451127819549,2926,2788
dc,raw,0.01,5000,4,f1,0.7353867693384669,2926,2788
dc,raw,0.05,5000,4,precision,0.8524229074889867,8339,8172
dc,raw,0.05,5000,4,recall,0.8353519606667467,8339,8172
dc,raw,0.05,5000,4,f1,0.8438011022954394,8339,8172
dc,bh,-1.0,5000,4,mae,0.027833593992061447,-1,-1
dc,bh,0.01,5000,4,precision,0.0,0,0
dc,bh,0.01,5000,4,recall,0.0,0,0
dc,bh,0.01,5000,4,f1,0.0,0,0
dc,bh,0.05,5000,4,precision,0.0,414,0
dc,bh,0.05,5000,4,recall,0.0,414,0
dc,bh,0.05,5000,4,f1,0.0,414,0
dc,raw,-1.0,5000,5,mae,0.04180661307258238,-1,-1
dc,raw,0.01,5000,5,precision,0.7673624288425047,2926,2635
dc,raw,0.01,5000,5,recall,0.6910457963089542,2926,2635
dc,raw,0.01,5000,5,f1,0.7272073368099262,2926,2635
dc,raw,0.05,5000,5,precision,0.8568941937088151,8339,8043
dc,raw,0.05,5000,5,recall,0.8264779949634249,8339,8043
dc,raw,0.05,5000,5,f1,0.8414113050909535,8339,8043
dc,bh,-1.0,5000,5,mae,0.02542872090179176,-1,-1
dc,bh,0.01,5000,5,precision,0.0,0,0
dc,bh,0.01,5000,5,recall,0.0,0,0
dc,bh,0.01,5000,5,f1,0.0,0,0
dc,bh,0.05,5000,5,precision,0.0,414,0
dc,bh,0.05,5000,5,recall,0.0,414,0
dc,bh,0.05,5000,5,f1,0.0,414,0
dc,raw,-1.0,5000,6,mae,0.04210772238575826,-1,-1
dc,raw,0.01,5000,6,precision,0.801051051051051,2926,2664
dc,raw,0.01,5000,6,recall,0.7293233082706767,2926,2664
dc,raw,0.01,5000,6,f1,0.7635062611806798,2926,2664
dc,raw,0.05,5000,6,precision,0.8763079222720478,8339,8028
dc,raw,0.05,5000,6,recall,0.8436263340928168,8339,8028
dc,raw,0.05,5000,6,f1,0.8596566261379606,8339,8028
dc,bh,-1.0,5000,6,mae,0.024728568653500312,-1,-1
dc,bh,0.01,5000,6,precision,0.0,0,0
dc,bh,0.01,5000,6,recall,0.0,0,0
dc,bh,0.01,5000,6,f1,0.0,0,0
dc,bh,0.05,5000,6,precision,0.6920731707317073,414,328
dc,bh,0.05,5000,6,recall,0.5483091787439613,414,328
dc,bh,0.05,5000,6,f1,0.6118598382749326,414,328
dc,raw,-1.0,5000,7,mae,0.04446619607196887,-1,-1
dc,raw,0.01,5000,7,precision,0.8126659082290482,2926,2637
dc,raw,0.01,5000,7,recall,0.7323991797676008,2926,2637
dc,raw,0.01,5000,7,f1,0.7704476002157109,2926,2637
dc,raw,0.05,5000,7,precision,0.8674907292954265,8339,8090
dc,raw,0.05,5000,7,recall,0.8415877203501619,8339,8090
dc,raw,0.05,5000,7,f1,0.85434293018443,8339,8090
dc,bh,-1.0,5000,7,mae,0.025124654003324053,-1,-1
dc,bh,0.01,5000,7,precision,0.0,0,0
dc,bh,0.01,5000,7,recall,0.0,0,0
dc,bh,0.01,5000,7,f1,0.0,0,0
dc,bh,0.05,5000,7,precision,0.0,414,0
dc,bh,0.05,5000,7,recall,0.0,414,0
dc,bh,0.05,5000,7,f1,0.0,414,0
dc,raw,-1.0,5000,8,mae,0.04645301124917439,-1,-1
dc,raw,0.01,5000,8,precision,0.7987616099071208,2926,2584
dc,raw,0.01,5000,8,recall,0.7053998632946001,2926,2584
dc,raw,0.01,5000,8,f1,0.7491833030852995,2926,2584
dc,raw,0.05,5000,8,precision,0.8671284634760705,8339,7940
dc,raw,0.05,5000,8,recall,0.8256385657752728,8339,7940
dc,raw,0.05,5000,8,f1,0.8458750537502303,8339,7940
dc,bh,-1.0,5000,8,mae,0.026915609654528414,-1,-1
dc,bh,0.01,5000,8,precision,0.0,0,0
dc,bh,0.01,5000,8,recall,0.0,0,0
dc,bh,0.01,5000,8,f1,0.0,0,0
dc,bh,0.05,5000,8,precision,0.0,414,0
dc,bh,0.05,5000,8,recall,0.0,414,0
dc,bh,0.05,5000,8,f1,0.0,414,0
dc,raw,-1.0,5000,9,mae,0.041822524260276515,-1,-1
dc,raw,0.01,5000,9,precision,0.7932618683001531,2926,2612
dc,raw,0.01,5000,9,recall,0.7081339712918661,2926,2612
dc,raw,0.01,5000,9,f1,0.7482845792704947,2926,2612
dc,raw,0.05,5000,9,precision,0.8627698522913774,8339,7921
dc,raw,0.05,5000,9,recall,0.8195227245473078,8339,7921
dc,raw,0.05,5000,9,f1,0.8405904059040591,8339,7921
dc,bh,-1.0,5000,9,mae,0.026007872529745648,-1,-1
dc,bh,0.01,5000,9,precision,0.0,0,0
dc,bh,0.01,5000,9,recall,0.0,0,0
dc,bh,0.01,5000,9,f1,0.0,0,0
dc,bh,0.05,5000,9,precision,0.0,414,0
dc,bh,0.05,5000,9,recall,0.0,414,0
dc,bh,0.05,5000,9,f1,0.0,414,0
dc,raw,-1.0,5000,10,mae,0.042645747599688824,-1,-1
dc,raw,0.01,5000,10,precision,0.7831762146482959,2926,2758
dc,raw,0.01,5000,10,recall,0.7382091592617909,2926,2758
dc,raw,0.01,5000,10,f1,0.7600281491907108,2926,2758
dc,raw,0.05,5000,10,precision,0.8568820737495436,8339,8217
dc,raw,0.05,5000,10,recall,0.8443458448255187,8339,8217
dc,raw,0.05,5000,10,f1,0.8505677699927519,8339,8217
dc,bh,-1.0,5000,10,mae,0.024256386572477518,-1,-1
dc,bh,0.01,5000,10,precision,0.0,0,0
dc,bh,0.01,5000,10,recall,0.0,0,0
dc,bh,0.01,5000,10,f1,0.0,0,0
dc,bh,0.05,5000,10,precision,0.5586034912718204,414,401
dc,bh,0.05,5000,10,recall,0.5410628019323671,414,401
dc,bh,0.05,5000,10,f1,0.5496932515337424,414,401
dc,raw,-1.0,5000,20,mae,0.045912039016014025,-1,-1
dc,raw,0.01,5000,20,precision,0.7861362741236707,2926,2539
dc,raw,0.01,5000,20,recall,0.6821599453178401,2926,2539
dc,raw,0.01,5000,20,f1,0.7304666056724611,2926,2539
dc,raw,0.05,5000,20,precision,0.8624613481756339,8339,8085
dc,raw,0.05,5000,20,recall,0.8361913898548987,8339,8085
dc,raw,0.05,5000,20,f1,0.849123234291281,8339,8085
dc,bh,-1.0,5000,20,mae,0.02661734464611365,-1,-1
dc,bh,0.01,5000,20,precision,0.0,0,0
dc,bh,0.01,5000,20,recall,0.0,0,0
dc,bh,0.01,5000,20,f1,0.0,0,0
dc,bh,0.05,5000,20,precision,0.0,414,0
dc,bh,0.05,5000,20,recall,0.0,414,0
dc,bh,0.05,5000,20,f1,0.0,414,0
dc,raw,-1.0,5000,30,mae,0.04415062056117282,-1,-1
dc,raw,0.01,5000,30,precision,0.8167215815485996,2926,2428
dc,raw,0.01,5000,30,recall,0.6777170198222829,2926,2428
dc,raw,0.01,5000,30,f1,0.7407545760179305,2926,2428
dc,raw,0.05,5000,30,precision,0.8740573152337858,8339,7956
dc,raw,0.05,5000,30,recall,0.8339129392013431,8339,7956
dc,raw,0.05,5000,30,f1,0.8535133476526542,8339,7956
dc,bh,-1.0,5000,30,mae,0.027048086106205325,-1,-1
dc,bh,0.01,5000,30,precision,0.0,0,0
dc,bh,0.01,5000,30,recall,0.0,0,0
dc,bh,0.01,5000,30,f1,0.0,0,0
dc,bh,0.05,5000,30,precision,0.0,414,0
dc,bh,0.05,5000,30,recall,0.0,414,0
dc,bh,0.05,5000,30,f1,0.0,414,0
dc,raw,-1.0,5000,40,mae,0.0455899882113527,-1,-1
dc,raw,0.01,5000,40,precision,0.7770088427527874,2926,2601
dc,raw,0.01,5000,40,recall,0.6907040328092959,2926,2601
dc,raw,0.01,5000,40,f1,0.7313189795549122,2926,2601
dc,raw,0.05,5000,40,precision,0.8617127209360219,8339,8034
dc,raw,0.05,5000,40,recall,0.830195467082384,8339,8034
dc,raw,0.05,5000,40,f1,0.8456605386917486,8339,8034
dc,bh,-1.0,5000,40,mae,0.026470985144489666,-1,-1
dc,bh,0.01,5000,40,precision,0.0,0,0
dc,bh,0.01,5000,40,recall,0.0,0,0
dc,bh,0.01,5000,40,f1,0.0,0,0
dc,bh,0.05,5000,40,precision,0.543661971830986,414,355
dc,bh,0.05,5000,40,recall,0.46618357487922707,414,355
dc,bh,0.05,5000,40,f1,0.5019505851755527,414,355
dc,raw,-1.0,5000,50,mae,0.04404409871771282,-1,-1
dc,raw,0.01,5000,50,precision,0.7852975495915986,2926,2571
dc,raw,0.01,5000,50,recall,0.6900205058099795,2926,2571
dc,raw,0.01,5000,50,f1,0.7345824995452065,2926,2571
dc,raw,0.05,5000,50,precision,0.8620125786163522,8339,7950
dc,raw,0.05,5000,50,recall,0.8218011752008634,8339,7950
dc,raw,0.05,5000,50,f1,0.8414267296948861,8339,7950
dc,bh,-1.0,5000,50,mae,0.026008082231208283,-1,-1
dc,bh,0.01,5000,50,precision,0.0,0,0
dc,bh,0.01,5000,50,recall,0.0,0,0
dc,bh,0.01,5000,50,f1,0.0,0,0
dc,bh,0.05,5000,50,precision,0.0,414,0
dc,bh,0.05,5000,50,recall,0.0,414,0
dc,bh,0.05,5000,50,f1,0.0,414,0
dc,raw,-1.0,5000,60,mae,0.05122673423722732,-1,-1
dc,raw,0.01,5000,60,precision,0.7854158754272693,2926,2633
dc,raw,0.01,5000,60,recall,0.706766917293233,2926,2633
dc,raw,0.01,5000,60,f1,0.7440187084007915,2926,2633
dc,raw,0.05,5000,60,precision,0.8465608465608465,8339,8127
dc,raw,0.05,5000,60,recall,0.8250389734980214,8339,8127
dc,raw,0.05,5000,60,f1,0.8356613628082109,8339,8127
dc,bh,-1.0,5000,60,mae,0.02855277014238891,-1,-1
dc,bh,0.01,5000,60,precision,0.0,0,0
dc,bh,0.01,5000,60,recall,0.0,0,0
dc,bh,0.01,5000,60,f1,0.0,0,0
dc,bh,0.05,5000,60,precision,0.6225806451612903,414,310
dc,bh,0.05,5000,60,recall,0.46618357487922707,414,310
dc,bh,0.05,5000,60,f1,0.5331491712707183,414,310
dc,raw,-1.0,5000,70,mae,0.045832078371676764,-1,-1
dc,raw,0.01,5000,70,precision,0.7975029262582911,2926,2563
dc,raw,0.01,5000,70,recall,0.6985645933014354,2926,2563
dc,raw,0.01,5000,70,f1,0.7447622517762799,2926,2563
dc,raw,0.05,5000,70,precision,0.8642067337557461,8339,8049
dc,raw,0.05,5000,70,recall,0.8341527761122437,8339,8049
dc,raw,0.05,5000,70,f1,0.848913839394679,8339,8049
dc,bh,-1.0,5000,70,mae,0.02656750396729423,-1,-1
dc,bh,0.01,5000,70,precision,0.0,0,0
dc,bh,0.01,5000,70,recall,0.0,0,0
dc,bh,0.01,5000,70,f1,0.0,0,0
dc,bh,0.05,5000,70,precision,0.0,414,0
dc,bh,0.05,5000,70,recall,0.0,414,0
dc,bh,0.05,5000,70,f1,0.0,414,0
dc,raw,-1.0,5000,80,mae,0.042724621785323866,-1,-1
dc,raw,0.01,5000,80,precision,0.7814166031987814,2926,2626
dc,raw,0.01,5000,80,recall,0.7012987012987013,2926,2626
dc,raw,0.01,5000,80,f1,0.739193083573487,2926,2626
dc,raw,0.05,5000,80,precision,0.8627719080174021,8339,8045
dc,raw,0.05,5000,80,recall,0.8323539992804893,8339,8045
dc,raw,0.05,5000,80,f1,0.8472900390625,8339,8045
dc,bh,-1.0,5000,80,mae,0.025893141201926803,-1,-1
dc,bh,0.01,5000,80,precision,0.0,0,0
dc,bh,0.01,5000,80,recall,0.0,0,0
dc,bh,0.01,5000,80,f1,0.0,0,0
dc,bh,0.05,5000,80,precision,0.0,414,0
dc,bh,0.05,5000,80,recall,0.0,414,0
dc,bh,0.05,5000,80,f1,0.0,414,0
dc,raw,-1.0,5000,90,mae,0.04334399287843705,-1,-1
dc,raw,0.01,5000,90,precision,0.8299758259468171,2926,2482
dc,raw,0.01,5000,90,recall,0.7040328092959672,2926,2482
dc,raw,0.01,5000,90,f1,0.7618343195266272,2926,2482
dc,raw,0.05,5000,90,precision,0.8784928562397268,8339,7909
dc,raw,0.05,5000,90,recall,0.8331934284686413,8339,7909
dc,raw,0.05,5000,90,f1,0.8552437223042836,8339,7909
dc,bh,-1.0,5000,90,mae,0.025637129299374648,-1,-1
dc,bh,0.01,5000,90,precision,0.0,0,0
dc,bh,0.01,5000,90,recall,0.0,0,0
dc,bh,0.01,5000,90,f1,0.0,0,0
dc,bh,0.05,5000,90,precision,0.0,414,0
dc,bh,0.05,5000,90,recall,0.0,414,0
dc,bh,0.05,5000,90,f1,0.0,414,0
dc,raw,-1.0,5000,100,mae,0.0440374061321071,-1,-1
dc,raw,0.01,5000,100,precision,0.7990177559501322,2926,2647
dc,raw,0.01,5000,100,recall,0.7228298017771702,2926,2647
dc,raw,0.01,5000,100,f1,0.7590166876009331,2926,2647
dc,raw,0.05,5000,100,precision,0.8642928286852589,8339,8032
dc,raw,0.05,5000,100,recall,0.8324739177359396,8339,8032
dc,raw,0.05,5000,100,f1,0.8480850284038849,8339,8032
dc,bh,-1.0,5000,100,mae,0.026058928252287103,-1,-1
dc,bh,0.01,5000,100,precision,0.0,0,0
dc,bh,0.01,5000,100,recall,0.0,0,0
dc,bh,0.01,5000,100,f1,0.0,0,0
dc,bh,0.05,5000,100,precision,0.5914634146341463,414,328
dc,bh,0.05,5000,100,recall,0.46859903381642515,414,328
dc,bh,0.05,5000,100,f1,0.522911051212938,414,328
dc,raw,-1.0,7000,1,mae,0.050413997496605696,-1,-1
dc,raw,0.01,7000,1,precision,0.7630505709624796,2860,2452
dc,raw,0.01,7000,1,recall,0.6541958041958041,2860,2452
dc,raw,0.01,7000,1,f1,0.7044427710843374,2860,2452
dc,raw,0.05,7000,1,precision,0.8506590400397911,8154,8042
dc,raw,0.05,7000,1,recall,0.8389747363257297,8154,8042
dc,raw,0.05,7000,1,f1,0.8447764880217338,8154,8042
dc,bh,-1.0,7000,1,mae,0.029030012259785586,-1,-1
dc,bh,0.01,7000,1,precision,0.0,0,0
dc,bh,0.01,7000,1,recall,0.0,0,0
dc,bh,0.01,7000,1,f1,0.0,0,0
dc,bh,0.05,7000,1,precision,0.0,662,0
dc,bh,0.05,7000,1,recall,0.0,662,0
dc,bh,0.05,7000,1,f1,0.0,662,0
dc,raw,-1.0,7000,2,mae,0.044137584115892005,-1,-1
dc,raw,0.01,7000,2,precision,0.7835303709743172,2860,2453
dc,raw,0.01,7000,2,recall,0.672027972027972,2860,2453
dc,raw,0.01,7000,2,f1,0.7235083756822888,2860,2453
dc,raw,0.05,7000,2,precision,0.859179810725552,8154,7925
dc,raw,0.05,7000,2,recall,0.8350502820701496,8154,7925
dc,raw,0.05,7000,2,f1,0.8469432178618074,8154,7925
dc,bh,-1.0,7000,2,mae,0.025927344509393914,-1,-1
dc,bh,0.01,7000,2,precision,0.0,0,0
dc,bh,0.01,7000,2,recall,0.0,0,0
dc,bh,0.01,7000,2,f1,0.0,0,0
dc,bh,0.05,7000,2,precision,0.0,662,0
dc,bh,0.05,7000,2,recall,0.0,662,0
dc,bh,0.05,7000,2,f1,0.0,662,0
dc,raw,-1.0,7000,3,mae,0.04441354875188361,-1,-1
dc,raw,0.01,7000,3,precision,0.7215886747935509,2860,2543
dc,raw,0.01,7000,3,recall,0.6416083916083916,2860,2543
dc,raw,0.01,7000,3,f1,0.6792522672589302,2860,2543
dc,raw,0.05,7000,3,precision,0.8360574541852402,8154,8076
dc,raw,0.05,7000,3,recall,0.8280598479273976,8154,8076
dc,raw,0.05,7000,3,f1,0.8320394331484905,8154,8076
dc,bh,-1.0,7000,3,mae,0.027230695717027575,-1,-1
dc,bh,0.01,7000,3,precision,0.0,0,0
dc,bh,0.01,7000,3,recall,0.0,0,0
dc,bh,0.01,7000,3,f1,0.0,0,0
dc,bh,0.05,7000,3,precision,0.6035242290748899,662,227
dc,bh,0.05,7000,3,recall,0.20694864048338368,662,227
dc,bh,0.05,7000,3,f1,0.30821147356580425,662,227
dc,raw,-1.0,7000,4,mae,0.04234665057726005,-1,-1
dc,raw,0.01,7000,4,precision,0.7532517214996175,2860,2614
dc,raw,0.01,7000,4,recall,0.6884615384615385,2860,2614
dc,raw,0.01,7000,4,f1,0.7194008037997808,2860,2614
dc,raw,0.05,7000,4,precision,0.8531715946424059,8154,7914
dc,raw,0.05,7000,4,recall,0.8280598479273976,8154,7914
dc,raw,0.05,7000,4,f1,0.8404281802340055,8154,7914
dc,bh,-1.0,7000,4,mae,0.025170806132156633,-1,-1
dc,bh,0.01,7000,4,precision,0.0,0,0
dc,bh,0.01,7000,4,recall,0.0,0,0
dc,bh,0.01,7000,4,f1,0.0,0,0
dc,bh,0.05,7000,4,precision,0.6283185840707964,662,226
dc,bh,0.05,7000,4,recall,0.21450151057401812,662,226
dc,bh,0.05,7000,4,f1,0.31981981981981983,662,226
dc,raw,-1.0,7000,5,mae,0.03948283209766074,-1,-1
dc,raw,0.01,7000,5,precision,0.7889408099688473,2860,2568
dc,raw,0.01,7000,5,recall,0.7083916083916084,2860,2568
dc,raw,0.01,7000,5,f1,0.7464996315401621,2860,2568
dc,raw,0.05,7000,5,precision,0.8666750916213826,8154,7913
dc,raw,0.05,7000,5,recall,0.8410596026490066,8154,7913
dc,raw,0.05,7000,5,f1,0.8536752349536316,8154,7913
dc,bh,-1.0,7000,5,mae,0.02340124429018345,-1,-1
dc,bh,0.01,7000,5,precision,0.0,0,0
dc,bh,0.01,7000,5,recall,0.0,0,0
dc,bh,0.01,7000,5,f1,0.0,0,0
dc,bh,0.05,7000,5,precision,0.7224669603524229,662,227
dc,bh,0.05,7000,5,recall,0.24773413897280966,662,227
dc,bh,0.05,7000,5,f1,0.3689538807649044,662,227
dc,raw,-1.0,7000,6,mae,0.04534582044240297,-1,-1
dc,raw,0.01,7000,6,precision,0.7061874768432753,2860,2699
dc,raw,0.01,7000,6,recall,0.6664335664335664,2860,2699
dc,raw,0.01,7000,6,f1,0.6857348443964741,2860,2699
dc,raw,0.05,7000,6,precision,0.839659275961418,8154,7983
dc,raw,0.05,7000,6,recall,0.8220505273485406,8154,7983
dc,raw,0.05,7000,6,f1,0.8307616037677388,8154,7983
dc,bh,-1.0,7000,6,mae,0.027203909156091985,-1,-1
dc,bh,0.01,7000,6,precision,0.0,0,0
dc,bh,0.01,7000,6,recall,0.0,0,0
dc,bh,0.01,7000,6,f1,0.0,0,0
dc,bh,0.05,7000,6,precision,0.5153508771929824,662,456
dc,bh,0.05,7000,6,recall,0.3549848942598187,662,456
dc,bh,0.05,7000,6,f1,0.4203935599284436,662,456
dc,raw,-1.0,7000,7,mae,0.04220905824261447,-1,-1
dc,raw,0.01,7000,7,precision,0.7708253358925143,2860,2605
dc,raw,0.01,7000,7,recall,0.7020979020979021,2860,2605
dc,raw,0.01,7000,7,f1,0.7348581884720952,2860,2605
dc,raw,0.05,7000,7,precision,0.8494020014644862,8154,8194
dc,raw,0.05,7000,7,recall,0.8535688005886681,8154,8194
dc,raw,0.05,7000,7,f1,0.8514803034010276,8154,8194
dc,bh,-1.0,7000,7,mae,0.024858202223303157,-1,-1
dc,bh,0.01,7000,7,precision,0.0,0,0
dc,bh,0.01,7000,7,recall,0.0,0,0
dc,bh,0.01,7000,7,f1,0.0,0,0
dc,bh,0.05,7000,7,precision,0.0,662,0
dc,bh,0.05,7000,7,recall,0.0,662,0
dc,bh,0.05,7000,7,f1,0.0,662,0
dc,raw,-1.0,7000,8,mae,0.04122730911222543,-1,-1
dc,raw,0.01,7000,8,precision,0.779246016323358,2860,2573
dc,raw,0.01,7000,8,recall,0.701048951048951,2860,2573
dc,raw,0.01,7000,8,f1,0.7380820909258237,2860,2573
dc,raw,0.05,7000,8,precision,0.8680958385876418,8154,7930
dc,raw,0.05,7000,8,recall,0.8442482217316655,8154,7930
dc,raw,0.05,7000,8,f1,0.8560059686645113,8154,7930
dc,bh,-1.0,7000,8,mae,0.023745200702796815,-1,-1
dc,bh,0.01,7000,8,precision,0.0,0,0
dc,bh,0.01,7000,8,recall,0.0,0,0
dc,bh,0.01,7000,8,f1,0.0,0,0
dc,bh,0.05,7000,8,precision,0.7125,662,240
dc,bh,0.05,7000,8,recall,0.2583081570996979,662,240
dc,bh,0.05,7000,8,f1,0.37915742793791574,662,240
dc,raw,-1.0,7000,9,mae,0.04019501348313107,-1,-1
dc,raw,0.01,7000,9,precision,0.7593901078467832,2860,2689
dc,raw,0.01,7000,9,recall,0.713986013986014,2860,2689
dc,raw,0.01,7000,9,f1,0.7359884663903407,2860,2689
dc,raw,0.05,7000,9,precision,0.8493385595296423,8154,8164
dc,raw,0.05,7000,9,recall,0.8503801815060094,8154,8164
dc,raw,0.05,7000,9,f1,0.8498590513543326,8154,8164
dc,bh,-1.0,7000,9,mae,0.02373907627273123,-1,-1
dc,bh,0.01,7000,9,precision,0.0,0,0
dc,bh,0.01,7000,9,recall,0.0,0,0
dc,bh,0.01,7000,9,f1,0.0,0,0
dc,bh,0.05,7000,9,precision,0.7854251012145749,662,247
dc,bh,0.05,7000,9,recall,0.2930513595166163,662,247
dc,bh,0.05,7000,9,f1,0.42684268426842686,662,247
dc,raw,-1.0,7000,10,mae,0.0457778075217152,-1,-1
dc,raw,0.01,7000,10,precision,0.7511061946902655,2860,2712
dc,raw,0.01,7000,10,recall,0.7122377622377623,2860,2712
dc,raw,0.01,7000,10,f1,0.7311557788944724,2860,2712
dc,raw,0.05,7000,10,precision,0.8399950653836664,8154,8106
dc,raw,0.05,7000,10,recall,0.8350502820701496,8154,8106
dc,raw,0.05,7000,10,f1,0.8375153751537515,8154,8106
dc,bh,-1.0,7000,10,mae,0.025916527199658205,-1,-1
dc,bh,0.01,7000,10,precision,0.0,0,0
dc,bh,0.01,7000,10,recall,0.0,0,0
dc,bh,0.01,7000,10,f1,0.0,0,0
dc,bh,0.05,7000,10,precision,0.7255639097744361,662,266
dc,bh,0.05,7000,10,recall,0.29154078549848944,662,266
dc,bh,0.05,7000,10,f1,0.41594827586206895,662,266
dc,raw,-1.0,7000,20,mae,0.042138265593364456,-1,-1
dc,raw,0.01,7000,20,precision,0.7513555383423702,2860,2582
dc,raw,0.01,7000,20,recall,0.6783216783216783,2860,2582
dc,raw,0.01,7000,20,f1,0.7129731716280779,2860,2582
dc,raw,0.05,7000,20,precision,0.8556088933804952,8154,7916
dc,raw,0.05,7000,20,recall,0.830635271032622,8154,7916
dc,raw,0.05,7000,20,f1,0.8429371499688861,8154,7916
dc,bh,-1.0,7000,20,mae,0.0256091734877316,-1,-1
dc,bh,0.01,7000,20,precision,0.0,0,0
dc,bh,0.01,7000,20,recall,0.0,0,0
dc,bh,0.01,7000,20,f1,0.0,0,0
dc,bh,0.05,7000,20,precision,0.7479674796747967,662,246
dc,bh,0.05,7000,20,recall,0.27794561933534745,662,246
dc,bh,0.05,7000,20,f1,0.4052863436123348,662,246
dc,raw,-1.0,7000,30,mae,0.04429095040395669,-1,-1
dc,raw,0.01,7000,30,precision,0.7927400468384075,2860,2562
dc,raw,0.01,7000,30,recall,0.7101398601398602,2860,2562
dc,raw,0.01,7000,30,f1,0.749170047952785,2860,2562
dc,raw,0.05,7000,30,precision,0.8556752073276396,8154,8079
dc,raw,0.05,7000,30,recall,0.8478047584007848,8154,8079
dc,raw,0.05,7000,30,f1,0.8517218012690199,8154,8079
dc,bh,-1.0,7000,30,mae,0.025141590168287306,-1,-1
dc,bh,0.01,7000,30,precision,0.0,0,0
dc,bh,0.01,7000,30,recall,0.0,0,0
dc,bh,0.01,7000,30,f1,0.0,0,0
dc,bh,0.05,7000,30,precision,0.839622641509434,662,212
dc,bh,0.05,7000,30,recall,0.2688821752265861,662,212
dc,bh,0.05,7000,30,f1,0.4073226544622426,662,212
dc,raw,-1.0,7000,40,mae,0.04247865703098393,-1,-1
dc,raw,0.01,7000,40,precision,0.7546346782988005,2860,2751
dc,raw,0.01,7000,40,recall,0.7258741258741259,2860,2751
dc,raw,0.01,7000,40,f1,0.7399750490108715,2860,2751
dc,raw,0.05,7000,40,precision,0.8421181063933626,8154,8196
dc,raw,0.05,7000,40,recall,0.8464557272504293,8154,8196
dc,raw,0.05,7000,40,f1,0.8442813455657492,8154,8196
dc,bh,-1.0,7000,40,mae,0.02533555797177803,-1,-1
dc,bh,0.01,7000,40,precision,0.0,0,0
dc,bh,0.01,7000,40,recall,0.0,0,0
dc,bh,0.01,7000,40,f1,0.0,0,0
dc,bh,0.05,7000,40,precision,0.703971119133574,662,277
dc,bh,0.05,7000,40,recall,0.2945619335347432,662,277
dc,bh,0.05,7000,40,f1,0.41533546325878595,662,277
dc,raw,-1.0,7000,50,mae,0.039394315578240566,-1,-1
dc,raw,0.01,7000,50,precision,0.8045933734939759,2860,2656
dc,raw,0.01,7000,50,recall,0.7472027972027973,2860,2656
dc,raw,0.01,7000,50,f1,0.7748368382886149,2860,2656
dc,raw,0.05,7000,50,precision,0.8717790654666502,8154,8111
dc,raw,0.05,7000,50,recall,0.8671817512877116,8154,8111
dc,raw,0.05,7000,50,f1,0.8694743313864125,8154,8111
dc,bh,-1.0,7000,50,mae,0.023016432233313143,-1,-1
dc,bh,0.01,7000,50,precision,0.0,0,0
dc,bh,0.01,7000,50,recall,0.0,0,0
dc,bh,0.01,7000,50,f1,0.0,0,0
dc,bh,0.05,7000,50,precision,0.7824267782426778,662,239
dc,bh,0.05,7000,50,recall,0.2824773413897281,662,239
dc,bh,0.05,7000,50,f1,0.41509433962264153,662,239
dc,raw,-1.0,7000,60,mae,0.0416980772224037,-1,-1
dc,raw,0.01,7000,60,precision,0.7706696595585485,2860,2673
dc,raw,0.01,7000,60,recall,0.7202797202797203,2860,2673
dc,raw,0.01,7000,60,f1,0.7446231700704862,2860,2673
dc,raw,0.05,7000,60,precision,0.8467315031392343,8154,8123
dc,raw,0.05,7000,60,recall,0.8435123865587442,8154,8123
dc,raw,0.05,7000,60,f1,0.8451188794003809,8154,8123
dc,bh,-1.0,7000,60,mae,0.024050268489938856,-1,-1
dc,bh,0.01,7000,60,precision,0.0,0,0
dc,bh,0.01,7000,60,recall,0.0,0,0
dc,bh,0.01,7000,60,f1,0.0,0,0
dc,bh,0.05,7000,60,precision,0.7644628099173554,662,242
dc,bh,0.05,7000,60,recall,0.2794561933534743,662,242
dc,bh,0.05,7000,60,f1,0.4092920353982301,662,242
dc,raw,-1.0,7000,70,mae,0.03772368123196338,-1,-1
dc,raw,0.01,7000,70,precision,0.7830396475770925,2860,2724
dc,raw,0.01,7000,70,recall,0.7458041958041958,2860,2724
dc,raw,0.01,7000,70,f1,0.7639684813753582,2860,2724
dc,raw,0.05,7000,70,precision,0.8613496932515338,8154,8150
dc,raw,0.05,7000,70,recall,0.8609271523178808,8154,8150
dc,raw,0.05,7000,70,f1,0.8611383709519136,8154,8150
dc,bh,-1.0,7000,70,mae,0.021734774279319396,-1,-1
dc,bh,0.01,7000,70,precision,0.0,0,0
dc,bh,0.01,7000,70,recall,0.0,0,0
dc,bh,0.01,7000,70,f1,0.0,0,0
dc,bh,0.05,7000,70,precision,0.7873134328358209,662,268
dc,bh,0.05,7000,70,recall,0.3187311178247734,662,268
dc,bh,0.05,7000,70,f1,0.45376344086021503,662,268
dc,raw,-1.0,7000,80,mae,0.04157892857794285,-1,-1
dc,raw,0.01,7000,80,precision,0.74573055028463,2860,2635
dc,raw,0.01,7000,80,recall,0.6870629370629371,2860,2635
dc,raw,0.01,7000,80,f1,0.7151956323930846,2860,2635
dc,raw,0.05,7000,80,precision,0.843125077630108,8154,8051
dc,raw,0.05,7000,80,recall,0.8324748589649252,8154,8051
dc,raw,0.05,7000,80,f1,0.8377661215674175,8154,8051
dc,bh,-1.0,7000,80,mae,0.02477434592133756,-1,-1
dc,bh,0.01,7000,80,precision,0.0,0,0
dc,bh,0.01,7000,80,recall,0.0,0,0
dc,bh,0.01,7000,80,f1,0.0,0,0
dc,bh,0.05,7000,80,precision,0.6619217081850534,662,281
dc,bh,0.05,7000,80,recall,0.2809667673716012,662,281
dc,bh,0.05,7000,80,f1,0.3944856839872747,662,281
dc,raw,-1.0,7000,90,mae,0.04166947068252532,-1,-1
dc,raw,0.01,7000,90,precision,0.7818181818181819,2860,2695
dc,raw,0.01,7000,90,recall,0.7367132867132867,2860,2695
dc,raw,0.01,7000,90,f1,0.7585958595859585,2860,2695
dc,raw,0.05,7000,90,precision,0.860372174347446,8154,8007
dc,raw,0.05,7000,90,recall,0.8448614177090998,8154,8007
dc,raw,0.05,7000,90,f1,0.852546253325908,8154,8007
dc,bh,-1.0,7000,90,mae,0.0236517558549519,-1,-1
dc,bh,0.01,7000,90,precision,0.0,0,0
dc,bh,0.01,7000,90,recall,0.0,0,0
dc,bh,0.01,7000,90,f1,0.0,0,0
dc,bh,0.05,7000,90,precision,0.6901408450704225,662,426
dc,bh,0.05,7000,90,recall,0.44410876132930516,662,426
dc,bh,0.05,7000,90,f1,0.5404411764705882,662,426
dc,raw,-1.0,7000,100,mae,0.038442725160268074,-1,-1
dc,raw,0.01,7000,100,precision,0.7753036437246964,2860,2470
dc,raw,0.01,7000,100,recall,0.6695804195804196,2860,2470
dc,raw,0.01,7000,100,f1,0.7185741088180112,2860,2470
dc,raw,0.05,7000,100,precision,0.856390977443609,8154,7980
dc,raw,0.05,7000,100,recall,0.8381162619573216,8154,7980
dc,raw,0.05,7000,100,f1,0.8471550762365192,8154,7980
dc,bh,-1.0,7000,100,mae,0.023160411002555926,-1,-1
dc,bh,0.01,7000,100,precision,0.0,0,0
dc,bh,0.01,7000,100,recall,0.0,0,0
dc,bh,0.01,7000,100,f1,0.0,0,0
dc,bh,0.05,7000,100,precision,0.0,662,0
dc,bh,0.05,7000,100,recall,0.0,662,0
dc,bh,0.05,7000,100,f1,0.0,662,0
dc,raw,-1.0,10000,1,mae,0.04978441967536631,-1,-1
dc,raw,0.01,10000,1,precision,0.7362376237623762,2330,2525
dc,raw,0.01,10000,1,recall,0.7978540772532189,2330,2525
dc,raw,0.01,10000,1,f1,0.7658084449021627,2330,2525
dc,raw,0.05,10000,1,precision,0.8319753086419753,7810,8100
dc,raw,0.05,10000,1,recall,0.8628681177976952,7810,8100
dc,raw,0.05,10000,1,f1,0.8471401634192331,7810,8100
dc,bh,-1.0,10000,1,mae,0.02575122293932581,-1,-1
dc,bh,0.01,10000,1,precision,0.0,0,0
dc,bh,0.01,10000,1,recall,0.0,0,0
dc,bh,0.01,10000,1,f1,0.0,0,0
dc,bh,0.05,10000,1,precision,0.0,182,0
dc,bh,0.05,10000,1,recall,0.0,182,0
dc,bh,0.05,10000,1,f1,0.0,182,0
dc,raw,-1.0,10000,2,mae,0.048391876334174806,-1,-1
dc,raw,0.01,10000,2,precision,0.6794240242516104,2330,2639
dc,raw,0.01,10000,2,recall,0.7695278969957081,2330,2639
dc,raw,0.01,10000,2,f1,0.7216743811632119,2330,2639
dc,raw,0.05,10000,2,precision,0.8297213622291022,7810,8075
dc,raw,0.05,10000,2,recall,0.8578745198463509,7810,8075
dc,raw,0.05,10000,2,f1,0.8435631098520617,7810,8075
dc,bh,-1.0,10000,2,mae,0.026005801489568096,-1,-1
dc,bh,0.01,10000,2,precision,0.0,0,0
dc,bh,0.01,10000,2,recall,0.0,0,0
dc,bh,0.01,10000,2,f1,0.0,0,0
dc,bh,0.05,10000,2,precision,0.4873417721518987,182,158
dc,bh,0.05,10000,2,recall,0.4230769230769231,182,158
dc,bh,0.05,10000,2,f1,0.45294117647058824,182,158
dc,raw,-1.0,10000,3,mae,0.044302410384343606,-1,-1
dc,raw,0.01,10000,3,precision,0.6916179337231969,2330,2565
dc,raw,0.01,10000,3,recall,0.76137339055794,2330,2565
dc,raw,0.01,10000,3,f1,0.7248212461695608,2330,2565
dc,raw,0.05,10000,3,precision,0.8311542771759433,7810,8031
dc,raw,0.05,10000,3,recall,0.854673495518566,7810,8031
dc,raw,0.05,10000,3,f1,0.8427498263998485,7810,8031
dc,bh,-1.0,10000,3,mae,0.023970356077765705,-1,-1
dc,bh,0.01,10000,3,precision,0.0,0,0
dc,bh,0.01,10000,3,recall,0.0,0,0
dc,bh,0.01,10000,3,f1,0.0,0,0
dc,bh,0.05,10000,3,precision,0.4523809523809524,182,210
dc,bh,0.05,10000,3,recall,0.521978021978022,182,210
dc,bh,0.05,10000,3,f1,0.4846938775510204,182,210
dc,raw,-1.0,10000,4,mae,0.047060322017622336,-1,-1
dc,raw,0.01,10000,4,precision,0.6904109589041096,2330,2555
dc,raw,0.01,10000,4,recall,0.7570815450643776,2330,2555
dc,raw,0.01,10000,4,f1,0.7222108495394064,2330,2555
dc,raw,0.05,10000,4,precision,0.8248021760633036,7810,8088
dc,raw,0.05,10000,4,recall,0.8541613316261204,7810,8088
dc,raw,0.05,10000,4,f1,0.8392250597559442,7810,8088
dc,bh,-1.0,10000,4,mae,0.025367690248684453,-1,-1
dc,bh,0.01,10000,4,precision,0.0,0,0
dc,bh,0.01,10000,4,recall,0.0,0,0
dc,bh,0.01,10000,4,f1,0.0,0,0
dc,bh,0.05,10000,4,precision,0.5126582278481012,182,158
dc,bh,0.05,10000,4,recall,0.44505494505494503,182,158
dc,bh,0.05,10000,4,f1,0.4764705882352941,182,158
dc,raw,-1.0,10000,5,mae,0.04130463765316103,-1,-1
dc,raw,0.01,10000,5,precision,0.6946564885496184,2330,2620
dc,raw,0.01,10000,5,recall,0.7811158798283262,2330,2620
dc,raw,0.01,10000,5,f1,0.7353535353535353,2330,2620
dc,raw,0.05,10000,5,precision,0.8338293650793651,7810,8064
dc,raw,0.05,10000,5,recall,0.8609475032010243,7810,8064
dc,raw,0.05,10000,5,f1,0.8471714753685271,7810,8064
dc,bh,-1.0,10000,5,mae,0.0229466696318689,-1,-1
dc,bh,0.01,10000,5,precision,0.0,0,0
dc,bh,0.01,10000,5,recall,0.0,0,0
dc,bh,0.01,10000,5,f1,0.0,0,0
dc,bh,0.05,10000,5,precision,0.47513812154696133,182,181
dc,bh,0.05,10000,5,recall,0.4725274725274725,182,181
dc,bh,0.05,10000,5,f1,0.4738292011019284,182,181
dc,raw,-1.0,10000,6,mae,0.04289858983240078,-1,-1
dc,raw,0.01,10000,6,precision,0.6495789088246063,2330,2731
dc,raw,0.01,10000,6,recall,0.76137339055794,2330,2731
dc,raw,0.01,10000,6,f1,0.7010472238688006,2330,2731
dc,raw,0.05,10000,6,precision,0.8205128205128205,7810,8073
dc,raw,0.05,10000,6,recall,0.8481434058898848,7810,8073
dc,raw,0.05,10000,6,f1,0.8340993515079015,7810,8073
dc,bh,-1.0,10000,6,mae,0.02521007731695389,-1,-1
dc,bh,0.01,10000,6,precision,0.0,0,0
dc,bh,0.01,10000,6,recall,0.0,0,0
dc,bh,0.01,10000,6,f1,0.0,0,0
dc,bh,0.05,10000,6,precision,0.25748502994011974,182,501
dc,bh,0.05,10000,6,recall,0.7087912087912088,182,501
dc,bh,0.05,10000,6,f1,0.37774524158125916,182,501
dc,raw,-1.0,10000,7,mae,0.0418053903597809,-1,-1
dc,raw,0.01,10000,7,precision,0.6836046050019849,2330,2519
dc,raw,0.01,10000,7,recall,0.7390557939914163,2330,2519
dc,raw,0.01,10000,7,f1,0.7102495359868014,2330,2519
dc,raw,0.05,10000,7,precision,0.8318147304479878,7810,7902
dc,raw,0.05,10000,7,recall,0.8416133162612036,7810,7902
dc,raw,0.05,10000,7,f1,0.8366853360488798,7810,7902
dc,bh,-1.0,10000,7,mae,0.02272304140717269,-1,-1
dc,bh,0.01,10000,7,precision,0.0,0,0
dc,bh,0.01,10000,7,recall,0.0,0,0
dc,bh,0.01,10000,7,f1,0.0,0,0
dc,bh,0.05,10000,7,precision,0.480225988700565,182,177
dc,bh,0.05,10000,7,recall,0.46703296703296704,182,177
dc,bh,0.05,10000,7,f1,0.4735376044568245,182,177
dc,raw,-1.0,10000,8,mae,0.042346589177320204,-1,-1
dc,raw,0.01,10000,8,precision,0.7125937623371497,2330,2533
dc,raw,0.01,10000,8,recall,0.7746781115879828,2330,2533
dc,raw,0.01,10000,8,f1,0.7423401192679416,2330,2533
dc,raw,0.05,10000,8,precision,0.8383558189383432,7810,7931
dc,raw,0.05,10000,8,recall,0.8513444302176697,7810,7931
dc,raw,0.05,10000,8,f1,0.8448002032907693,7810,7931
dc,bh,-1.0,10000,8,mae,0.022847577169619448,-1,-1
dc,bh,0.01,10000,8,precision,0.0,0,0
dc,bh,0.01,10000,8,recall,0.0,0,0
dc,bh,0.01,10000,8,f1,0.0,0,0
dc,bh,0.05,10000,8,precision,0.532051282051282,182,156
dc,bh,0.05,10000,8,recall,0.45604395604395603,182,156
dc,bh,0.05,10000,8,f1,0.4911242603550296,182,156
dc,raw,-1.0,10000,9,mae,0.04544283207343972,-1,-1
dc,raw,0.01,10000,9,precision,0.6177462887989204,2330,2964
dc,raw,0.01,10000,9,recall,0.7858369098712447,2330,2964
dc,raw,0.01,10000,9,f1,0.6917264828107291,2330,2964
dc,raw,0.05,10000,9,precision,0.7932072744791039,7810,8303
dc,raw,0.05,10000,9,recall,0.8432778489116517,7810,8303
dc,raw,0.05,10000,9,f1,0.817476571712282,7810,8303
dc,bh,-1.0,10000,9,mae,0.028423307269932547,-1,-1
dc,bh,0.01,10000,9,precision,0.0,0,0
dc,bh,0.01,10000,9,recall,0.0,0,0
dc,bh,0.01,10000,9,f1,0.0,0,0
dc,bh,0.05,10000,9,precision,0.2815734989648033,182,483
dc,bh,0.05,10000,9,recall,0.7472527472527473,182,483
dc,bh,0.05,10000,9,f1,0.40902255639097745,182,483
dc,raw,-1.0,10000,10,mae,0.04356502504302063,-1,-1
dc,raw,0.01,10000,10,precision,0.7075113808801214,2330,2636
dc,raw,0.01,10000,10,recall,0.8004291845493562,2330,2636
dc,raw,0.01,10000,10,f1,0.7511075312122433,2330,2636
dc,raw,0.05,10000,10,precision,0.8209245742092457,7810,8220
dc,raw,0.05,10000,10,recall,0.8640204865556979,7810,8220
dc,raw,0.05,10000,10,f1,0.8419213973799127,7810,8220
dc,bh,-1.0,10000,10,mae,0.02478100251055698,-1,-1
dc,bh,0.01,10000,10,precision,0.0,0,0
dc,bh,0.01,10000,10,recall,0.0,0,0
dc,bh,0.01,10000,10,f1,0.0,0,0
dc,bh,0.05,10000,10,precision,0.5280898876404494,182,178
dc,bh,0.05,10000,10,recall,0.5164835164835165,182,178
dc,bh,0.05,10000,10,f1,0.5222222222222223,182,178
dc,raw,-1.0,10000,20,mae,0.04235139180495078,-1,-1
dc,raw,0.01,10000,20,precision,0.7575888985255854,2330,2306
dc,raw,0.01,10000,20,recall,0.7497854077253219,2330,2306
dc,raw,0.01,10000,20,f1,0.7536669542709232,2330,2306
dc,raw,0.05,10000,20,precision,0.846981394760157,7810,7901
dc,raw,0.05,10000,20,recall,0.8568501920614596,7810,7901
dc,raw,0.05,10000,20,f1,0.8518872127808542,7810,7901
dc,bh,-1.0,10000,20,mae,0.02148664305796741,-1,-1
dc,bh,0.01,10000,20,precision,0.0,0,0
dc,bh,0.01,10000,20,recall,0.0,0,0
dc,bh,0.01,10000,20,f1,0.0,0,0
dc,bh,0.05,10000,20,precision,0.0,182,0
dc,bh,0.05,10000,20,recall,0.0,182,0
dc,bh,0.05,10000,20,f1,0.0,182,0
dc,raw,-1.0,10000,30,mae,0.04670000406471259,-1,-1
dc,raw,0.01,10000,30,precision,0.6589895988112927,2330,2692
dc,raw,0.01,10000,30,recall,0.76137339055794,2330,2692
dc,raw,0.01,10000,30,f1,0.7064914376742334,2330,2692
dc,raw,0.05,10000,30,precision,0.8185079797105035,7810,8083
dc,raw,0.05,10000,30,recall,0.8471190781049937,7810,8083
dc,raw,0.05,10000,30,f1,0.8325677971433965,7810,8083
dc,bh,-1.0,10000,30,mae,0.026009362403563947,-1,-1
dc,bh,0.01,10000,30,precision,0.0,0,0
dc,bh,0.01,10000,30,recall,0.0,0,0
dc,bh,0.01,10000,30,f1,0.0,0,0
dc,bh,0.05,10000,30,precision,0.2816593886462882,182,458
dc,bh,0.05,10000,30,recall,0.7087912087912088,182,458
dc,bh,0.05,10000,30,f1,0.403125,182,458
dc,raw,-1.0,10000,40,mae,0.04214400548833854,-1,-1
dc,raw,0.01,10000,40,precision,0.7534071550255537,2330,2348
dc,raw,0.01,10000,40,recall,0.7592274678111588,2330,2348
dc,raw,0.01,10000,40,f1,0.7563061137238136,2330,2348
dc,raw,0.05,10000,40,precision,0.8527061855670103,7810,7760
dc,raw,0.05,10000,40,recall,0.847247119078105,7810,7760
dc,raw,0.05,10000,40,f1,0.8499678869621066,7810,7760
dc,bh,-1.0,10000,40,mae,0.021071885290001806,-1,-1
dc,bh,0.01,10000,40,precision,0.0,0,0
dc,bh,0.01,10000,40,recall,0.0,0,0
dc,bh,0.01,10000,40,f1,0.0,0,0
dc,bh,0.05,10000,40,precision,0.0,182,0
dc,bh,0.05,10000,40,recall,0.0,182,0
dc,bh,0.05,10000,40,f1,0.0,182,0
dc,raw,-1.0,10000,50,mae,0.043791131556644255,-1,-1
dc,raw,0.01,10000,50,precision,0.7187878787878788,2330,2475
dc,raw,0.01,10000,50,recall,0.763519313304721,2330,2475
dc,raw,0.01,10000,50,f1,0.7404786680541103,2330,2475
dc,raw,0.05,10000,50,precision,0.8320525532969757,7810,8068
dc,raw,0.05,10000,50,recall,0.859539052496799,7810,8068
dc,raw,0.05,10000,50,f1,0.8455724902380652,7810,8068
dc,bh,-1.0,10000,50,mae,0.023825992938026567,-1,-1
dc,bh,0.01,10000,50,precision,0.0,0,0
dc,bh,0.01,10000,50,recall,0.0,0,0
dc,bh,0.01,10000,50,f1,0.0,0,0
dc,bh,0.05,10000,50,precision,0.5476190476190477,182,168
dc,bh,0.05,10000,50,recall,0.5054945054945055,182,168
dc,bh,0.05,10000,50,f1,0.5257142857142857,182,168
dc,raw,-1.0,10000,60,mae,0.04349231738964953,-1,-1
dc,raw,0.01,10000,60,precision,0.7432377876463464,2330,2477
dc,raw,0.01,10000,60,recall,0.7901287553648069,2330,2477
dc,raw,0.01,10000,60,f1,0.7659662991470771,2330,2477
dc,raw,0.05,10000,60,precision,0.8477246943148872,7810,7933
dc,raw,0.05,10000,60,recall,0.8610755441741357,7810,7933
dc,raw,0.05,10000,60,f1,0.8543479641745537,7810,7933
dc,bh,-1.0,10000,60,mae,0.02205155805271923,-1,-1
dc,bh,0.01,10000,60,precision,0.0,0,0
dc,bh,0.01,10000,60,recall,0.0,0,0
dc,bh,0.01,10000,60,f1,0.0,0,0
dc,bh,0.05,10000,60,precision,0.5595854922279793,182,193
dc,bh,0.05,10000,60,recall,0.5934065934065934,182,193
dc,bh,0.05,10000,60,f1,0.576,182,193
dc,raw,-1.0,10000,70,mae,0.04373338186087937,-1,-1
dc,raw,0.01,10000,70,precision,0.645869640989892,2330,2869
dc,raw,0.01,10000,70,recall,0.7952789699570816,2330,2869
dc,raw,0.01,10000,70,f1,0.7128293902673591,2330,2869
dc,raw,0.05,10000,70,precision,0.8093215196018935,7810,8239
dc,raw,0.05,10000,70,recall,0.8537772087067862,7810,8239
dc,raw,0.05,10000,70,f1,0.8309551997009159,7810,8239
dc,bh,-1.0,10000,70,mae,0.027289814383203336,-1,-1
dc,bh,0.01,10000,70,precision,0.0,0,0
dc,bh,0.01,10000,70,recall,0.0,0,0
dc,bh,0.01,10000,70,f1,0.0,0,0
dc,bh,0.05,10000,70,precision,0.2989010989010989,182,455
dc,bh,0.05,10000,70,recall,0.7472527472527473,182,455
dc,bh,0.05,10000,70,f1,0.42700156985871274,182,455
dc,raw,-1.0,10000,80,mae,0.04294425146653892,-1,-1
dc,raw,0.01,10000,80,precision,0.720342279268767,2330,2571
dc,raw,0.01,10000,80,recall,0.7948497854077253,2330,2571
dc,raw,0.01,10000,80,f1,0.7557641297694349,2330,2571
dc,raw,0.05,10000,80,precision,0.8364178362936281,7810,8051
dc,raw,0.05,10000,80,recall,0.8622279129321383,7810,8051
dc,raw,0.05,10000,80,f1,0.8491267889792573,7810,8051
dc,bh,-1.0,10000,80,mae,0.023298554348157946,-1,-1
dc,bh,0.01,10000,80,precision,0.0,0,0
dc,bh,0.01,10000,80,recall,0.0,0,0
dc,bh,0.01,10000,80,f1,0.0,0,0
dc,bh,0.05,10000,80,precision,0.3723076923076923,182,325
dc,bh,0.05,10000,80,recall,0.6648351648351648,182,325
dc,bh,0.05,10000,80,f1,0.47731755424063116,182,325
dc,raw,-1.0,10000,90,mae,0.04631255045076457,-1,-1
dc,raw,0.01,10000,90,precision,0.7013188518231187,2330,2578
dc,raw,0.01,10000,90,recall,0.7759656652360515,2330,2578
dc,raw,0.01,10000,90,f1,0.7367563162184189,2330,2578
dc,raw,0.05,10000,90,precision,0.8320120800302001,7810,7947
dc,raw,0.05,10000,90,recall,0.846606914212548,7810,7947
dc,raw,0.05,10000,90,f1,0.839246049374881,7810,7947
dc,bh,-1.0,10000,90,mae,0.024931462776918243,-1,-1
dc,bh,0.01,10000,90,precision,0.0,0,0
dc,bh,0.01,10000,90,recall,0.0,0,0
dc,bh,0.01,10000,90,f1,0.0,0,0
dc,bh,0.05,10000,90,precision,0.3588957055214724,182,326
dc,bh,0.05,10000,90,recall,0.6428571428571429,182,326
dc,bh,0.05,10000,90,f1,0.46062992125984253,182,326
dc,raw,-1.0,10000,100,mae,0.04423560007519534,-1,-1
dc,raw,0.01,10000,100,precision,0.6439285714285714,2330,2800
dc,raw,0.01,10000,100,recall,0.7738197424892704,2330,2800
dc,raw,0.01,10000,100,f1,0.7029239766081872,2330,2800
dc,raw,0.05,10000,100,precision,0.8160522746886943,7810,8111
dc,raw,0.05,10000,100,recall,0.8475032010243277,7810,8111
dc,raw,0.05,10000,100,f1,0.8314804346460649,7810,8111
dc,bh,-1.0,10000,100,mae,0.025845271033441298,-1,-1
dc,bh,0.01,10000,100,precision,0.0,0,0
dc,bh,0.01,10000,100,recall,0.0,0,0
dc,bh,0.01,10000,100,f1,0.0,0,0
dc,bh,0.05,10000,100,precision,0.28859060402684567,182,447
dc,bh,0.05,10000,100,recall,0.7087912087912088,182,447
dc,bh,0.05,10000,100,f1,0.41017488076311603,182,447
cd8+_tcells,raw,-1.0,1000,1,mae,0.05403106900911379,-1,-1
cd8+_tcells,raw,0.01,1000,1,precision,0.6627127385250129,2039,1939
cd8+_tcells,raw,0.01,1000,1,recall,0.6302108876900442,2039,1939
cd8+_tcells,raw,0.01,1000,1,f1,0.6460532931121167,2039,1939
cd8+_tcells,raw,0.05,1000,1,precision,0.7985382059800664,7457,7525
cd8+_tcells,raw,0.05,1000,1,recall,0.8058200348665683,7457,7525
cd8+_tcells,raw,0.05,1000,1,f1,0.802162595114137,7457,7525
cd8+_tcells,bh,-1.0,1000,1,mae,0.024893173893921185,-1,-1
cd8+_tcells,bh,0.01,1000,1,precision,0.0,0,0
cd8+_tcells,bh,0.01,1000,1,recall,0.0,0,0
cd8+_tcells,bh,0.01,1000,1,f1,0.0,0,0
cd8+_tcells,bh,0.05,1000,1,precision,0.0,0,0
cd8+_tcells,bh,0.05,1000,1,recall,0.0,0,0
cd8+_tcells,bh,0.05,1000,1,f1,0.0,0,0
cd8+_tcells,raw,-1.0,1000,2,mae,0.0511592741732016,-1,-1
cd8+_tcells,raw,0.01,1000,2,precision,0.6587582029278143,2039,1981
cd8+_tcells,raw,0.01,1000,2,recall,0.640019617459539,2039,1981
cd8+_tcells,raw,0.01,1000,2,f1,0.6492537313432836,2039,1981
cd8+_tcells,raw,0.05,1000,2,precision,0.799339498018494,7457,7570
cd8+_tcells,raw,0.05,1000,2,recall,0.8114523266729248,7457,7570
cd8+_tcells,raw,0.05,1000,2,f1,0.8053503693351967,7457,7570
cd8+_tcells,bh,-1.0,1000,2,mae,0.024492281627703477,-1,-1
cd8+_tcells,bh,0.01,1000,2,precision,0.0,0,0
cd8+_tcells,bh,0.01,1000,2,recall,0.0,0,0
cd8+_tcells,bh,0.01,1000,2,f1,0.0,0,0
cd8+_tcells,bh,0.05,1000,2,precision,0.0,0,0
cd8+_tcells,bh,0.05,1000,2,recall,0.0,0,0
cd8+_tcells,bh,0.05,1000,2,f1,0.0,0,0
cd8+_tcells,raw,-1.0,1000,3,mae,0.04652919613454081,-1,-1
cd8+_tcells,raw,0.01,1000,3,precision,0.6958817317845829,2039,1894
cd8+_tcells,raw,0.01,1000,3,recall,0.6463952918097107,2039,1894
cd8+_tcells,raw,0.01,1000,3,f1,0.6702262903635902,2039,1894
cd8+_tcells,raw,0.05,1000,3,precision,0.8257452574525745,7457,7380
cd8+_tcells,raw,0.05,1000,3,recall,0.8172187206651469,7457,7380
cd8+_tcells,raw,0.05,1000,3,f1,0.8214598638538788,7457,7380
cd8+_tcells,bh,-1.0,1000,3,mae,0.021776247611609737,-1,-1
cd8+_tcells,bh,0.01,1000,3,precision,0.0,0,0
cd8+_tcells,bh,0.01,1000,3,recall,0.0,0,0
cd8+_tcells,bh,0.01,1000,3,f1,0.0,0,0
cd8+_tcells,bh,0.05,1000,3,precision,0.0,0,0
cd8+_tcells,bh,0.05,1000,3,recall,0.0,0,0
cd8+_tcells,bh,0.05,1000,3,f1,0.0,0,0
cd8+_tcells,raw,-1.0,1000,4,mae,0.04958850045189315,-1,-1
cd8+_tcells,raw,0.01,1000,4,precision,0.6861569215392304,2039,2001
cd8+_tcells,raw,0.01,1000,4,recall,0.6733692986758215,2039,2001
cd8+_tcells,raw,0.01,1000,4,f1,0.6797029702970298,2039,2001
cd8+_tcells,raw,0.05,1000,4,precision,0.8096248177117857,7457,7543
cd8+_tcells,raw,0.05,1000,4,recall,0.8189620490814,7457,7543
cd8+_tcells,raw,0.05,1000,4,f1,0.8142666666666667,7457,7543
cd8+_tcells,bh,-1.0,1000,4,mae,0.02436302086528802,-1,-1
cd8+_tcells,bh,0.01,1000,4,precision,0.0,0,0
cd8+_tcells,bh,0.01,1000,4,recall,0.0,0,0
cd8+_tcells,bh,0.01,1000,4,f1,0.0,0,0
cd8+_tcells,bh,0.05,1000,4,precision,0.0,0,0
cd8+_tcells,bh,0.05,1000,4,recall,0.0,0,0
cd8+_tcells,bh,0.05,1000,4,f1,0.0,0,0
cd8+_tcells,raw,-1.0,1000,5,mae,0.04746736251814241,-1,-1
cd8+_tcells,raw,0.01,1000,5,precision,0.7216761510605276,2039,1933
cd8+_tcells,raw,0.01,1000,5,recall,0.6841589014222658,2039,1933
cd8+_tcells,raw,0.01,1000,5,f1,0.702416918429003,2039,1933
cd8+_tcells,raw,0.05,1000,5,precision,0.827383340018719,7457,7479
cd8+_tcells,raw,0.05,1000,5,recall,0.829824326136516,7457,7479
cd8+_tcells,raw,0.05,1000,5,f1,0.8286020353508302,7457,7479
cd8+_tcells,bh,-1.0,1000,5,mae,0.021888391213278128,-1,-1
cd8+_tcells,bh,0.01,1000,5,precision,0.0,0,0
cd8+_tcells,bh,0.01,1000,5,recall,0.0,0,0
cd8+_tcells,bh,0.01,1000,5,f1,0.0,0,0
cd8+_tcells,bh,0.05,1000,5,precision,0.0,0,0
cd8+_tcells,bh,0.05,1000,5,recall,0.0,0,0
cd8+_tcells,bh,0.05,1000,5,f1,0.0,0,0
cd8+_tcells,raw,-1.0,1000,6,mae,0.04820041896090494,-1,-1
cd8+_tcells,raw,0.01,1000,6,precision,0.6466569058077111,2039,2049
cd8+_tcells,raw,0.01,1000,6,recall,0.6498283472290338,2039,2049
cd8+_tcells,raw,0.01,1000,6,f1,0.648238747553816,2039,2049
cd8+_tcells,raw,0.05,1000,6,precision,0.8068765643525228,7457,7591
cd8+_tcells,raw,0.05,1000,6,recall,0.8213758884269814,7457,7591
cd8+_tcells,raw,0.05,1000,6,f1,0.8140616693248273,7457,7591
cd8+_tcells,bh,-1.0,1000,6,mae,0.024329728623292867,-1,-1
cd8+_tcells,bh,0.01,1000,6,precision,0.0,0,0
cd8+_tcells,bh,0.01,1000,6,recall,0.0,0,0
cd8+_tcells,bh,0.01,1000,6,f1,0.0,0,0
cd8+_tcells,bh,0.05,1000,6,precision,0.0,0,0
cd8+_tcells,bh,0.05,1000,6,recall,0.0,0,0
cd8+_tcells,bh,0.05,1000,6,f1,0.0,0,0
cd8+_tcells,raw,-1.0,1000,7,mae,0.04214789278499847,-1,-1
cd8+_tcells,raw,0.01,1000,7,precision,0.7321637426900585,2039,1710
cd8+_tcells,raw,0.01,1000,7,recall,0.6140264835703776,2039,1710
cd8+_tcells,raw,0.01,1000,7,f1,0.6679114430514804,2039,1710
cd8+_tcells,raw,0.05,1000,7,precision,0.8275112138099769,7457,7357
cd8+_tcells,raw,0.05,1000,7,recall,0.816414107549953,7457,7357
cd8+_tcells,raw,0.05,1000,7,f1,0.8219252058863238,7457,7357
cd8+_tcells,bh,-1.0,1000,7,mae,0.020790373692730842,-1,-1
cd8+_tcells,bh,0.01,1000,7,precision,0.0,0,0
cd8+_tcells,bh,0.01,1000,7,recall,0.0,0,0
cd8+_tcells,bh,0.01,1000,7,f1,0.0,0,0
cd8+_tcells,bh,0.05,1000,7,precision,0.0,0,0
cd8+_tcells,bh,0.05,1000,7,recall,0.0,0,0
cd8+_tcells,bh,0.05,1000,7,f1,0.0,0,0
cd8+_tcells,raw,-1.0,1000,8,mae,0.049177863433944896,-1,-1
cd8+_tcells,raw,0.01,1000,8,precision,0.6597724922440538,2039,1934
cd8+_tcells,raw,0.01,1000,8,recall,0.6257969592937714,2039,1934
cd8+_tcells,raw,0.01,1000,8,f1,0.6423357664233577,2039,1934
cd8+_tcells,raw,0.05,1000,8,precision,0.798719487795118,7457,7497
cd8+_tcells,raw,0.05,1000,8,recall,0.8030038889633901,7457,7497
cd8+_tcells,raw,0.05,1000,8,f1,0.8008559582720343,7457,7497
cd8+_tcells,bh,-1.0,1000,8,mae,0.02287781703173832,-1,-1
cd8+_tcells,bh,0.01,1000,8,precision,0.0,0,0
cd8+_tcells,bh,0.01,1000,8,recall,0.0,0,0
cd8+_tcells,bh,0.01,1000,8,f1,0.0,0,0
cd8+_tcells,bh,0.05,1000,8,precision,0.0,0,0
cd8+_tcells,bh,0.05,1000,8,recall,0.0,0,0
cd8+_tcells,bh,0.05,1000,8,f1,0.0,0,0
cd8+_tcells,raw,-1.0,1000,9,mae,0.04155660885005461,-1,-1
cd8+_tcells,raw,0.01,1000,9,precision,0.6924697209057399,2039,1899
cd8+_tcells,raw,0.01,1000,9,recall,0.6449239823442864,2039,1899
cd8+_tcells,raw,0.01,1000,9,f1,0.6678517013712545,2039,1899
cd8+_tcells,raw,0.05,1000,9,precision,0.8283360345759049,7457,7404
cd8+_tcells,raw,0.05,1000,9,recall,0.8224487059139064,7457,7404
cd8+_tcells,raw,0.05,1000,9,f1,0.8253818720139964,7457,7404
cd8+_tcells,bh,-1.0,1000,9,mae,0.01955044070548341,-1,-1
cd8+_tcells,bh,0.01,1000,9,precision,0.0,0,0
cd8+_tcells,bh,0.01,1000,9,recall,0.0,0,0
cd8+_tcells,bh,0.01,1000,9,f1,0.0,0,0
cd8+_tcells,bh,0.05,1000,9,precision,0.0,0,0
cd8+_tcells,bh,0.05,1000,9,recall,0.0,0,0
cd8+_tcells,bh,0.05,1000,9,f1,0.0,0,0
cd8+_tcells,raw,-1.0,1000,10,mae,0.043563464901790916,-1,-1
cd8+_tcells,raw,0.01,1000,10,precision,0.6684972541188218,2039,2003
cd8+_tcells,raw,0.01,1000,10,recall,0.6566944580676802,2039,2003
cd8+_tcells,raw,0.01,1000,10,f1,0.6625432953983177,2039,2003
cd8+_tcells,raw,0.05,1000,10,precision,0.8160934802815031,7457,7531
cd8+_tcells,raw,0.05,1000,10,recall,0.8241920343301595,7457,7531
cd8+_tcells,raw,0.05,1000,10,f1,0.8201227648785695,7457,7531
cd8+_tcells,bh,-1.0,1000,10,mae,0.02143217866222086,-1,-1
cd8+_tcells,bh,0.01,1000,10,precision,0.0,0,0
cd8+_tcells,bh,0.01,1000,10,recall,0.0,0,0
cd8+_tcells,bh,0.01,1000,10,f1,0.0,0,0
cd8+_tcells,bh,0.05,1000,10,precision,0.0,0,0
cd8+_tcells,bh,0.05,1000,10,recall,0.0,0,0
cd8+_tcells,bh,0.05,1000,10,f1,0.0,0,0
cd8+_tcells,raw,-1.0,1000,20,mae,0.046516332190209515,-1,-1
cd8+_tcells,raw,0.01,1000,20,precision,0.6799601196410767,2039,2006
cd8+_tcells,raw,0.01,1000,20,recall,0.6689553702795488,2039,2006
cd8+_tcells,raw,0.01,1000,20,f1,0.6744128553770087,2039,2006
cd8+_tcells,raw,0.05,1000,20,precision,0.8138094610620635,7457,7589
cd8+_tcells,raw,0.05,1000,20,recall,0.8282150999061285,7457,7589
cd8+_tcells,raw,0.05,1000,20,f1,0.8209490894589925,7457,7589
cd8+_tcells,bh,-1.0,1000,20,mae,0.02183744837835389,-1,-1
cd8+_tcells,bh,0.01,1000,20,precision,0.0,0,0
cd8+_tcells,bh,0.01,1000,20,recall,0.0,0,0
cd8+_tcells,bh,0.01,1000,20,f1,0.0,0,0
cd8+_tcells,bh,0.05,1000,20,precision,0.0,0,0
cd8+_tcells,bh,0.05,1000,20,recall,0.0,0,0
cd8+_tcells,bh,0.05,1000,20,f1,0.0,0,0
cd8+_tcells,raw,-1.0,1000,30,mae,0.046720029250133514,-1,-1
cd8+_tcells,raw,0.01,1000,30,precision,0.6443997990959317,2039,1991
cd8+_tcells,raw,0.01,1000,30,recall,0.6292300147130947,2039,1991
cd8+_tcells,raw,0.01,1000,30,f1,0.6367245657568238,2039,1991
cd8+_tcells,raw,0.05,1000,30,precision,0.8076767676767677,7457,7425
cd8+_tcells,raw,0.05,1000,30,recall,0.8042108086361808,7457,7425
cd8+_tcells,raw,0.05,1000,30,f1,0.805940061819648,7457,7425
cd8+_tcells,bh,-1.0,1000,30,mae,0.022677919157735944,-1,-1
cd8+_tcells,bh,0.01,1000,30,precision,0.0,0,0
cd8+_tcells,bh,0.01,1000,30,recall,0.0,0,0
cd8+_tcells,bh,0.01,1000,30,f1,0.0,0,0
cd8+_tcells,bh,0.05,1000,30,precision,0.0,0,0
cd8+_tcells,bh,0.05,1000,30,recall,0.0,0,0
cd8+_tcells,bh,0.05,1000,30,f1,0.0,0,0
cd8+_tcells,raw,-1.0,1000,40,mae,0.04713978944199036,-1,-1
cd8+_tcells,raw,0.01,1000,40,precision,0.663249615581753,2039,1951
cd8+_tcells,raw,0.01,1000,40,recall,0.6346248160863168,2039,1951
cd8+_tcells,raw,0.01,1000,40,f1,0.6486215538847118,2039,1951
cd8+_tcells,raw,0.05,1000,40,precision,0.8097593582887701,7457,7480
cd8+_tcells,raw,0.05,1000,40,recall,0.8122569397881185,7457,7480
cd8+_tcells,raw,0.05,1000,40,f1,0.8110062261498293,7457,7480
cd8+_tcells,bh,-1.0,1000,40,mae,0.02258544034997018,-1,-1
cd8+_tcells,bh,0.01,1000,40,precision,0.0,0,0
cd8+_tcells,bh,0.01,1000,40,recall,0.0,0,0
cd8+_tcells,bh,0.01,1000,40,f1,0.0,0,0
cd8+_tcells,bh,0.05,1000,40,precision,0.0,0,0
cd8+_tcells,bh,0.05,1000,40,recall,0.0,0,0
cd8+_tcells,bh,0.05,1000,40,f1,0.0,0,0
cd8+_tcells,raw,-1.0,1000,50,mae,0.04549033843772672,-1,-1
cd8+_tcells,raw,0.01,1000,50,precision,0.6990881458966566,2039,1974
cd8+_tcells,raw,0.01,1000,50,recall,0.6768023540951447,2039,1974
cd8+_tcells,raw,0.01,1000,50,f1,0.6877647645153252,2039,1974
cd8+_tcells,raw,0.05,1000,50,precision,0.818001060445387,7457,7544
cd8+_tcells,raw,0.05,1000,50,recall,0.8275445889768003,7457,7544
cd8+_tcells,raw,0.05,1000,50,f1,0.8227451503233117,7457,7544
cd8+_tcells,bh,-1.0,1000,50,mae,0.021716847211740935,-1,-1
cd8+_tcells,bh,0.01,1000,50,precision,0.0,0,0
cd8+_tcells,bh,0.01,1000,50,recall,0.0,0,0
cd8+_tcells,bh,0.01,1000,50,f1,0.0,0,0
cd8+_tcells,bh,0.05,1000,50,precision,0.0,0,0
cd8+_tcells,bh,0.05,1000,50,recall,0.0,0,0
cd8+_tcells,bh,0.05,1000,50,f1,0.0,0,0
cd8+_tcells,raw,-1.0,1000,60,mae,0.044063893865892746,-1,-1
cd8+_tcells,raw,0.01,1000,60,precision,0.6830845771144278,2039,2010
cd8+_tcells,raw,0.01,1000,60,recall,0.6733692986758215,2039,2010
cd8+_tcells,raw,0.01,1000,60,f1,0.6781921462089405,2039,2010
cd8+_tcells,raw,0.05,1000,60,precision,0.8267695222628231,7457,7389
cd8+_tcells,raw,0.05,1000,60,recall,0.8192302534531313,7457,7389
cd8+_tcells,raw,0.05,1000,60,f1,0.8229826215815708,7457,7389
cd8+_tcells,bh,-1.0,1000,60,mae,0.020897659011476073,-1,-1
cd8+_tcells,bh,0.01,1000,60,precision,0.0,0,0
cd8+_tcells,bh,0.01,1000,60,recall,0.0,0,0
cd8+_tcells,bh,0.01,1000,60,f1,0.0,0,0
cd8+_tcells,bh,0.05,1000,60,precision,0.0,0,0
cd8+_tcells,bh,0.05,1000,60,recall,0.0,0,0
cd8+_tcells,bh,0.05,1000,60,f1,0.0,0,0
cd8+_tcells,raw,-1.0,1000,70,mae,0.04653630090714222,-1,-1
cd8+_tcells,raw,0.01,1000,70,precision,0.627592860588519,2039,2073
cd8+_tcells,raw,0.01,1000,70,recall,0.63805787150564,2039,2073
cd8+_tcells,raw,0.01,1000,70,f1,0.6327821011673151,2039,2073
cd8+_tcells,raw,0.05,1000,70,precision,0.8024070890093903,7457,7561
cd8+_tcells,raw,0.05,1000,70,recall,0.8135979616467749,7457,7561
cd8+_tcells,raw,0.05,1000,70,f1,0.8079637768011719,7457,7561
cd8+_tcells,bh,-1.0,1000,70,mae,0.022450962364743494,-1,-1
cd8+_tcells,bh,0.01,1000,70,precision,0.0,0,0
cd8+_tcells,bh,0.01,1000,70,recall,0.0,0,0
cd8+_tcells,bh,0.01,1000,70,f1,0.0,0,0
cd8+_tcells,bh,0.05,1000,70,precision,0.0,0,0
cd8+_tcells,bh,0.05,1000,70,recall,0.0,0,0
cd8+_tcells,bh,0.05,1000,70,f1,0.0,0,0
cd8+_tcells,raw,-1.0,1000,80,mae,0.047197179319158795,-1,-1
cd8+_tcells,raw,0.01,1000,80,precision,0.6625186660029866,2039,2009
cd8+_tcells,raw,0.01,1000,80,recall,0.6527709661598823,2039,2009
cd8+_tcells,raw,0.01,1000,80,f1,0.657608695652174,2039,2009
cd8+_tcells,raw,0.05,1000,80,precision,0.8067204656700622,7457,7559
cd8+_tcells,raw,0.05,1000,80,recall,0.8177551294086094,7457,7559
cd8+_tcells,raw,0.05,1000,80,f1,0.8122003196590304,7457,7559
cd8+_tcells,bh,-1.0,1000,80,mae,0.02240346222664369,-1,-1
cd8+_tcells,bh,0.01,1000,80,precision,0.0,0,0
cd8+_tcells,bh,0.01,1000,80,recall,0.0,0,0
cd8+_tcells,bh,0.01,1000,80,f1,0.0,0,0
cd8+_tcells,bh,0.05,1000,80,precision,0.0,0,0
cd8+_tcells,bh,0.05,1000,80,recall,0.0,0,0
cd8+_tcells,bh,0.05,1000,80,f1,0.0,0,0
cd8+_tcells,raw,-1.0,1000,90,mae,0.04531010865700125,-1,-1
cd8+_tcells,raw,0.01,1000,90,precision,0.6724975704567542,2039,2058
cd8+_tcells,raw,0.01,1000,90,recall,0.6787641000490436,2039,2058
cd8+_tcells,raw,0.01,1000,90,f1,0.6756163046131316,2039,2058
cd8+_tcells,raw,0.05,1000,90,precision,0.8050052137643379,7457,7672
cd8+_tcells,raw,0.05,1000,90,recall,0.8282150999061285,7457,7672
cd8+_tcells,raw,0.05,1000,90,f1,0.8164452376231079,7457,7672
cd8+_tcells,bh,-1.0,1000,90,mae,0.022929276883268294,-1,-1
cd8+_tcells,bh,0.01,1000,90,precision,0.0,0,0
cd8+_tcells,bh,0.01,1000,90,recall,0.0,0,0
cd8+_tcells,bh,0.01,1000,90,f1,0.0,0,0
cd8+_tcells,bh,0.05,1000,90,precision,0.0,0,0
cd8+_tcells,bh,0.05,1000,90,recall,0.0,0,0
cd8+_tcells,bh,0.05,1000,90,f1,0.0,0,0
cd8+_tcells,raw,-1.0,1000,100,mae,0.04880028782940882,-1,-1
cd8+_tcells,raw,0.01,1000,100,precision,0.6565503287809813,2039,1977
cd8+_tcells,raw,0.01,1000,100,recall,0.6365865620402158,2039,1977
cd8+_tcells,raw,0.01,1000,100,f1,0.646414342629482,2039,1977
cd8+_tcells,raw,0.05,1000,100,precision,0.8088018247685496,7457,7453
cd8+_tcells,raw,0.05,1000,100,recall,0.8083679763980153,7457,7453
cd8+_tcells,raw,0.05,1000,100,f1,0.8085848423876593,7457,7453
cd8+_tcells,bh,-1.0,1000,100,mae,0.02337608614860563,-1,-1
cd8+_tcells,bh,0.01,1000,100,precision,0.0,0,0
cd8+_tcells,bh,0.01,1000,100,recall,0.0,0,0
cd8+_tcells,bh,0.01,1000,100,f1,0.0,0,0
cd8+_tcells,bh,0.05,1000,100,precision,0.0,0,0
cd8+_tcells,bh,0.05,1000,100,recall,0.0,0,0
cd8+_tcells,bh,0.05,1000,100,f1,0.0,0,0
cd8+_tcells,raw,-1.0,3000,1,mae,0.05084120151000553,-1,-1
cd8+_tcells,raw,0.01,3000,1,precision,0.6837824097610574,2031,1967
cd8+_tcells,raw,0.01,3000,1,recall,0.6622353520433284,2031,1967
cd8+_tcells,raw,0.01,3000,1,f1,0.6728364182091046,2031,1967
cd8+_tcells,raw,0.05,3000,1,precision,0.8116130712146856,7559,7681
cd8+_tcells,raw,0.05,3000,1,recall,0.8247122635269215,7559,7681
cd8+_tcells,raw,0.05,3000,1,f1,0.8181102362204724,7559,7681
cd8+_tcells,bh,-1.0,3000,1,mae,0.025131936505727176,-1,-1
cd8+_tcells,bh,0.01,3000,1,precision,0.0,0,0
cd8+_tcells,bh,0.01,3000,1,recall,0.0,0,0
cd8+_tcells,bh,0.01,3000,1,f1,0.0,0,0
cd8+_tcells,bh,0.05,3000,1,precision,0.0,0,0
cd8+_tcells,bh,0.05,3000,1,recall,0.0,0,0
cd8+_tcells,bh,0.05,3000,1,f1,0.0,0,0
cd8+_tcells,raw,-1.0,3000,2,mae,0.044123758177964635,-1,-1
cd8+_tcells,raw,0.01,3000,2,precision,0.6803519061583577,2031,2046
cd8+_tcells,raw,0.01,3000,2,recall,0.6853766617429837,2031,2046
cd8+_tcells,raw,0.01,3000,2,f1,0.6828550404709345,2031,2046
cd8+_tcells,raw,0.05,3000,2,precision,0.8195199575653096,7559,7541
cd8+_tcells,raw,0.05,3000,2,recall,0.8175684614366979,7559,7541
cd8+_tcells,raw,0.05,3000,2,f1,0.8185430463576159,7559,7541
cd8+_tcells,bh,-1.0,3000,2,mae,0.021267548158251808,-1,-1
cd8+_tcells,bh,0.01,3000,2,precision,0.0,0,0
cd8+_tcells,bh,0.01,3000,2,recall,0.0,0,0
cd8+_tcells,bh,0.01,3000,2,f1,0.0,0,0
cd8+_tcells,bh,0.05,3000,2,precision,0.0,0,0
cd8+_tcells,bh,0.05,3000,2,recall,0.0,0,0
cd8+_tcells,bh,0.05,3000,2,f1,0.0,0,0
cd8+_tcells,raw,-1.0,3000,3,mae,0.043060918219289916,-1,-1
cd8+_tcells,raw,0.01,3000,3,precision,0.7324561403508771,2031,1824
cd8+_tcells,raw,0.01,3000,3,recall,0.6578040374199902,2031,1824
cd8+_tcells,raw,0.01,3000,3,f1,0.6931258106355382,2031,1824
cd8+_tcells,raw,0.05,3000,3,precision,0.8375342465753425,7559,7300
cd8+_tcells,raw,0.05,3000,3,recall,0.8088371477708691,7559,7300
cd8+_tcells,raw,0.05,3000,3,f1,0.8229355945891379,7559,7300
cd8+_tcells,bh,-1.0,3000,3,mae,0.021586929245956208,-1,-1
cd8+_tcells,bh,0.01,3000,3,precision,0.0,0,0
cd8+_tcells,bh,0.01,3000,3,recall,0.0,0,0
cd8+_tcells,bh,0.01,3000,3,f1,0.0,0,0
cd8+_tcells,bh,0.05,3000,3,precision,0.0,0,0
cd8+_tcells,bh,0.05,3000,3,recall,0.0,0,0
cd8+_tcells,bh,0.05,3000,3,f1,0.0,0,0
cd8+_tcells,raw,-1.0,3000,4,mae,0.04803553579623132,-1,-1
cd8+_tcells,raw,0.01,3000,4,precision,0.6652956298200514,2031,1945
cd8+_tcells,raw,0.01,3000,4,recall,0.637124569177745,2031,1945
cd8+_tcells,raw,0.01,3000,4,f1,0.6509054325955734,2031,1945
cd8+_tcells,raw,0.05,3000,4,precision,0.80482924226254,7559,7496
cd8+_tcells,raw,0.05,3000,4,recall,0.7981214446355338,7559,7496
cd8+_tcells,raw,0.05,3000,4,f1,0.8014613085353703,7559,7496
cd8+_tcells,bh,-1.0,3000,4,mae,0.02322265114412446,-1,-1
cd8+_tcells,bh,0.01,3000,4,precision,0.0,0,0
cd8+_tcells,bh,0.01,3000,4,recall,0.0,0,0
cd8+_tcells,bh,0.01,3000,4,f1,0.0,0,0
cd8+_tcells,bh,0.05,3000,4,precision,0.0,0,0
cd8+_tcells,bh,0.05,3000,4,recall,0.0,0,0
cd8+_tcells,bh,0.05,3000,4,f1,0.0,0,0
cd8+_tcells,raw,-1.0,3000,5,mae,0.04094338012433578,-1,-1
cd8+_tcells,raw,0.01,3000,5,precision,0.7216547497446374,2031,1958
cd8+_tcells,raw,0.01,3000,5,recall,0.6957163958641064,2031,1958
cd8+_tcells,raw,0.01,3000,5,f1,0.7084482326397593,2031,1958
cd8+_tcells,raw,0.05,3000,5,precision,0.839247598719317,7559,7496
cd8+_tcells,raw,0.05,3000,5,recall,0.8322529435110464,7559,7496
cd8+_tcells,raw,0.05,3000,5,f1,0.8357356360013285,7559,7496
cd8+_tcells,bh,-1.0,3000,5,mae,0.01954857091841371,-1,-1
cd8+_tcells,bh,0.01,3000,5,precision,0.0,0,0
cd8+_tcells,bh,0.01,3000,5,recall,0.0,0,0
cd8+_tcells,bh,0.01,3000,5,f1,0.0,0,0
cd8+_tcells,bh,0.05,3000,5,precision,0.0,0,0
cd8+_tcells,bh,0.05,3000,5,recall,0.0,0,0
cd8+_tcells,bh,0.05,3000,5,f1,0.0,0,0
cd8+_tcells,raw,-1.0,3000,6,mae,0.0502450845632385,-1,-1
cd8+_tcells,raw,0.01,3000,6,precision,0.6171399594320487,2031,1972
cd8+_tcells,raw,0.01,3000,6,recall,0.5992122107336287,2031,1972
cd8+_tcells,raw,0.01,3000,6,f1,0.6080439670247314,2031,1972
cd8+_tcells,raw,0.05,3000,6,precision,0.7888859345918638,7559,7522
cd8+_tcells,raw,0.05,3000,6,recall,0.7850244741367906,7559,7522
cd8+_tcells,raw,0.05,3000,6,f1,0.7869504674756316,7559,7522
cd8+_tcells,bh,-1.0,3000,6,mae,0.02464772330423472,-1,-1
cd8+_tcells,bh,0.01,3000,6,precision,0.0,0,0
cd8+_tcells,bh,0.01,3000,6,recall,0.0,0,0
cd8+_tcells,bh,0.01,3000,6,f1,0.0,0,0
cd8+_tcells,bh,0.05,3000,6,precision,0.0,0,0
cd8+_tcells,bh,0.05,3000,6,recall,0.0,0,0
cd8+_tcells,bh,0.05,3000,6,f1,0.0,0,0
cd8+_tcells,raw,-1.0,3000,7,mae,0.040602020531019,-1,-1
cd8+_tcells,raw,0.01,3000,7,precision,0.6894572025052192,2031,1916
cd8+_tcells,raw,0.01,3000,7,recall,0.6504185130477598,2031,1916
cd8+_tcells,raw,0.01,3000,7,f1,0.6693691411198378,2031,1916
cd8+_tcells,raw,0.05,3000,7,precision,0.8355831533477321,7559,7408
cd8+_tcells,raw,0.05,3000,7,recall,0.8188913877497024,7559,7408
cd8+_tcells,raw,0.05,3000,7,f1,0.8271530700875259,7559,7408
cd8+_tcells,bh,-1.0,3000,7,mae,0.020159411838824214,-1,-1
cd8+_tcells,bh,0.01,3000,7,precision,0.0,0,0
cd8+_tcells,bh,0.01,3000,7,recall,0.0,0,0
cd8+_tcells,bh,0.01,3000,7,f1,0.0,0,0
cd8+_tcells,bh,0.05,3000,7,precision,0.0,0,0
cd8+_tcells,bh,0.05,3000,7,recall,0.0,0,0
cd8+_tcells,bh,0.05,3000,7,f1,0.0,0,0
cd8+_tcells,raw,-1.0,3000,8,mae,0.04384377194706997,-1,-1
cd8+_tcells,raw,0.01,3000,8,precision,0.6844972758791481,2031,2019
cd8+_tcells,raw,0.01,3000,8,recall,0.6804529788281635,2031,2019
cd8+_tcells,raw,0.01,3000,8,f1,0.6824691358024692,2031,2019
cd8+_tcells,raw,0.05,3000,8,precision,0.8265034592868548,7559,7516
cd8+_tcells,raw,0.05,3000,8,recall,0.821801825638312,7559,7516
cd8+_tcells,raw,0.05,3000,8,f1,0.8241459369817579,7559,7516
cd8+_tcells,bh,-1.0,3000,8,mae,0.021196449390506696,-1,-1
cd8+_tcells,bh,0.01,3000,8,precision,0.0,0,0
cd8+_tcells,bh,0.01,3000,8,recall,0.0,0,0
cd8+_tcells,bh,0.01,3000,8,f1,0.0,0,0
cd8+_tcells,bh,0.05,3000,8,precision,0.0,0,0
cd8+_tcells,bh,0.05,3000,8,recall,0.0,0,0
cd8+_tcells,bh,0.05,3000,8,f1,0.0,0,0
cd8+_tcells,raw,-1.0,3000,9,mae,0.04353348951927979,-1,-1
cd8+_tcells,raw,0.01,3000,9,precision,0.6694581280788178,2031,2030
cd8+_tcells,raw,0.01,3000,9,recall,0.6691285081240768,2031,2030
cd8+_tcells,raw,0.01,3000,9,f1,0.6692932775178527,2031,2030
cd8+_tcells,raw,0.05,3000,9,precision,0.8195309394461375,7559,7547
cd8+_tcells,raw,0.05,3000,9,recall,0.8182299245932002,7559,7547
cd8+_tcells,raw,0.05,3000,9,f1,0.8188799152654574,7559,7547
cd8+_tcells,bh,-1.0,3000,9,mae,0.021200196468433918,-1,-1
cd8+_tcells,bh,0.01,3000,9,precision,0.0,0,0
cd8+_tcells,bh,0.01,3000,9,recall,0.0,0,0
cd8+_tcells,bh,0.01,3000,9,f1,0.0,0,0
cd8+_tcells,bh,0.05,3000,9,precision,0.0,0,0
cd8+_tcells,bh,0.05,3000,9,recall,0.0,0,0
cd8+_tcells,bh,0.05,3000,9,f1,0.0,0,0
cd8+_tcells,raw,-1.0,3000,10,mae,0.04024620852970169,-1,-1
cd8+_tcells,raw,0.01,3000,10,precision,0.6772182254196643,2031,2085
cd8+_tcells,raw,0.01,3000,10,recall,0.6952240275726244,2031,2085
cd8+_tcells,raw,0.01,3000,10,f1,0.6861030126336248,2031,2085
cd8+_tcells,raw,0.05,3000,10,precision,0.8211673979523999,7559,7521
cd8+_tcells,raw,0.05,3000,10,recall,0.8170392909114962,7559,7521
cd8+_tcells,raw,0.05,3000,10,f1,0.8190981432360742,7559,7521
cd8+_tcells,bh,-1.0,3000,10,mae,0.01988347823224373,-1,-1
cd8+_tcells,bh,0.01,3000,10,precision,0.0,0,0
cd8+_tcells,bh,0.01,3000,10,recall,0.0,0,0
cd8+_tcells,bh,0.01,3000,10,f1,0.0,0,0
cd8+_tcells,bh,0.05,3000,10,precision,0.0,0,0
cd8+_tcells,bh,0.05,3000,10,recall,0.0,0,0
cd8+_tcells,bh,0.05,3000,10,f1,0.0,0,0
cd8+_tcells,raw,-1.0,3000,20,mae,0.04123986992796893,-1,-1
cd8+_tcells,raw,0.01,3000,20,precision,0.6792730844793713,2031,2036
cd8+_tcells,raw,0.01,3000,20,recall,0.6809453471196455,2031,2036
cd8+_tcells,raw,0.01,3000,20,f1,0.6801081878534546,2031,2036
cd8+_tcells,raw,0.05,3000,20,precision,0.8184328161977387,7559,7606
cd8+_tcells,raw,0.05,3000,20,recall,0.8235216298452176,7559,7606
cd8+_tcells,raw,0.05,3000,20,f1,0.820969337289812,7559,7606
cd8+_tcells,bh,-1.0,3000,20,mae,0.02045071114405196,-1,-1
cd8+_tcells,bh,0.01,3000,20,precision,0.0,0,0
cd8+_tcells,bh,0.01,3000,20,recall,0.0,0,0
cd8+_tcells,bh,0.01,3000,20,f1,0.0,0,0
cd8+_tcells,bh,0.05,3000,20,precision,0.0,0,0
cd8+_tcells,bh,0.05,3000,20,recall,0.0,0,0
cd8+_tcells,bh,0.05,3000,20,f1,0.0,0,0
cd8+_tcells,raw,-1.0,3000,30,mae,0.04197700108422684,-1,-1
cd8+_tcells,raw,0.01,3000,30,precision,0.6811949069539667,2031,2042
cd8+_tcells,raw,0.01,3000,30,recall,0.6848842934515017,2031,2042
cd8+_tcells,raw,0.01,3000,30,f1,0.6830346182175301,2031,2042
cd8+_tcells,raw,0.05,3000,30,precision,0.8196068012752391,7559,7528
cd8+_tcells,raw,0.05,3000,30,recall,0.8162455351236936,7559,7528
cd8+_tcells,raw,0.05,3000,30,f1,0.8179227149201299,7559,7528
cd8+_tcells,bh,-1.0,3000,30,mae,0.020733459378271188,-1,-1
cd8+_tcells,bh,0.01,3000,30,precision,0.0,0,0
cd8+_tcells,bh,0.01,3000,30,recall,0.0,0,0
cd8+_tcells,bh,0.01,3000,30,f1,0.0,0,0
cd8+_tcells,bh,0.05,3000,30,precision,0.0,0,0
cd8+_tcells,bh,0.05,3000,30,recall,0.0,0,0
cd8+_tcells,bh,0.05,3000,30,f1,0.0,0,0
cd8+_tcells,raw,-1.0,3000,40,mae,0.0430425295498557,-1,-1
cd8+_tcells,raw,0.01,3000,40,precision,0.691566265060241,2031,2075
cd8+_tcells,raw,0.01,3000,40,recall,0.706548498276711,2031,2075
cd8+_tcells,raw,0.01,3000,40,f1,0.6989771066731613,2031,2075
cd8+_tcells,raw,0.05,3000,40,precision,0.8275083056478405,7559,7525
cd8+_tcells,raw,0.05,3000,40,recall,0.8237862151078185,7559,7525
cd8+_tcells,raw,0.05,3000,40,f1,0.8256430654998674,7559,7525
cd8+_tcells,bh,-1.0,3000,40,mae,0.020947961759442628,-1,-1
cd8+_tcells,bh,0.01,3000,40,precision,0.0,0,0
cd8+_tcells,bh,0.01,3000,40,recall,0.0,0,0
cd8+_tcells,bh,0.01,3000,40,f1,0.0,0,0
cd8+_tcells,bh,0.05,3000,40,precision,0.0,0,0
cd8+_tcells,bh,0.05,3000,40,recall,0.0,0,0
cd8+_tcells,bh,0.05,3000,40,f1,0.0,0,0
cd8+_tcells,raw,-1.0,3000,50,mae,0.043313934102459366,-1,-1
cd8+_tcells,raw,0.01,3000,50,precision,0.6799802761341223,2031,2028
cd8+_tcells,raw,0.01,3000,50,recall,0.6789758739537174,2031,2028
cd8+_tcells,raw,0.01,3000,50,f1,0.6794777038679478,2031,2028
cd8+_tcells,raw,0.05,3000,50,precision,0.8151471170339095,7559,7579
cd8+_tcells,raw,0.05,3000,50,recall,0.817303876174097,7559,7579
cd8+_tcells,raw,0.05,3000,50,f1,0.8162240718721099,7559,7579
cd8+_tcells,bh,-1.0,3000,50,mae,0.021001029156743293,-1,-1
cd8+_tcells,bh,0.01,3000,50,precision,0.0,0,0
cd8+_tcells,bh,0.01,3000,50,recall,0.0,0,0
cd8+_tcells,bh,0.01,3000,50,f1,0.0,0,0
cd8+_tcells,bh,0.05,3000,50,precision,0.0,0,0
cd8+_tcells,bh,0.05,3000,50,recall,0.0,0,0
cd8+_tcells,bh,0.05,3000,50,f1,0.0,0,0
cd8+_tcells,raw,-1.0,3000,60,mae,0.0426204563996838,-1,-1
cd8+_tcells,raw,0.01,3000,60,precision,0.7180156657963447,2031,1915
cd8+_tcells,raw,0.01,3000,60,recall,0.6770064007877893,2031,1915
cd8+_tcells,raw,0.01,3000,60,f1,0.696908261530664,2031,1915
cd8+_tcells,raw,0.05,3000,60,precision,0.8321285140562249,7559,7470
cd8+_tcells,raw,0.05,3000,60,recall,0.8223309961635137,7559,7470
cd8+_tcells,raw,0.05,3000,60,f1,0.8272007452258966,7559,7470
cd8+_tcells,bh,-1.0,3000,60,mae,0.020547019661960177,-1,-1
cd8+_tcells,bh,0.01,3000,60,precision,0.0,0,0
cd8+_tcells,bh,0.01,3000,60,recall,0.0,0,0
cd8+_tcells,bh,0.01,3000,60,f1,0.0,0,0
cd8+_tcells,bh,0.05,3000,60,precision,0.0,0,0
cd8+_tcells,bh,0.05,3000,60,recall,0.0,0,0
cd8+_tcells,bh,0.05,3000,60,f1,0.0,0,0
cd8+_tcells,raw,-1.0,3000,70,mae,0.04290042018895114,-1,-1
cd8+_tcells,raw,0.01,3000,70,precision,0.6905398182789952,2031,1871
cd8+_tcells,raw,0.01,3000,70,recall,0.6361398325947809,2031,1871
cd8+_tcells,raw,0.01,3000,70,f1,0.6622245002562789,2031,1871
cd8+_tcells,raw,0.05,3000,70,precision,0.8195952285216459,7559,7461
cd8+_tcells,raw,0.05,3000,70,recall,0.8089694404021696,7559,7461
cd8+_tcells,raw,0.05,3000,70,f1,0.8142476697736352,7559,7461
cd8+_tcells,bh,-1.0,3000,70,mae,0.021375596500443263,-1,-1
cd8+_tcells,bh,0.01,3000,70,precision,0.0,0,0
cd8+_tcells,bh,0.01,3000,70,recall,0.0,0,0
cd8+_tcells,bh,0.01,3000,70,f1,0.0,0,0
cd8+_tcells,bh,0.05,3000,70,precision,0.0,0,0
cd8+_tcells,bh,0.05,3000,70,recall,0.0,0,0
cd8+_tcells,bh,0.05,3000,70,f1,0.0,0,0
cd8+_tcells,raw,-1.0,3000,80,mae,0.04316133552494077,-1,-1
cd8+_tcells,raw,0.01,3000,80,precision,0.6810945273631841,2031,2010
cd8+_tcells,raw,0.01,3000,80,recall,0.6740521910388971,2031,2010
cd8+_tcells,raw,0.01,3000,80,f1,0.6775550606285573,2031,2010
cd8+_tcells,raw,0.05,3000,80,precision,0.8245173234594023,7559,7562
cd8+_tcells,raw,0.05,3000,80,recall,0.8248445561582219,7559,7562
cd8+_tcells,raw,0.05,3000,80,f1,0.8246809073473976,7559,7562
cd8+_tcells,bh,-1.0,3000,80,mae,0.021046673665213393,-1,-1
cd8+_tcells,bh,0.01,3000,80,precision,0.0,0,0
cd8+_tcells,bh,0.01,3000,80,recall,0.0,0,0
cd8+_tcells,bh,0.01,3000,80,f1,0.0,0,0
cd8+_tcells,bh,0.05,3000,80,precision,0.0,0,0
cd8+_tcells,bh,0.05,3000,80,recall,0.0,0,0
cd8+_tcells,bh,0.05,3000,80,f1,0.0,0,0
cd8+_tcells,raw,-1.0,3000,90,mae,0.042397539227089345,-1,-1
cd8+_tcells,raw,0.01,3000,90,precision,0.6784294234592445,2031,2012
cd8+_tcells,raw,0.01,3000,90,recall,0.672082717872969,2031,2012
cd8+_tcells,raw,0.01,3000,90,f1,0.6752411575562701,2031,2012
cd8+_tcells,raw,0.05,3000,90,precision,0.8134210526315789,7559,7600
cd8+_tcells,raw,0.05,3000,90,recall,0.8178330466992989,7559,7600
cd8+_tcells,raw,0.05,3000,90,f1,0.8156210831849067,7559,7600
cd8+_tcells,bh,-1.0,3000,90,mae,0.02103134653072745,-1,-1
cd8+_tcells,bh,0.01,3000,90,precision,0.0,0,0
cd8+_tcells,bh,0.01,3000,90,recall,0.0,0,0
cd8+_tcells,bh,0.01,3000,90,f1,0.0,0,0
cd8+_tcells,bh,0.05,3000,90,precision,0.0,0,0
cd8+_tcells,bh,0.05,3000,90,recall,0.0,0,0
cd8+_tcells,bh,0.05,3000,90,f1,0.0,0,0
cd8+_tcells,raw,-1.0,3000,100,mae,0.04322341355446104,-1,-1
cd8+_tcells,raw,0.01,3000,100,precision,0.6620484908461158,2031,2021
cd8+_tcells,raw,0.01,3000,100,recall,0.6587887740029542,2031,2021
cd8+_tcells,raw,0.01,3000,100,f1,0.6604146100691016,2031,2021
cd8+_tcells,raw,0.05,3000,100,precision,0.8211884915299812,7559,7438
cd8+_tcells,raw,0.05,3000,100,recall,0.8080433919830665,7559,7438
cd8+_tcells,raw,0.05,3000,100,f1,0.8145629125825165,7559,7438
cd8+_tcells,bh,-1.0,3000,100,mae,0.021267498621483746,-1,-1
cd8+_tcells,bh,0.01,3000,100,precision,0.0,0,0
cd8+_tcells,bh,0.01,3000,100,recall,0.0,0,0
cd8+_tcells,bh,0.01,3000,100,f1,0.0,0,0
cd8+_tcells,bh,0.05,3000,100,precision,0.0,0,0
cd8+_tcells,bh,0.05,3000,100,recall,0.0,0,0
cd8+_tcells,bh,0.05,3000,100,f1,0.0,0,0
cd8+_tcells,raw,-1.0,5000,1,mae,0.05426086195169038,-1,-1
cd8+_tcells,raw,0.01,5000,1,precision,0.6350293542074364,2009,2044
cd8+_tcells,raw,0.01,5000,1,recall,0.6460925833748133,2009,2044
cd8+_tcells,raw,0.01,5000,1,f1,0.6405132000986923,2009,2044
cd8+_tcells,raw,0.05,5000,1,precision,0.7929273084479371,7466,7635
cd8+_tcells,raw,0.05,5000,1,recall,0.8108759710688455,7466,7635
cd8+_tcells,raw,0.05,5000,1,f1,0.8018012052181974,7466,7635
cd8+_tcells,bh,-1.0,5000,1,mae,0.0267409707569771,-1,-1
cd8+_tcells,bh,0.01,5000,1,precision,0.0,0,0
cd8+_tcells,bh,0.01,5000,1,recall,0.0,0,0
cd8+_tcells,bh,0.01,5000,1,f1,0.0,0,0
cd8+_tcells,bh,0.05,5000,1,precision,0.0,0,0
cd8+_tcells,bh,0.05,5000,1,recall,0.0,0,0
cd8+_tcells,bh,0.05,5000,1,f1,0.0,0,0
cd8+_tcells,raw,-1.0,5000,2,mae,0.04626454359460804,-1,-1
cd8+_tcells,raw,0.01,5000,2,precision,0.6648514851485149,2009,2020
cd8+_tcells,raw,0.01,5000,2,recall,0.6684917869586859,2009,2020
cd8+_tcells,raw,0.01,5000,2,f1,0.6666666666666666,2009,2020
cd8+_tcells,raw,0.05,5000,2,precision,0.8146030057188456,7466,7519
cd8+_tcells,raw,0.05,5000,2,recall,0.820385748727565,7466,7519
cd8+_tcells,raw,0.05,5000,2,f1,0.8174841508174842,7466,7519
cd8+_tcells,bh,-1.0,5000,2,mae,0.022419297884789347,-1,-1
cd8+_tcells,bh,0.01,5000,2,precision,0.0,0,0
cd8+_tcells,bh,0.01,5000,2,recall,0.0,0,0
cd8+_tcells,bh,0.01,5000,2,f1,0.0,0,0
cd8+_tcells,bh,0.05,5000,2,precision,0.0,0,0
cd8+_tcells,bh,0.05,5000,2,recall,0.0,0,0
cd8+_tcells,bh,0.05,5000,2,f1,0.0,0,0
cd8+_tcells,raw,-1.0,5000,3,mae,0.045881906832986465,-1,-1
cd8+_tcells,raw,0.01,5000,3,precision,0.699617695248498,2009,1831
cd8+_tcells,raw,0.01,5000,3,recall,0.6376306620209059,2009,1831
cd8+_tcells,raw,0.01,5000,3,f1,0.6671875,2009,1831
cd8+_tcells,raw,0.05,5000,3,precision,0.8287895310796074,7466,7336
cd8+_tcells,raw,0.05,5000,3,recall,0.8143584248593625,7466,7336
cd8+_tcells,raw,0.05,5000,3,f1,0.8215106066747737,7466,7336
cd8+_tcells,bh,-1.0,5000,3,mae,0.022741097752406635,-1,-1
cd8+_tcells,bh,0.01,5000,3,precision,0.0,0,0
cd8+_tcells,bh,0.01,5000,3,recall,0.0,0,0
cd8+_tcells,bh,0.01,5000,3,f1,0.0,0,0
cd8+_tcells,bh,0.05,5000,3,precision,0.0,0,0
cd8+_tcells,bh,0.05,5000,3,recall,0.0,0,0
cd8+_tcells,bh,0.05,5000,3,f1,0.0,0,0
cd8+_tcells,raw,-1.0,5000,4,mae,0.048987371244266276,-1,-1
cd8+_tcells,raw,0.01,5000,4,precision,0.6506203473945409,2009,2015
cd8+_tcells,raw,0.01,5000,4,recall,0.6525634644101543,2009,2015
cd8+_tcells,raw,0.01,5000,4,f1,0.6515904572564613,2009,2015
cd8+_tcells,raw,0.05,5000,4,precision,0.8007597589730154,7466,7634
cd8+_tcells,raw,0.05,5000,4,recall,0.8187784623627109,7466,7634
cd8+_tcells,raw,0.05,5000,4,f1,0.8096688741721855,7466,7634
cd8+_tcells,bh,-1.0,5000,4,mae,0.023294060400773472,-1,-1
cd8+_tcells,bh,0.01,5000,4,precision,0.0,0,0
cd8+_tcells,bh,0.01,5000,4,recall,0.0,0,0
cd8+_tcells,bh,0.01,5000,4,f1,0.0,0,0
cd8+_tcells,bh,0.05,5000,4,precision,0.0,0,0
cd8+_tcells,bh,0.05,5000,4,recall,0.0,0,0
cd8+_tcells,bh,0.05,5000,4,f1,0.0,0,0
cd8+_tcells,raw,-1.0,5000,5,mae,0.04789441885335925,-1,-1
cd8+_tcells,raw,0.01,5000,5,precision,0.6688,2009,1875
cd8+_tcells,raw,0.01,5000,5,recall,0.6241911398705824,2009,1875
cd8+_tcells,raw,0.01,5000,5,f1,0.6457260556127703,2009,1875
cd8+_tcells,raw,0.05,5000,5,precision,0.8205970966858395,7466,7302
cd8+_tcells,raw,0.05,5000,5,recall,0.8025716581837664,7466,7302
cd8+_tcells,raw,0.05,5000,5,f1,0.8114842903575298,7466,7302
cd8+_tcells,bh,-1.0,5000,5,mae,0.022990020383539124,-1,-1
cd8+_tcells,bh,0.01,5000,5,precision,0.0,0,0
cd8+_tcells,bh,0.01,5000,5,recall,0.0,0,0
cd8+_tcells,bh,0.01,5000,5,f1,0.0,0,0
cd8+_tcells,bh,0.05,5000,5,precision,0.0,0,0
cd8+_tcells,bh,0.05,5000,5,recall,0.0,0,0
cd8+_tcells,bh,0.05,5000,5,f1,0.0,0,0
cd8+_tcells,raw,-1.0,5000,6,mae,0.052043073241982624,-1,-1
cd8+_tcells,raw,0.01,5000,6,precision,0.6344032096288866,2009,1994
cd8+_tcells,raw,0.01,5000,6,recall,0.6296665007466401,2009,1994
cd8+_tcells,raw,0.01,5000,6,f1,0.632025980514614,2009,1994
cd8+_tcells,raw,0.05,5000,6,precision,0.791335453100159,7466,7548
cd8+_tcells,raw,0.05,5000,6,recall,0.8000267881060809,7466,7548
cd8+_tcells,raw,0.05,5000,6,f1,0.7956573864393233,7466,7548
cd8+_tcells,bh,-1.0,5000,6,mae,0.02543694789910614,-1,-1
cd8+_tcells,bh,0.01,5000,6,precision,0.0,0,0
cd8+_tcells,bh,0.01,5000,6,recall,0.0,0,0
cd8+_tcells,bh,0.01,5000,6,f1,0.0,0,0
cd8+_tcells,bh,0.05,5000,6,precision,0.0,0,0
cd8+_tcells,bh,0.05,5000,6,recall,0.0,0,0
cd8+_tcells,bh,0.05,5000,6,f1,0.0,0,0
cd8+_tcells,raw,-1.0,5000,7,mae,0.04597239545652466,-1,-1
cd8+_tcells,raw,0.01,5000,7,precision,0.697347049269085,2009,1847
cd8+_tcells,raw,0.01,5000,7,recall,0.6411149825783972,2009,1847
cd8+_tcells,raw,0.01,5000,7,f1,0.6680497925311203,2009,1847
cd8+_tcells,raw,0.05,5000,7,precision,0.8237826203927899,7466,7434
cd8+_tcells,raw,0.05,5000,7,recall,0.8202518081971605,7466,7434
cd8+_tcells,raw,0.05,5000,7,f1,0.822013422818792,7466,7434
cd8+_tcells,bh,-1.0,5000,7,mae,0.02181938390190629,-1,-1
cd8+_tcells,bh,0.01,5000,7,precision,0.0,0,0
cd8+_tcells,bh,0.01,5000,7,recall,0.0,0,0
cd8+_tcells,bh,0.01,5000,7,f1,0.0,0,0
cd8+_tcells,bh,0.05,5000,7,precision,0.0,0,0
cd8+_tcells,bh,0.05,5000,7,recall,0.0,0,0
cd8+_tcells,bh,0.05,5000,7,f1,0.0,0,0
cd8+_tcells,raw,-1.0,5000,8,mae,0.04594030414035185,-1,-1
cd8+_tcells,raw,0.01,5000,8,precision,0.6364099949005609,2009,1961
cd8+_tcells,raw,0.01,5000,8,recall,0.6212045793927327,2009,1961
cd8+_tcells,raw,0.01,5000,8,f1,0.6287153652392947,2009,1961
cd8+_tcells,raw,0.05,5000,8,precision,0.8079860645852874,7466,7463
cd8+_tcells,raw,0.05,5000,8,recall,0.8076613983391374,7466,7463
cd8+_tcells,raw,0.05,5000,8,f1,0.8078236988411815,7466,7463
cd8+_tcells,bh,-1.0,5000,8,mae,0.02239984961811781,-1,-1
cd8+_tcells,bh,0.01,5000,8,precision,0.0,0,0
cd8+_tcells,bh,0.01,5000,8,recall,0.0,0,0
cd8+_tcells,bh,0.01,5000,8,f1,0.0,0,0
cd8+_tcells,bh,0.05,5000,8,precision,0.0,0,0
cd8+_tcells,bh,0.05,5000,8,recall,0.0,0,0
cd8+_tcells,bh,0.05,5000,8,f1,0.0,0,0
cd8+_tcells,raw,-1.0,5000,9,mae,0.04466997821038685,-1,-1
cd8+_tcells,raw,0.01,5000,9,precision,0.6075949367088608,2009,2054
cd8+_tcells,raw,0.01,5000,9,recall,0.6212045793927327,2009,2054
cd8+_tcells,raw,0.01,5000,9,f1,0.6143243908442038,2009,2054
cd8+_tcells,raw,0.05,5000,9,precision,0.7910546513166601,7466,7557
cd8+_tcells,raw,0.05,5000,9,recall,0.8006964907581035,7466,7557
cd8+_tcells,raw,0.05,5000,9,f1,0.7958463689010185,7466,7557
cd8+_tcells,bh,-1.0,5000,9,mae,0.022424534652334984,-1,-1
cd8+_tcells,bh,0.01,5000,9,precision,0.0,0,0
cd8+_tcells,bh,0.01,5000,9,recall,0.0,0,0
cd8+_tcells,bh,0.01,5000,9,f1,0.0,0,0
cd8+_tcells,bh,0.05,5000,9,precision,0.0,0,0
cd8+_tcells,bh,0.05,5000,9,recall,0.0,0,0
cd8+_tcells,bh,0.05,5000,9,f1,0.0,0,0
cd8+_tcells,raw,-1.0,5000,10,mae,0.046385580242320125,-1,-1
cd8+_tcells,raw,0.01,5000,10,precision,0.6567239635995955,2009,1978
cd8+_tcells,raw,0.01,5000,10,recall,0.646590343454455,2009,1978
cd8+_tcells,raw,0.01,5000,10,f1,0.6516177577125658,2009,1978
cd8+_tcells,raw,0.05,5000,10,precision,0.8137334414706677,7466,7398
cd8+_tcells,raw,0.05,5000,10,recall,0.8063219930350924,7466,7398
cd8+_tcells,raw,0.05,5000,10,f1,0.810010764262648,7466,7398
cd8+_tcells,bh,-1.0,5000,10,mae,0.02261757332452919,-1,-1
cd8+_tcells,bh,0.01,5000,10,precision,0.0,0,0
cd8+_tcells,bh,0.01,5000,10,recall,0.0,0,0
cd8+_tcells,bh,0.01,5000,10,f1,0.0,0,0
cd8+_tcells,bh,0.05,5000,10,precision,0.0,0,0
cd8+_tcells,bh,0.05,5000,10,recall,0.0,0,0
cd8+_tcells,bh,0.05,5000,10,f1,0.0,0,0
cd8+_tcells,raw,-1.0,5000,20,mae,0.046832895213473676,-1,-1
cd8+_tcells,raw,0.01,5000,20,precision,0.651685393258427,2009,2047
cd8+_tcells,raw,0.01,5000,20,recall,0.6640119462419114,2009,2047
cd8+_tcells,raw,0.01,5000,20,f1,0.6577909270216963,2009,2047
cd8+_tcells,raw,0.05,5000,20,precision,0.8051028586695165,7466,7486
cd8+_tcells,raw,0.05,5000,20,recall,0.8072595767479239,7466,7486
cd8+_tcells,raw,0.05,5000,20,f1,0.8061797752808989,7466,7486
cd8+_tcells,bh,-1.0,5000,20,mae,0.022728322612424454,-1,-1
cd8+_tcells,bh,0.01,5000,20,precision,0.0,0,0
cd8+_tcells,bh,0.01,5000,20,recall,0.0,0,0
cd8+_tcells,bh,0.01,5000,20,f1,0.0,0,0
cd8+_tcells,bh,0.05,5000,20,precision,0.0,0,0
cd8+_tcells,bh,0.05,5000,20,recall,0.0,0,0
cd8+_tcells,bh,0.05,5000,20,f1,0.0,0,0
cd8+_tcells,raw,-1.0,5000,30,mae,0.04892626980920995,-1,-1
cd8+_tcells,raw,0.01,5000,30,precision,0.643486777668952,2009,2042
cd8+_tcells,raw,0.01,5000,30,recall,0.6540567446490791,2009,2042
cd8+_tcells,raw,0.01,5000,30,f1,0.6487287089607504,2009,2042
cd8+_tcells,raw,0.05,5000,30,precision,0.7972109996090186,7466,7673
cd8+_tcells,raw,0.05,5000,30,recall,0.819314224484329,7466,7673
cd8+_tcells,raw,0.05,5000,30,f1,0.8081115000990818,7466,7673
cd8+_tcells,bh,-1.0,5000,30,mae,0.024545421895729145,-1,-1
cd8+_tcells,bh,0.01,5000,30,precision,0.0,0,0
cd8+_tcells,bh,0.01,5000,30,recall,0.0,0,0
cd8+_tcells,bh,0.01,5000,30,f1,0.0,0,0
cd8+_tcells,bh,0.05,5000,30,precision,0.0,0,0
cd8+_tcells,bh,0.05,5000,30,recall,0.0,0,0
cd8+_tcells,bh,0.05,5000,30,f1,0.0,0,0
cd8+_tcells,raw,-1.0,5000,40,mae,0.047253300882077284,-1,-1
cd8+_tcells,raw,0.01,5000,40,precision,0.6618381618381618,2009,2002
cd8+_tcells,raw,0.01,5000,40,recall,0.6595321055251369,2009,2002
cd8+_tcells,raw,0.01,5000,40,f1,0.6606831214161057,2009,2002
cd8+_tcells,raw,0.05,5000,40,precision,0.8083544641665554,7466,7493
cd8+_tcells,raw,0.05,5000,40,recall,0.811277792660059,7466,7493
cd8+_tcells,raw,0.05,5000,40,f1,0.8098134902065646,7466,7493
cd8+_tcells,bh,-1.0,5000,40,mae,0.02275803548638691,-1,-1
cd8+_tcells,bh,0.01,5000,40,precision,0.0,0,0
cd8+_tcells,bh,0.01,5000,40,recall,0.0,0,0
cd8+_tcells,bh,0.01,5000,40,f1,0.0,0,0
cd8+_tcells,bh,0.05,5000,40,precision,0.0,0,0
cd8+_tcells,bh,0.05,5000,40,recall,0.0,0,0
cd8+_tcells,bh,0.05,5000,40,f1,0.0,0,0
cd8+_tcells,raw,-1.0,5000,50,mae,0.04720135146484347,-1,-1
cd8+_tcells,raw,0.01,5000,50,precision,0.6916367367880965,2009,1949
cd8+_tcells,raw,0.01,5000,50,recall,0.670980587356894,2009,1949
cd8+_tcells,raw,0.01,5000,50,f1,0.6811520970186963,2009,1949
cd8+_tcells,raw,0.05,5000,50,precision,0.8157859709836284,7466,7513
cd8+_tcells,raw,0.05,5000,50,recall,0.820921510849183,7466,7513
cd8+_tcells,raw,0.05,5000,50,f1,0.8183456839575406,7466,7513
cd8+_tcells,bh,-1.0,5000,50,mae,0.022546294805420655,-1,-1
cd8+_tcells,bh,0.01,5000,50,precision,0.0,0,0
cd8+_tcells,bh,0.01,5000,50,recall,0.0,0,0
cd8+_tcells,bh,0.01,5000,50,f1,0.0,0,0
cd8+_tcells,bh,0.05,5000,50,precision,0.0,0,0
cd8+_tcells,bh,0.05,5000,50,recall,0.0,0,0
cd8+_tcells,bh,0.05,5000,50,f1,0.0,0,0
cd8+_tcells,raw,-1.0,5000,60,mae,0.04642735955381592,-1,-1
cd8+_tcells,raw,0.01,5000,60,precision,0.6693266832917706,2009,2005
cd8+_tcells,raw,0.01,5000,60,recall,0.6679940268790443,2009,2005
cd8+_tcells,raw,0.01,5000,60,f1,0.6686596910812157,2009,2005
cd8+_tcells,raw,0.05,5000,60,precision,0.8095615425250925,7466,7572
cd8+_tcells,raw,0.05,5000,60,recall,0.8210554513795875,7466,7572
cd8+_tcells,raw,0.05,5000,60,f1,0.8152679877643304,7466,7572
cd8+_tcells,bh,-1.0,5000,60,mae,0.02312829388278857,-1,-1
cd8+_tcells,bh,0.01,5000,60,precision,0.0,0,0
cd8+_tcells,bh,0.01,5000,60,recall,0.0,0,0
cd8+_tcells,bh,0.01,5000,60,f1,0.0,0,0
cd8+_tcells,bh,0.05,5000,60,precision,0.0,0,0
cd8+_tcells,bh,0.05,5000,60,recall,0.0,0,0
cd8+_tcells,bh,0.05,5000,60,f1,0.0,0,0
cd8+_tcells,raw,-1.0,5000,70,mae,0.04500329426854588,-1,-1
cd8+_tcells,raw,0.01,5000,70,precision,0.6771276595744681,2009,1880
cd8+_tcells,raw,0.01,5000,70,recall,0.633648581383773,2009,1880
cd8+_tcells,raw,0.01,5000,70,f1,0.6546670095140139,2009,1880
cd8+_tcells,raw,0.05,5000,70,precision,0.8247507171151482,7466,7321
cd8+_tcells,raw,0.05,5000,70,recall,0.8087329225823734,7466,7321
cd8+_tcells,raw,0.05,5000,70,f1,0.8166632853181849,7466,7321
cd8+_tcells,bh,-1.0,5000,70,mae,0.022413468718612103,-1,-1
cd8+_tcells,bh,0.01,5000,70,precision,0.0,0,0
cd8+_tcells,bh,0.01,5000,70,recall,0.0,0,0
cd8+_tcells,bh,0.01,5000,70,f1,0.0,0,0
cd8+_tcells,bh,0.05,5000,70,precision,0.0,0,0
cd8+_tcells,bh,0.05,5000,70,recall,0.0,0,0
cd8+_tcells,bh,0.05,5000,70,f1,0.0,0,0
cd8+_tcells,raw,-1.0,5000,80,mae,0.04375583491636578,-1,-1
cd8+_tcells,raw,0.01,5000,80,precision,0.6910651186269561,2009,1981
cd8+_tcells,raw,0.01,5000,80,recall,0.6814335490293678,2009,1981
cd8+_tcells,raw,0.01,5000,80,f1,0.6862155388471178,2009,1981
cd8+_tcells,raw,0.05,5000,80,precision,0.8208084824387011,7466,7545
cd8+_tcells,raw,0.05,5000,80,recall,0.829493704795071,7466,7545
cd8+_tcells,raw,0.05,5000,80,f1,0.8251282392911865,7466,7545
cd8+_tcells,bh,-1.0,5000,80,mae,0.02154355180139794,-1,-1
cd8+_tcells,bh,0.01,5000,80,precision,0.0,0,0
cd8+_tcells,bh,0.01,5000,80,recall,0.0,0,0
cd8+_tcells,bh,0.01,5000,80,f1,0.0,0,0
cd8+_tcells,bh,0.05,5000,80,precision,0.0,0,0
cd8+_tcells,bh,0.05,5000,80,recall,0.0,0,0
cd8+_tcells,bh,0.05,5000,80,f1,0.0,0,0
cd8+_tcells,raw,-1.0,5000,90,mae,0.04478704754725357,-1,-1
cd8+_tcells,raw,0.01,5000,90,precision,0.6756626506024096,2009,2075
cd8+_tcells,raw,0.01,5000,90,recall,0.6978596316575411,2009,2075
cd8+_tcells,raw,0.01,5000,90,f1,0.6865817825661117,2009,2075
cd8+_tcells,raw,0.05,5000,90,precision,0.8083496412263536,7466,7665
cd8+_tcells,raw,0.05,5000,90,recall,0.8298955263862845,7466,7665
cd8+_tcells,raw,0.05,5000,90,f1,0.8189809001387879,7466,7665
cd8+_tcells,bh,-1.0,5000,90,mae,0.02337603630059971,-1,-1
cd8+_tcells,bh,0.01,5000,90,precision,0.0,0,0
cd8+_tcells,bh,0.01,5000,90,recall,0.0,0,0
cd8+_tcells,bh,0.01,5000,90,f1,0.0,0,0
cd8+_tcells,bh,0.05,5000,90,precision,0.0,0,0
cd8+_tcells,bh,0.05,5000,90,recall,0.0,0,0
cd8+_tcells,bh,0.05,5000,90,f1,0.0,0,0
cd8+_tcells,raw,-1.0,5000,100,mae,0.04806900477074381,-1,-1
cd8+_tcells,raw,0.01,5000,100,precision,0.6534365924491772,2009,2066
cd8+_tcells,raw,0.01,5000,100,recall,0.6719761075161772,2009,2066
cd8+_tcells,raw,0.01,5000,100,f1,0.6625766871165644,2009,2066
cd8+_tcells,raw,0.05,5000,100,precision,0.8085247643075288,7466,7531
cd8+_tcells,raw,0.05,5000,100,recall,0.815563889633003,7466,7531
cd8+_tcells,raw,0.05,5000,100,f1,0.8120290724811629,7466,7531
cd8+_tcells,bh,-1.0,5000,100,mae,0.023627424471841976,-1,-1
cd8+_tcells,bh,0.01,5000,100,precision,0.0,0,0
cd8+_tcells,bh,0.01,5000,100,recall,0.0,0,0
cd8+_tcells,bh,0.01,5000,100,f1,0.0,0,0
cd8+_tcells,bh,0.05,5000,100,precision,0.0,0,0
cd8+_tcells,bh,0.05,5000,100,recall,0.0,0,0
cd8+_tcells,bh,0.05,5000,100,f1,0.0,0,0
cd8+_tcells,raw,-1.0,7000,1,mae,0.052548046981292874,-1,-1
cd8+_tcells,raw,0.01,7000,1,precision,0.6700872242175474,1977,1949
cd8+_tcells,raw,0.01,7000,1,recall,0.6605968639352554,1977,1949
cd8+_tcells,raw,0.01,7000,1,f1,0.6653082017320427,1977,1949
cd8+_tcells,raw,0.05,7000,1,precision,0.8031485646249504,7505,7559
cd8+_tcells,raw,0.05,7000,1,recall,0.808927381745503,7505,7559
cd8+_tcells,raw,0.05,7000,1,f1,0.8060276155071694,7505,7559
cd8+_tcells,bh,-1.0,7000,1,mae,0.025218457007479166,-1,-1
cd8+_tcells,bh,0.01,7000,1,precision,0.0,0,0
cd8+_tcells,bh,0.01,7000,1,recall,0.0,0,0
cd8+_tcells,bh,0.01,7000,1,f1,0.0,0,0
cd8+_tcells,bh,0.05,7000,1,precision,0.0,0,0
cd8+_tcells,bh,0.05,7000,1,recall,0.0,0,0
cd8+_tcells,bh,0.05,7000,1,f1,0.0,0,0
cd8+_tcells,raw,-1.0,7000,2,mae,0.04657293394235504,-1,-1
cd8+_tcells,raw,0.01,7000,2,precision,0.669883189436262,1977,1969
cd8+_tcells,raw,0.01,7000,2,recall,0.6671724835609509,1977,1969
cd8+_tcells,raw,0.01,7000,2,f1,0.6685250886974151,1977,1969
cd8+_tcells,raw,0.05,7000,2,precision,0.8097638630936588,7505,7538
cd8+_tcells,raw,0.05,7000,2,recall,0.8133244503664224,7505,7538
cd8+_tcells,raw,0.05,7000,2,f1,0.811540251279665,7505,7538
cd8+_tcells,bh,-1.0,7000,2,mae,0.022043189740780178,-1,-1
cd8+_tcells,bh,0.01,7000,2,precision,0.0,0,0
cd8+_tcells,bh,0.01,7000,2,recall,0.0,0,0
cd8+_tcells,bh,0.01,7000,2,f1,0.0,0,0
cd8+_tcells,bh,0.05,7000,2,precision,0.0,0,0
cd8+_tcells,bh,0.05,7000,2,recall,0.0,0,0
cd8+_tcells,bh,0.05,7000,2,f1,0.0,0,0
cd8+_tcells,raw,-1.0,7000,3,mae,0.04464169628893949,-1,-1
cd8+_tcells,raw,0.01,7000,3,precision,0.6860587002096437,1977,1908
cd8+_tcells,raw,0.01,7000,3,recall,0.6621143146181082,1977,1908
cd8+_tcells,raw,0.01,7000,3,f1,0.6738738738738739,1977,1908
cd8+_tcells,raw,0.05,7000,3,precision,0.8274366273552934,7505,7377
cd8+_tcells,raw,0.05,7000,3,recall,0.8133244503664224,7505,7377
cd8+_tcells,raw,0.05,7000,3,f1,0.8203198494825964,7505,7377
cd8+_tcells,bh,-1.0,7000,3,mae,0.022287840990174855,-1,-1
cd8+_tcells,bh,0.01,7000,3,precision,0.0,0,0
cd8+_tcells,bh,0.01,7000,3,recall,0.0,0,0
cd8+_tcells,bh,0.01,7000,3,f1,0.0,0,0
cd8+_tcells,bh,0.05,7000,3,precision,0.0,0,0
cd8+_tcells,bh,0.05,7000,3,recall,0.0,0,0
cd8+_tcells,bh,0.05,7000,3,f1,0.0,0,0
cd8+_tcells,raw,-1.0,7000,4,mae,0.04578920772154449,-1,-1
cd8+_tcells,raw,0.01,7000,4,precision,0.6314484126984127,1977,2016
cd8+_tcells,raw,0.01,7000,4,recall,0.6439049064238745,1977,2016
cd8+_tcells,raw,0.01,7000,4,f1,0.6376158276984724,1977,2016
cd8+_tcells,raw,0.05,7000,4,precision,0.8068836212669077,7505,7467
cd8+_tcells,raw,0.05,7000,4,recall,0.8027981345769487,7505,7467
cd8+_tcells,raw,0.05,7000,4,f1,0.8048356932941491,7505,7467
cd8+_tcells,bh,-1.0,7000,4,mae,0.022285883601514803,-1,-1
cd8+_tcells,bh,0.01,7000,4,precision,0.0,0,0
cd8+_tcells,bh,0.01,7000,4,recall,0.0,0,0
cd8+_tcells,bh,0.01,7000,4,f1,0.0,0,0
cd8+_tcells,bh,0.05,7000,4,precision,0.0,0,0
cd8+_tcells,bh,0.05,7000,4,recall,0.0,0,0
cd8+_tcells,bh,0.05,7000,4,f1,0.0,0,0
cd8+_tcells,raw,-1.0,7000,5,mae,0.04740646505293797,-1,-1
cd8+_tcells,raw,0.01,7000,5,precision,0.6750261233019854,1977,1914
cd8+_tcells,raw,0.01,7000,5,recall,0.6535154274152757,1977,1914
cd8+_tcells,raw,0.01,7000,5,f1,0.6640966332562324,1977,1914
cd8+_tcells,raw,0.05,7000,5,precision,0.8184631947248016,7505,7431
cd8+_tcells,raw,0.05,7000,5,recall,0.8103930712858095,7505,7431
cd8+_tcells,raw,0.05,7000,5,f1,0.8144081414033209,7505,7431
cd8+_tcells,bh,-1.0,7000,5,mae,0.023079653549201523,-1,-1
cd8+_tcells,bh,0.01,7000,5,precision,0.0,0,0
cd8+_tcells,bh,0.01,7000,5,recall,0.0,0,0
cd8+_tcells,bh,0.01,7000,5,f1,0.0,0,0
cd8+_tcells,bh,0.05,7000,5,precision,0.0,0,0
cd8+_tcells,bh,0.05,7000,5,recall,0.0,0,0
cd8+_tcells,bh,0.05,7000,5,f1,0.0,0,0
cd8+_tcells,raw,-1.0,7000,6,mae,0.05223433023828339,-1,-1
cd8+_tcells,raw,0.01,7000,6,precision,0.6440318302387268,1977,1885
cd8+_tcells,raw,0.01,7000,6,recall,0.6140617096611026,1977,1885
cd8+_tcells,raw,0.01,7000,6,f1,0.6286897980321077,1977,1885
cd8+_tcells,raw,0.05,7000,6,precision,0.793739222708582,7505,7539
cd8+_tcells,raw,0.05,7000,6,recall,0.7973351099267155,7505,7539
cd8+_tcells,raw,0.05,7000,6,f1,0.7955331028981654,7505,7539
cd8+_tcells,bh,-1.0,7000,6,mae,0.02486171526991022,-1,-1
cd8+_tcells,bh,0.01,7000,6,precision,0.0,0,0
cd8+_tcells,bh,0.01,7000,6,recall,0.0,0,0
cd8+_tcells,bh,0.01,7000,6,f1,0.0,0,0
cd8+_tcells,bh,0.05,7000,6,precision,0.0,0,0
cd8+_tcells,bh,0.05,7000,6,recall,0.0,0,0
cd8+_tcells,bh,0.05,7000,6,f1,0.0,0,0
cd8+_tcells,raw,-1.0,7000,7,mae,0.0440203462834884,-1,-1
cd8+_tcells,raw,0.01,7000,7,precision,0.6971153846153846,1977,1872
cd8+_tcells,raw,0.01,7000,7,recall,0.6600910470409712,1977,1872
cd8+_tcells,raw,0.01,7000,7,f1,0.6780982073265783,1977,1872
cd8+_tcells,raw,0.05,7000,7,precision,0.8303656381677315,7505,7357
cd8+_tcells,raw,0.05,7000,7,recall,0.8139906728847435,7505,7357
cd8+_tcells,raw,0.05,7000,7,f1,0.822096622258108,7505,7357
cd8+_tcells,bh,-1.0,7000,7,mae,0.022457425644450413,-1,-1
cd8+_tcells,bh,0.01,7000,7,precision,0.0,0,0
cd8+_tcells,bh,0.01,7000,7,recall,0.0,0,0
cd8+_tcells,bh,0.01,7000,7,f1,0.0,0,0
cd8+_tcells,bh,0.05,7000,7,precision,0.0,0,0
cd8+_tcells,bh,0.05,7000,7,recall,0.0,0,0
cd8+_tcells,bh,0.05,7000,7,f1,0.0,0,0
cd8+_tcells,raw,-1.0,7000,8,mae,0.04279274915761398,-1,-1
cd8+_tcells,raw,0.01,7000,8,precision,0.7163412127440905,1977,1946
cd8+_tcells,raw,0.01,7000,8,recall,0.7051087506322711,1977,1946
cd8+_tcells,raw,0.01,7000,8,f1,0.7106806015804231,1977,1946
cd8+_tcells,raw,0.05,7000,8,precision,0.8438812847269278,7505,7379
cd8+_tcells,raw,0.05,7000,8,recall,0.8297135243171219,7505,7379
cd8+_tcells,raw,0.05,7000,8,f1,0.8367374361730717,7505,7379
cd8+_tcells,bh,-1.0,7000,8,mae,0.020894569858300186,-1,-1
cd8+_tcells,bh,0.01,7000,8,precision,0.0,0,0
cd8+_tcells,bh,0.01,7000,8,recall,0.0,0,0
cd8+_tcells,bh,0.01,7000,8,f1,0.0,0,0
cd8+_tcells,bh,0.05,7000,8,precision,0.0,0,0
cd8+_tcells,bh,0.05,7000,8,recall,0.0,0,0
cd8+_tcells,bh,0.05,7000,8,f1,0.0,0,0
cd8+_tcells,raw,-1.0,7000,9,mae,0.046303302232151386,-1,-1
cd8+_tcells,raw,0.01,7000,9,precision,0.6516741629185407,1977,2001
cd8+_tcells,raw,0.01,7000,9,recall,0.6595852301466869,1977,2001
cd8+_tcells,raw,0.01,7000,9,f1,0.6556058320764203,1977,2001
cd8+_tcells,raw,0.05,7000,9,precision,0.7983571807101218,7505,7548
cd8+_tcells,raw,0.05,7000,9,recall,0.802931379080613,7505,7548
cd8+_tcells,raw,0.05,7000,9,f1,0.800637746628579,7505,7548
cd8+_tcells,bh,-1.0,7000,9,mae,0.022085841631904413,-1,-1
cd8+_tcells,bh,0.01,7000,9,precision,0.0,0,0
cd8+_tcells,bh,0.01,7000,9,recall,0.0,0,0
cd8+_tcells,bh,0.01,7000,9,f1,0.0,0,0
cd8+_tcells,bh,0.05,7000,9,precision,0.0,0,0
cd8+_tcells,bh,0.05,7000,9,recall,0.0,0,0
cd8+_tcells,bh,0.05,7000,9,f1,0.0,0,0
cd8+_tcells,raw,-1.0,7000,10,mae,0.04595148196838083,-1,-1
cd8+_tcells,raw,0.01,7000,10,precision,0.6935568360398114,1977,1909
cd8+_tcells,raw,0.01,7000,10,recall,0.6697015680323722,1977,1909
cd8+_tcells,raw,0.01,7000,10,f1,0.6814204837879567,1977,1909
cd8+_tcells,raw,0.05,7000,10,precision,0.831356160690213,7505,7418
cd8+_tcells,raw,0.05,7000,10,recall,0.8217188540972685,7505,7418
cd8+_tcells,raw,0.05,7000,10,f1,0.8265094149969845,7505,7418
cd8+_tcells,bh,-1.0,7000,10,mae,0.02269567157234282,-1,-1
cd8+_tcells,bh,0.01,7000,10,precision,0.0,0,0
cd8+_tcells,bh,0.01,7000,10,recall,0.0,0,0
cd8+_tcells,bh,0.01,7000,10,f1,0.0,0,0
cd8+_tcells,bh,0.05,7000,10,precision,0.0,0,0
cd8+_tcells,bh,0.05,7000,10,recall,0.0,0,0
cd8+_tcells,bh,0.05,7000,10,f1,0.0,0,0
cd8+_tcells,raw,-1.0,7000,20,mae,0.04450278630143779,-1,-1
cd8+_tcells,raw,0.01,7000,20,precision,0.6789178152118428,1977,1959
cd8+_tcells,raw,0.01,7000,20,recall,0.6727364693980779,1977,1959
cd8+_tcells,raw,0.01,7000,20,f1,0.6758130081300813,1977,1959
cd8+_tcells,raw,0.05,7000,20,precision,0.8235924932975871,7505,7460
cd8+_tcells,raw,0.05,7000,20,recall,0.8186542305129914,7505,7460
cd8+_tcells,raw,0.05,7000,20,f1,0.8211159371867691,7505,7460
cd8+_tcells,bh,-1.0,7000,20,mae,0.021936500498645112,-1,-1
cd8+_tcells,bh,0.01,7000,20,precision,0.0,0,0
cd8+_tcells,bh,0.01,7000,20,recall,0.0,0,0
cd8+_tcells,bh,0.01,7000,20,f1,0.0,0,0
cd8+_tcells,bh,0.05,7000,20,precision,0.0,0,0
cd8+_tcells,bh,0.05,7000,20,recall,0.0,0,0
cd8+_tcells,bh,0.05,7000,20,f1,0.0,0,0
cd8+_tcells,raw,-1.0,7000,30,mae,0.0507297500488689,-1,-1
cd8+_tcells,raw,0.01,7000,30,precision,0.6494105586878524,1977,1951
cd8+_tcells,raw,0.01,7000,30,recall,0.6408700050581689,1977,1951
cd8+_tcells,raw,0.01,7000,30,f1,0.645112016293279,1977,1951
cd8+_tcells,raw,0.05,7000,30,precision,0.7995991983967936,7505,7485
cd8+_tcells,raw,0.05,7000,30,recall,0.7974683544303798,7505,7485
cd8+_tcells,raw,0.05,7000,30,f1,0.7985323549032688,7505,7485
cd8+_tcells,bh,-1.0,7000,30,mae,0.023770375740302562,-1,-1
cd8+_tcells,bh,0.01,7000,30,precision,0.0,0,0
cd8+_tcells,bh,0.01,7000,30,recall,0.0,0,0
cd8+_tcells,bh,0.01,7000,30,f1,0.0,0,0
cd8+_tcells,bh,0.05,7000,30,precision,0.0,0,0
cd8+_tcells,bh,0.05,7000,30,recall,0.0,0,0
cd8+_tcells,bh,0.05,7000,30,f1,0.0,0,0
cd8+_tcells,raw,-1.0,7000,40,mae,0.04449296269239935,-1,-1
cd8+_tcells,raw,0.01,7000,40,precision,0.7137486573576799,1977,1862
cd8+_tcells,raw,0.01,7000,40,recall,0.6722306525037937,1977,1862
cd8+_tcells,raw,0.01,7000,40,f1,0.6923678041156551,1977,1862
cd8+_tcells,raw,0.05,7000,40,precision,0.8264563106796117,7505,7416
cd8+_tcells,raw,0.05,7000,40,recall,0.816655562958028,7505,7416
cd8+_tcells,raw,0.05,7000,40,f1,0.8215267073252464,7505,7416
cd8+_tcells,bh,-1.0,7000,40,mae,0.021033792643970196,-1,-1
cd8+_tcells,bh,0.01,7000,40,precision,0.0,0,0
cd8+_tcells,bh,0.01,7000,40,recall,0.0,0,0
cd8+_tcells,bh,0.01,7000,40,f1,0.0,0,0
cd8+_tcells,bh,0.05,7000,40,precision,0.0,0,0
cd8+_tcells,bh,0.05,7000,40,recall,0.0,0,0
cd8+_tcells,bh,0.05,7000,40,f1,0.0,0,0
cd8+_tcells,raw,-1.0,7000,50,mae,0.04581898637816351,-1,-1
cd8+_tcells,raw,0.01,7000,50,precision,0.6530820173204279,1977,1963
cd8+_tcells,raw,0.01,7000,50,recall,0.648457258472433,1977,1963
cd8+_tcells,raw,0.01,7000,50,f1,0.650761421319797,1977,1963
cd8+_tcells,raw,0.05,7000,50,precision,0.8090506244125151,7505,7447
cd8+_tcells,raw,0.05,7000,50,recall,0.8027981345769487,7505,7447
cd8+_tcells,raw,0.05,7000,50,f1,0.805912252541466,7505,7447
cd8+_tcells,bh,-1.0,7000,50,mae,0.02291082282716218,-1,-1
cd8+_tcells,bh,0.01,7000,50,precision,0.0,0,0
cd8+_tcells,bh,0.01,7000,50,recall,0.0,0,0
cd8+_tcells,bh,0.01,7000,50,f1,0.0,0,0
cd8+_tcells,bh,0.05,7000,50,precision,0.0,0,0
cd8+_tcells,bh,0.05,7000,50,recall,0.0,0,0
cd8+_tcells,bh,0.05,7000,50,f1,0.0,0,0
cd8+_tcells,raw,-1.0,7000,60,mae,0.04864423017210814,-1,-1
cd8+_tcells,raw,0.01,7000,60,precision,0.690677966101695,1977,1888
cd8+_tcells,raw,0.01,7000,60,recall,0.6595852301466869,1977,1888
cd8+_tcells,raw,0.01,7000,60,f1,0.6747736093143596,1977,1888
cd8+_tcells,raw,0.05,7000,60,precision,0.8170402376451525,7505,7406
cd8+_tcells,raw,0.05,7000,60,recall,0.8062624916722185,7505,7406
cd8+_tcells,raw,0.05,7000,60,f1,0.8116155858091342,7505,7406
cd8+_tcells,bh,-1.0,7000,60,mae,0.023167125724488934,-1,-1
cd8+_tcells,bh,0.01,7000,60,precision,0.0,0,0
cd8+_tcells,bh,0.01,7000,60,recall,0.0,0,0
cd8+_tcells,bh,0.01,7000,60,f1,0.0,0,0
cd8+_tcells,bh,0.05,7000,60,precision,0.0,0,0
cd8+_tcells,bh,0.05,7000,60,recall,0.0,0,0
cd8+_tcells,bh,0.05,7000,60,f1,0.0,0,0
cd8+_tcells,raw,-1.0,7000,70,mae,0.04059142382154238,-1,-1
cd8+_tcells,raw,0.01,7000,70,precision,0.7040498442367601,1977,1926
cd8+_tcells,raw,0.01,7000,70,recall,0.6858877086494689,1977,1926
cd8+_tcells,raw,0.01,7000,70,f1,0.6948501152959262,1977,1926
cd8+_tcells,raw,0.05,7000,70,precision,0.8433848220282069,7505,7445
cd8+_tcells,raw,0.05,7000,70,recall,0.8366422385076615,7505,7445
cd8+_tcells,raw,0.05,7000,70,f1,0.84,7505,7445
cd8+_tcells,bh,-1.0,7000,70,mae,0.02049488508232443,-1,-1
cd8+_tcells,bh,0.01,7000,70,precision,0.0,0,0
cd8+_tcells,bh,0.01,7000,70,recall,0.0,0,0
cd8+_tcells,bh,0.01,7000,70,f1,0.0,0,0
cd8+_tcells,bh,0.05,7000,70,precision,0.0,0,0
cd8+_tcells,bh,0.05,7000,70,recall,0.0,0,0
cd8+_tcells,bh,0.05,7000,70,f1,0.0,0,0
cd8+_tcells,raw,-1.0,7000,80,mae,0.04357689094825459,-1,-1
cd8+_tcells,raw,0.01,7000,80,precision,0.6751968503937008,1977,2032
cd8+_tcells,raw,0.01,7000,80,recall,0.6939807789580172,1977,2032
cd8+_tcells,raw,0.01,7000,80,f1,0.6844599650785732,1977,2032
cd8+_tcells,raw,0.05,7000,80,precision,0.8224930454364816,7505,7549
cd8+_tcells,raw,0.05,7000,80,recall,0.8273151232511659,7505,7549
cd8+_tcells,raw,0.05,7000,80,f1,0.8248970373322705,7505,7549
cd8+_tcells,bh,-1.0,7000,80,mae,0.021296963924369583,-1,-1
cd8+_tcells,bh,0.01,7000,80,precision,0.0,0,0
cd8+_tcells,bh,0.01,7000,80,recall,0.0,0,0
cd8+_tcells,bh,0.01,7000,80,f1,0.0,0,0
cd8+_tcells,bh,0.05,7000,80,precision,0.0,0,0
cd8+_tcells,bh,0.05,7000,80,recall,0.0,0,0
cd8+_tcells,bh,0.05,7000,80,f1,0.0,0,0
cd8+_tcells,raw,-1.0,7000,90,mae,0.04399320918879841,-1,-1
cd8+_tcells,raw,0.01,7000,90,precision,0.6701872299567931,1977,2083
cd8+_tcells,raw,0.01,7000,90,recall,0.7061203844208397,1977,2083
cd8+_tcells,raw,0.01,7000,90,f1,0.6876847290640394,1977,2083
cd8+_tcells,raw,0.05,7000,90,precision,0.8217977234070392,7505,7643
cd8+_tcells,raw,0.05,7000,90,recall,0.83690872751499,7505,7643
cd8+_tcells,raw,0.05,7000,90,f1,0.8292843939794032,7505,7643
cd8+_tcells,bh,-1.0,7000,90,mae,0.021989672618092784,-1,-1
cd8+_tcells,bh,0.01,7000,90,precision,0.0,0,0
cd8+_tcells,bh,0.01,7000,90,recall,0.0,0,0
cd8+_tcells,bh,0.01,7000,90,f1,0.0,0,0
cd8+_tcells,bh,0.05,7000,90,precision,0.0,0,0
cd8+_tcells,bh,0.05,7000,90,recall,0.0,0,0
cd8+_tcells,bh,0.05,7000,90,f1,0.0,0,0
cd8+_tcells,raw,-1.0,7000,100,mae,0.04536244251721713,-1,-1
cd8+_tcells,raw,0.01,7000,100,precision,0.669295219319862,1977,2029
cd8+_tcells,raw,0.01,7000,100,recall,0.6868993424380374,1977,2029
cd8+_tcells,raw,0.01,7000,100,f1,0.6779830254618073,1977,2029
cd8+_tcells,raw,0.05,7000,100,precision,0.8127484760137821,7505,7546
cd8+_tcells,raw,0.05,7000,100,recall,0.8171885409726849,7505,7546
cd8+_tcells,raw,0.05,7000,100,f1,0.8149624609660487,7505,7546
cd8+_tcells,bh,-1.0,7000,100,mae,0.021792467188341585,-1,-1
cd8+_tcells,bh,0.01,7000,100,precision,0.0,0,0
cd8+_tcells,bh,0.01,7000,100,recall,0.0,0,0
cd8+_tcells,bh,0.01,7000,100,f1,0.0,0,0
cd8+_tcells,bh,0.05,7000,100,precision,0.0,0,0
cd8+_tcells,bh,0.05,7000,100,recall,0.0,0,0
cd8+_tcells,bh,0.05,7000,100,f1,0.0,0,0
cd8+_tcells,raw,-1.0,10000,1,mae,0.051816284657464046,-1,-1
cd8+_tcells,raw,0.01,10000,1,precision,0.6381418092909535,1999,2045
cd8+_tcells,raw,0.01,10000,1,recall,0.6528264132066033,1999,2045
cd8+_tcells,raw,0.01,10000,1,f1,0.6454005934718101,1999,2045
cd8+_tcells,raw,0.05,10000,1,precision,0.8010852302805718,7525,7556
cd8+_tcells,raw,0.05,10000,1,recall,0.8043853820598007,7525,7556
cd8+_tcells,raw,0.05,10000,1,f1,0.8027319143292885,7525,7556
cd8+_tcells,bh,-1.0,10000,1,mae,0.025518685695085218,-1,-1
cd8+_tcells,bh,0.01,10000,1,precision,0.0,0,0
cd8+_tcells,bh,0.01,10000,1,recall,0.0,0,0
cd8+_tcells,bh,0.01,10000,1,f1,0.0,0,0
cd8+_tcells,bh,0.05,10000,1,precision,0.0,0,0
cd8+_tcells,bh,0.05,10000,1,recall,0.0,0,0
cd8+_tcells,bh,0.05,10000,1,f1,0.0,0,0
cd8+_tcells,raw,-1.0,10000,2,mae,0.045905595049718924,-1,-1
cd8+_tcells,raw,0.01,10000,2,precision,0.6601340897369778,1999,1939
cd8+_tcells,raw,0.01,10000,2,recall,0.64032016008004,1999,1939
cd8+_tcells,raw,0.01,10000,2,f1,0.6500761808024378,1999,1939
cd8+_tcells,raw,0.05,10000,2,precision,0.8044551153794851,7525,7497
cd8+_tcells,raw,0.05,10000,2,recall,0.8014617940199336,7525,7497
cd8+_tcells,raw,0.05,10000,2,f1,0.8029556650246306,7525,7497
cd8+_tcells,bh,-1.0,10000,2,mae,0.022128051384622947,-1,-1
cd8+_tcells,bh,0.01,10000,2,precision,0.0,0,0
cd8+_tcells,bh,0.01,10000,2,recall,0.0,0,0
cd8+_tcells,bh,0.01,10000,2,f1,0.0,0,0
cd8+_tcells,bh,0.05,10000,2,precision,0.0,0,0
cd8+_tcells,bh,0.05,10000,2,recall,0.0,0,0
cd8+_tcells,bh,0.05,10000,2,f1,0.0,0,0
cd8+_tcells,raw,-1.0,10000,3,mae,0.04568519738096502,-1,-1
cd8+_tcells,raw,0.01,10000,3,precision,0.7264305177111716,1999,1835
cd8+_tcells,raw,0.01,10000,3,recall,0.6668334167083542,1999,1835
cd8+_tcells,raw,0.01,10000,3,f1,0.695357329160146,1999,1835
cd8+_tcells,raw,0.05,10000,3,precision,0.845447065277016,7525,7292
cd8+_tcells,raw,0.05,10000,3,recall,0.8192691029900332,7525,7292
cd8+_tcells,raw,0.05,10000,3,f1,0.8321522575420126,7525,7292
cd8+_tcells,bh,-1.0,10000,3,mae,0.0227019016502858,-1,-1
cd8+_tcells,bh,0.01,10000,3,precision,0.0,0,0
cd8+_tcells,bh,0.01,10000,3,recall,0.0,0,0
cd8+_tcells,bh,0.01,10000,3,f1,0.0,0,0
cd8+_tcells,bh,0.05,10000,3,precision,0.0,0,0
cd8+_tcells,bh,0.05,10000,3,recall,0.0,0,0
cd8+_tcells,bh,0.05,10000,3,f1,0.0,0,0
cd8+_tcells,raw,-1.0,10000,4,mae,0.04822716995561564,-1,-1
cd8+_tcells,raw,0.01,10000,4,precision,0.6643426294820717,1999,2008
cd8+_tcells,raw,0.01,10000,4,recall,0.6673336668334167,1999,2008
cd8+_tcells,raw,0.01,10000,4,f1,0.6658347891190417,1999,2008
cd8+_tcells,raw,0.05,10000,4,precision,0.8061974789915967,7525,7616
cd8+_tcells,raw,0.05,10000,4,recall,0.8159468438538205,7525,7616
cd8+_tcells,raw,0.05,10000,4,f1,0.8110428637474407,7525,7616
cd8+_tcells,bh,-1.0,10000,4,mae,0.023534480118846873,-1,-1
cd8+_tcells,bh,0.01,10000,4,precision,0.0,0,0
cd8+_tcells,bh,0.01,10000,4,recall,0.0,0,0
cd8+_tcells,bh,0.01,10000,4,f1,0.0,0,0
cd8+_tcells,bh,0.05,10000,4,precision,0.0,0,0
cd8+_tcells,bh,0.05,10000,4,recall,0.0,0,0
cd8+_tcells,bh,0.05,10000,4,f1,0.0,0,0
cd8+_tcells,raw,-1.0,10000,5,mae,0.04674858340517609,-1,-1
cd8+_tcells,raw,0.01,10000,5,precision,0.7264,1999,1875
cd8+_tcells,raw,0.01,10000,5,recall,0.6813406703351675,1999,1875
cd8+_tcells,raw,0.01,10000,5,f1,0.7031491997934951,1999,1875
cd8+_tcells,raw,0.05,10000,5,precision,0.8462990427396522,7525,7417
cd8+_tcells,raw,0.05,10000,5,recall,0.8341528239202658,7525,7417
cd8+_tcells,raw,0.05,10000,5,f1,0.8401820372105474,7525,7417
cd8+_tcells,bh,-1.0,10000,5,mae,0.022033036065668858,-1,-1
cd8+_tcells,bh,0.01,10000,5,precision,0.0,0,0
cd8+_tcells,bh,0.01,10000,5,recall,0.0,0,0
cd8+_tcells,bh,0.01,10000,5,f1,0.0,0,0
cd8+_tcells,bh,0.05,10000,5,precision,0.0,0,0
cd8+_tcells,bh,0.05,10000,5,recall,0.0,0,0
cd8+_tcells,bh,0.05,10000,5,f1,0.0,0,0
cd8+_tcells,raw,-1.0,10000,6,mae,0.046455704366256886,-1,-1
cd8+_tcells,raw,0.01,10000,6,precision,0.654048873981792,1999,2087
cd8+_tcells,raw,0.01,10000,6,recall,0.6828414207103551,1999,2087
cd8+_tcells,raw,0.01,10000,6,f1,0.6681350954478708,1999,2087
cd8+_tcells,raw,0.05,10000,6,precision,0.8038702928870293,7525,7648
cd8+_tcells,raw,0.05,10000,6,recall,0.8170099667774087,7525,7648
cd8+_tcells,raw,0.05,10000,6,f1,0.8103868714163316,7525,7648
cd8+_tcells,bh,-1.0,10000,6,mae,0.02321699024854939,-1,-1
cd8+_tcells,bh,0.01,10000,6,precision,0.0,0,0
cd8+_tcells,bh,0.01,10000,6,recall,0.0,0,0
cd8+_tcells,bh,0.01,10000,6,f1,0.0,0,0
cd8+_tcells,bh,0.05,10000,6,precision,0.0,0,0
cd8+_tcells,bh,0.05,10000,6,recall,0.0,0,0
cd8+_tcells,bh,0.05,10000,6,f1,0.0,0,0
cd8+_tcells,raw,-1.0,10000,7,mae,0.04037605721930972,-1,-1
cd8+_tcells,raw,0.01,10000,7,precision,0.7300337457817773,1999,1778
cd8+_tcells,raw,0.01,10000,7,recall,0.6493246623311656,1999,1778
cd8+_tcells,raw,0.01,10000,7,f1,0.6873179772306063,1999,1778
cd8+_tcells,raw,0.05,10000,7,precision,0.8457772337821298,7525,7353
cd8+_tcells,raw,0.05,10000,7,recall,0.8264451827242525,7525,7353
cd8+_tcells,raw,0.05,10000,7,f1,0.835999462293319,7525,7353
cd8+_tcells,bh,-1.0,10000,7,mae,0.019649978745863432,-1,-1
cd8+_tcells,bh,0.01,10000,7,precision,0.0,0,0
cd8+_tcells,bh,0.01,10000,7,recall,0.0,0,0
cd8+_tcells,bh,0.01,10000,7,f1,0.0,0,0
cd8+_tcells,bh,0.05,10000,7,precision,0.0,0,0
cd8+_tcells,bh,0.05,10000,7,recall,0.0,0,0
cd8+_tcells,bh,0.05,10000,7,f1,0.0,0,0
cd8+_tcells,raw,-1.0,10000,8,mae,0.04661771639705187,-1,-1
cd8+_tcells,raw,0.01,10000,8,precision,0.708156779661017,1999,1888
cd8+_tcells,raw,0.01,10000,8,recall,0.6688344172086043,1999,1888
cd8+_tcells,raw,0.01,10000,8,f1,0.6879341394391562,1999,1888
cd8+_tcells,raw,0.05,10000,8,precision,0.8268328642273154,7525,7461
cd8+_tcells,raw,0.05,10000,8,recall,0.8198006644518272,7525,7461
cd8+_tcells,raw,0.05,10000,8,f1,0.8233017482984119,7525,7461
cd8+_tcells,bh,-1.0,10000,8,mae,0.022966184818536028,-1,-1
cd8+_tcells,bh,0.01,10000,8,precision,0.0,0,0
cd8+_tcells,bh,0.01,10000,8,recall,0.0,0,0
cd8+_tcells,bh,0.01,10000,8,f1,0.0,0,0
cd8+_tcells,bh,0.05,10000,8,precision,0.0,0,0
cd8+_tcells,bh,0.05,10000,8,recall,0.0,0,0
cd8+_tcells,bh,0.05,10000,8,f1,0.0,0,0
cd8+_tcells,raw,-1.0,10000,9,mae,0.04818438443863379,-1,-1
cd8+_tcells,raw,0.01,10000,9,precision,0.6486761710794298,1999,1964
cd8+_tcells,raw,0.01,10000,9,recall,0.6373186593296648,1999,1964
cd8+_tcells,raw,0.01,10000,9,f1,0.6429472621751199,1999,1964
cd8+_tcells,raw,0.05,10000,9,precision,0.7969516235917826,7525,7545
cd8+_tcells,raw,0.05,10000,9,recall,0.7990697674418604,7525,7545
cd8+_tcells,raw,0.05,10000,9,f1,0.7980092899800929,7525,7545
cd8+_tcells,bh,-1.0,10000,9,mae,0.023942948870618475,-1,-1
cd8+_tcells,bh,0.01,10000,9,precision,0.0,0,0
cd8+_tcells,bh,0.01,10000,9,recall,0.0,0,0
cd8+_tcells,bh,0.01,10000,9,f1,0.0,0,0
cd8+_tcells,bh,0.05,10000,9,precision,0.0,0,0
cd8+_tcells,bh,0.05,10000,9,recall,0.0,0,0
cd8+_tcells,bh,0.05,10000,9,f1,0.0,0,0
cd8+_tcells,raw,-1.0,10000,10,mae,0.04335690861828933,-1,-1
cd8+_tcells,raw,0.01,10000,10,precision,0.6844283497154682,1999,1933
cd8+_tcells,raw,0.01,10000,10,recall,0.6618309154577289,1999,1933
cd8+_tcells,raw,0.01,10000,10,f1,0.67293997965412,1999,1933
cd8+_tcells,raw,0.05,10000,10,precision,0.8189966555183946,7525,7475
cd8+_tcells,raw,0.05,10000,10,recall,0.8135548172757475,7525,7475
cd8+_tcells,raw,0.05,10000,10,f1,0.8162666666666667,7525,7475
cd8+_tcells,bh,-1.0,10000,10,mae,0.02161558406043632,-1,-1
cd8+_tcells,bh,0.01,10000,10,precision,0.0,0,0
cd8+_tcells,bh,0.01,10000,10,recall,0.0,0,0
cd8+_tcells,bh,0.01,10000,10,f1,0.0,0,0
cd8+_tcells,bh,0.05,10000,10,precision,0.0,0,0
cd8+_tcells,bh,0.05,10000,10,recall,0.0,0,0
cd8+_tcells,bh,0.05,10000,10,f1,0.0,0,0
cd8+_tcells,raw,-1.0,10000,20,mae,0.04277562330240939,-1,-1
cd8+_tcells,raw,0.01,10000,20,precision,0.6681749622926093,1999,1989
cd8+_tcells,raw,0.01,10000,20,recall,0.6648324162081041,1999,1989
cd8+_tcells,raw,0.01,10000,20,f1,0.6664994984954865,1999,1989
cd8+_tcells,raw,0.05,10000,20,precision,0.8189504764461146,7525,7451
cd8+_tcells,raw,0.05,10000,20,recall,0.8108970099667774,7525,7451
cd8+_tcells,raw,0.05,10000,20,f1,0.8149038461538461,7525,7451
cd8+_tcells,bh,-1.0,10000,20,mae,0.02183717265171464,-1,-1
cd8+_tcells,bh,0.01,10000,20,precision,0.0,0,0
cd8+_tcells,bh,0.01,10000,20,recall,0.0,0,0
cd8+_tcells,bh,0.01,10000,20,f1,0.0,0,0
cd8+_tcells,bh,0.05,10000,20,precision,0.0,0,0
cd8+_tcells,bh,0.05,10000,20,recall,0.0,0,0
cd8+_tcells,bh,0.05,10000,20,f1,0.0,0,0
cd8+_tcells,raw,-1.0,10000,30,mae,0.044575015034258,-1,-1
cd8+_tcells,raw,0.01,10000,30,precision,0.6759305210918114,1999,2015
cd8+_tcells,raw,0.01,10000,30,recall,0.6813406703351675,1999,2015
cd8+_tcells,raw,0.01,10000,30,f1,0.6786248131539612,1999,2015
cd8+_tcells,raw,0.05,10000,30,precision,0.8275493860117459,7525,7492
cd8+_tcells,raw,0.05,10000,30,recall,0.8239202657807309,7525,7492
cd8+_tcells,raw,0.05,10000,30,f1,0.8257308383831657,7525,7492
cd8+_tcells,bh,-1.0,10000,30,mae,0.02161294807472383,-1,-1
cd8+_tcells,bh,0.01,10000,30,precision,0.0,0,0
cd8+_tcells,bh,0.01,10000,30,recall,0.0,0,0
cd8+_tcells,bh,0.01,10000,30,f1,0.0,0,0
cd8+_tcells,bh,0.05,10000,30,precision,0.0,0,0
cd8+_tcells,bh,0.05,10000,30,recall,0.0,0,0
cd8+_tcells,bh,0.05,10000,30,f1,0.0,0,0
cd8+_tcells,raw,-1.0,10000,40,mae,0.044664684416502176,-1,-1
cd8+_tcells,raw,0.01,10000,40,precision,0.6687804878048781,1999,2050
cd8+_tcells,raw,0.01,10000,40,recall,0.6858429214607303,1999,2050
cd8+_tcells,raw,0.01,10000,40,f1,0.6772042479624598,1999,2050
cd8+_tcells,raw,0.05,10000,40,precision,0.8277881288261911,7525,7514
cd8+_tcells,raw,0.05,10000,40,recall,0.826578073089701,7525,7514
cd8+_tcells,raw,0.05,10000,40,f1,0.8271826584214376,7525,7514
cd8+_tcells,bh,-1.0,10000,40,mae,0.021600450839957635,-1,-1
cd8+_tcells,bh,0.01,10000,40,precision,0.0,0,0
cd8+_tcells,bh,0.01,10000,40,recall,0.0,0,0
cd8+_tcells,bh,0.01,10000,40,f1,0.0,0,0
cd8+_tcells,bh,0.05,10000,40,precision,0.0,0,0
cd8+_tcells,bh,0.05,10000,40,recall,0.0,0,0
cd8+_tcells,bh,0.05,10000,40,f1,0.0,0,0
cd8+_tcells,raw,-1.0,10000,50,mae,0.043129415945019546,-1,-1
cd8+_tcells,raw,0.01,10000,50,precision,0.6654876200101061,1999,1979
cd8+_tcells,raw,0.01,10000,50,recall,0.6588294147073537,1999,1979
cd8+_tcells,raw,0.01,10000,50,f1,0.6621417797888386,1999,1979
cd8+_tcells,raw,0.05,10000,50,precision,0.8202126227963935,7525,7431
cd8+_tcells,raw,0.05,10000,50,recall,0.8099667774086379,7525,7431
cd8+_tcells,raw,0.05,10000,50,f1,0.8150575020058839,7525,7431
cd8+_tcells,bh,-1.0,10000,50,mae,0.021434645062108706,-1,-1
cd8+_tcells,bh,0.01,10000,50,precision,0.0,0,0
cd8+_tcells,bh,0.01,10000,50,recall,0.0,0,0
cd8+_tcells,bh,0.01,10000,50,f1,0.0,0,0
cd8+_tcells,bh,0.05,10000,50,precision,0.0,0,0
cd8+_tcells,bh,0.05,10000,50,recall,0.0,0,0
cd8+_tcells,bh,0.05,10000,50,f1,0.0,0,0
cd8+_tcells,raw,-1.0,10000,60,mae,0.0453510237457168,-1,-1
cd8+_tcells,raw,0.01,10000,60,precision,0.7200211304807185,1999,1893
cd8+_tcells,raw,0.01,10000,60,recall,0.6818409204602301,1999,1893
cd8+_tcells,raw,0.01,10000,60,f1,0.7004110996916753,1999,1893
cd8+_tcells,raw,0.05,10000,60,precision,0.8311670909821788,7525,7463
cd8+_tcells,raw,0.05,10000,60,recall,0.8243189368770764,7525,7463
cd8+_tcells,raw,0.05,10000,60,f1,0.8277288497464639,7525,7463
cd8+_tcells,bh,-1.0,10000,60,mae,0.021502745202908617,-1,-1
cd8+_tcells,bh,0.01,10000,60,precision,0.0,0,0
cd8+_tcells,bh,0.01,10000,60,recall,0.0,0,0
cd8+_tcells,bh,0.01,10000,60,f1,0.0,0,0
cd8+_tcells,bh,0.05,10000,60,precision,0.0,0,0
cd8+_tcells,bh,0.05,10000,60,recall,0.0,0,0
cd8+_tcells,bh,0.05,10000,60,f1,0.0,0,0
cd8+_tcells,raw,-1.0,10000,70,mae,0.04046673940402086,-1,-1
cd8+_tcells,raw,0.01,10000,70,precision,0.7031491997934951,1999,1937
cd8+_tcells,raw,0.01,10000,70,recall,0.6813406703351675,1999,1937
cd8+_tcells,raw,0.01,10000,70,f1,0.6920731707317073,1999,1937
cd8+_tcells,raw,0.05,10000,70,precision,0.8342548887390425,7525,7415
cd8+_tcells,raw,0.05,10000,70,recall,0.8220598006644518,7525,7415
cd8+_tcells,raw,0.05,10000,70,f1,0.8281124497991967,7525,7415
cd8+_tcells,bh,-1.0,10000,70,mae,0.020725940126821052,-1,-1
cd8+_tcells,bh,0.01,10000,70,precision,0.0,0,0
cd8+_tcells,bh,0.01,10000,70,recall,0.0,0,0
cd8+_tcells,bh,0.01,10000,70,f1,0.0,0,0
cd8+_tcells,bh,0.05,10000,70,precision,0.0,0,0
cd8+_tcells,bh,0.05,10000,70,recall,0.0,0,0
cd8+_tcells,bh,0.05,10000,70,f1,0.0,0,0
cd8+_tcells,raw,-1.0,10000,80,mae,0.045633440750642205,-1,-1
cd8+_tcells,raw,0.01,10000,80,precision,0.6355047240179016,1999,2011
cd8+_tcells,raw,0.01,10000,80,recall,0.639319659829915,1999,2011
cd8+_tcells,raw,0.01,10000,80,f1,0.6374064837905237,1999,2011
cd8+_tcells,raw,0.05,10000,80,precision,0.8064558629776021,7525,7590
cd8+_tcells,raw,0.05,10000,80,recall,0.813421926910299,7525,7590
cd8+_tcells,raw,0.05,10000,80,f1,0.8099239166391002,7525,7590
cd8+_tcells,bh,-1.0,10000,80,mae,0.022548663288142604,-1,-1
cd8+_tcells,bh,0.01,10000,80,precision,0.0,0,0
cd8+_tcells,bh,0.01,10000,80,recall,0.0,0,0
cd8+_tcells,bh,0.01,10000,80,f1,0.0,0,0
cd8+_tcells,bh,0.05,10000,80,precision,0.0,0,0
cd8+_tcells,bh,0.05,10000,80,recall,0.0,0,0
cd8+_tcells,bh,0.05,10000,80,f1,0.0,0,0
cd8+_tcells,raw,-1.0,10000,90,mae,0.043977147771605204,-1,-1
cd8+_tcells,raw,0.01,10000,90,precision,0.6497435897435897,1999,1950
cd8+_tcells,raw,0.01,10000,90,recall,0.6338169084542271,1999,1950
cd8+_tcells,raw,0.01,10000,90,f1,0.64168143833882,1999,1950
cd8+_tcells,raw,0.05,10000,90,precision,0.807352747397549,7525,7589
cd8+_tcells,raw,0.05,10000,90,recall,0.81421926910299,7525,7589
cd8+_tcells,raw,0.05,10000,90,f1,0.8107714701601164,7525,7589
cd8+_tcells,bh,-1.0,10000,90,mae,0.021838729405019602,-1,-1
cd8+_tcells,bh,0.01,10000,90,precision,0.0,0,0
cd8+_tcells,bh,0.01,10000,90,recall,0.0,0,0
cd8+_tcells,bh,0.01,10000,90,f1,0.0,0,0
cd8+_tcells,bh,0.05,10000,90,precision,0.0,0,0
cd8+_tcells,bh,0.05,10000,90,recall,0.0,0,0
cd8+_tcells,bh,0.05,10000,90,f1,0.0,0,0
cd8+_tcells,raw,-1.0,10000,100,mae,0.045903573485220374,-1,-1
cd8+_tcells,raw,0.01,10000,100,precision,0.6466165413533834,1999,1995
cd8+_tcells,raw,0.01,10000,100,recall,0.6453226613306653,1999,1995
cd8+_tcells,raw,0.01,10000,100,f1,0.6459689534301453,1999,1995
cd8+_tcells,raw,0.05,10000,100,precision,0.8114666666666667,7525,7500
cd8+_tcells,raw,0.05,10000,100,recall,0.8087707641196014,7525,7500
cd8+_tcells,raw,0.05,10000,100,f1,0.810116472545757,7525,7500
cd8+_tcells,bh,-1.0,10000,100,mae,0.02276616725708481,-1,-1
cd8+_tcells,bh,0.01,10000,100,precision,0.0,0,0
cd8+_tcells,bh,0.01,10000,100,recall,0.0,0,0
cd8+_tcells,bh,0.01,10000,100,f1,0.0,0,0
cd8+_tcells,bh,0.05,10000,100,precision,0.0,0,0
cd8+_tcells,bh,0.05,10000,100,recall,0.0,0,0
cd8+_tcells,bh,0.05,10000,100,f1,0.0,0,0
