dataset,num_permutations,grn1_id,grn2_id,mode,alpha,num_clusters,metric,score
nk_cells,1000,-1,0,raw,-1.0,100,mae,0.05391942567814814
nk_cells,1000,-1,0,raw,0.01,100,precision,0.6666666666666666
nk_cells,1000,-1,0,raw,0.01,100,recall,0.6224215246636772
nk_cells,1000,-1,0,raw,0.01,100,f1,0.6437847866419295
nk_cells,1000,-1,0,raw,0.05,100,precision,0.7997402597402598
nk_cells,1000,-1,0,raw,0.05,100,recall,0.7831616431387511
nk_cells,1000,-1,0,raw,0.05,100,f1,0.7913641328792649
nk_cells,1000,-1,0,bh,-1.0,100,mae,0.026154971397436555
nk_cells,1000,-1,0,bh,0.01,100,precision,0.0
nk_cells,1000,-1,0,bh,0.01,100,recall,0.0
nk_cells,1000,-1,0,bh,0.01,100,f1,0.0
nk_cells,1000,-1,0,bh,0.05,100,precision,0.0
nk_cells,1000,-1,0,bh,0.05,100,recall,0.0
nk_cells,1000,-1,0,bh,0.05,100,f1,0.0
nk_cells,1000,-1,1,raw,-1.0,100,mae,0.05307180960706838
nk_cells,1000,-1,1,raw,0.01,100,precision,0.6777137367915466
nk_cells,1000,-1,1,raw,0.01,100,recall,0.6100302637267618
nk_cells,1000,-1,1,raw,0.01,100,f1,0.6420932878270762
nk_cells,1000,-1,1,raw,0.05,100,precision,0.808961038961039
nk_cells,1000,-1,1,raw,0.05,100,recall,0.7840151038388924
nk_cells,1000,-1,1,raw,0.05,100,f1,0.7962927452860339
nk_cells,1000,-1,1,bh,-1.0,100,mae,0.02647891958796861
nk_cells,1000,-1,1,bh,0.01,100,precision,0.0
nk_cells,1000,-1,1,bh,0.01,100,recall,0.0
nk_cells,1000,-1,1,bh,0.01,100,f1,0.0
nk_cells,1000,-1,1,bh,0.05,100,precision,0.0
nk_cells,1000,-1,1,bh,0.05,100,recall,0.0
nk_cells,1000,-1,1,bh,0.05,100,f1,0.0
nk_cells,1000,-1,2,raw,-1.0,100,mae,0.05012246897194721
nk_cells,1000,-1,2,raw,0.01,100,precision,0.6762728146013448
nk_cells,1000,-1,2,raw,0.01,100,recall,0.6579439252336449
nk_cells,1000,-1,2,raw,0.01,100,f1,0.6669824727617243
nk_cells,1000,-1,2,raw,0.05,100,precision,0.8133766233766234
nk_cells,1000,-1,2,raw,0.05,100,recall,0.8048059624775122
nk_cells,1000,-1,2,raw,0.05,100,f1,0.8090685957886578
nk_cells,1000,-1,2,bh,-1.0,100,mae,0.023965398423902048
nk_cells,1000,-1,2,bh,0.01,100,precision,0.0
nk_cells,1000,-1,2,bh,0.01,100,recall,0.0
nk_cells,1000,-1,2,bh,0.01,100,f1,0.0
nk_cells,1000,-1,2,bh,0.05,100,precision,0.0
nk_cells,1000,-1,2,bh,0.05,100,recall,0.0
nk_cells,1000,-1,2,bh,0.05,100,f1,0.0
nk_cells,1000,-1,3,raw,-1.0,100,mae,0.05036871792695552
nk_cells,1000,-1,3,raw,0.01,100,precision,0.6858789625360231
nk_cells,1000,-1,3,raw,0.01,100,recall,0.6915254237288135
nk_cells,1000,-1,3,raw,0.01,100,f1,0.6886906197251025
nk_cells,1000,-1,3,raw,0.05,100,precision,0.8123376623376624
nk_cells,1000,-1,3,raw,0.05,100,recall,0.8244365361803084
nk_cells,1000,-1,3,raw,0.05,100,f1,0.8183423824164323
nk_cells,1000,-1,3,bh,-1.0,100,mae,0.024031435478519325
nk_cells,1000,-1,3,bh,0.01,100,precision,0.0
nk_cells,1000,-1,3,bh,0.01,100,recall,0.0
nk_cells,1000,-1,3,bh,0.01,100,f1,0.0
nk_cells,1000,-1,3,bh,0.05,100,precision,0.0
nk_cells,1000,-1,3,bh,0.05,100,recall,0.0
nk_cells,1000,-1,3,bh,0.05,100,f1,0.0
nk_cells,1000,-1,4,raw,-1.0,100,mae,0.05183924855580807
nk_cells,1000,-1,4,raw,0.01,100,precision,0.6690682036503363
nk_cells,1000,-1,4,raw,0.01,100,recall,0.6277602523659306
nk_cells,1000,-1,4,raw,0.01,100,f1,0.6477563357358754
nk_cells,1000,-1,4,raw,0.05,100,precision,0.8027272727272727
nk_cells,1000,-1,4,raw,0.05,100,recall,0.7984756491409378
nk_cells,1000,-1,4,raw,0.05,100,f1,0.800595816333139
nk_cells,1000,-1,4,bh,-1.0,100,mae,0.025115595303600996
nk_cells,1000,-1,4,bh,0.01,100,precision,0.0
nk_cells,1000,-1,4,bh,0.01,100,recall,0.0
nk_cells,1000,-1,4,bh,0.01,100,f1,0.0
nk_cells,1000,-1,4,bh,0.05,100,precision,0.0
nk_cells,1000,-1,4,bh,0.05,100,recall,0.0
nk_cells,1000,-1,4,bh,0.05,100,f1,0.0
nk_cells,1000,-1,5,raw,-1.0,100,mae,0.051564462732376734
nk_cells,1000,-1,5,raw,0.01,100,precision,0.7017291066282421
nk_cells,1000,-1,5,raw,0.01,100,recall,0.6983747609942639
nk_cells,1000,-1,5,raw,0.01,100,f1,0.7000479156684236
nk_cells,1000,-1,5,raw,0.05,100,precision,0.8281818181818181
nk_cells,1000,-1,5,raw,0.05,100,recall,0.8187187058672487
nk_cells,1000,-1,5,raw,0.05,100,f1,0.8234230744399251
nk_cells,1000,-1,5,bh,-1.0,100,mae,0.023755841226722314
nk_cells,1000,-1,5,bh,0.01,100,precision,0.0
nk_cells,1000,-1,5,bh,0.01,100,recall,0.0
nk_cells,1000,-1,5,bh,0.01,100,f1,0.0
nk_cells,1000,-1,5,bh,0.05,100,precision,0.0
nk_cells,1000,-1,5,bh,0.05,100,recall,0.0
nk_cells,1000,-1,5,bh,0.05,100,f1,0.0
nk_cells,1000,-1,6,raw,-1.0,100,mae,0.05180576248880244
nk_cells,1000,-1,6,raw,0.01,100,precision,0.6733909702209414
nk_cells,1000,-1,6,raw,0.01,100,recall,0.650278293135436
nk_cells,1000,-1,6,raw,0.01,100,f1,0.6616328456819255
nk_cells,1000,-1,6,raw,0.05,100,precision,0.8061038961038961
nk_cells,1000,-1,6,raw,0.05,100,recall,0.8034951456310679
nk_cells,1000,-1,6,raw,0.05,100,f1,0.8047974068071313
nk_cells,1000,-1,6,bh,-1.0,100,mae,0.024681690580176052
nk_cells,1000,-1,6,bh,0.01,100,precision,0.0
nk_cells,1000,-1,6,bh,0.01,100,recall,0.0
nk_cells,1000,-1,6,bh,0.01,100,f1,0.0
nk_cells,1000,-1,6,bh,0.05,100,precision,0.0
nk_cells,1000,-1,6,bh,0.05,100,recall,0.0
nk_cells,1000,-1,6,bh,0.05,100,f1,0.0
nk_cells,1000,-1,7,raw,-1.0,100,mae,0.05160913714724192
nk_cells,1000,-1,7,raw,0.01,100,precision,0.6878001921229587
nk_cells,1000,-1,7,raw,0.01,100,recall,0.6623496762257169
nk_cells,1000,-1,7,raw,0.01,100,f1,0.6748350612629594
nk_cells,1000,-1,7,raw,0.05,100,precision,0.8161038961038961
nk_cells,1000,-1,7,raw,0.05,100,recall,0.8072970195272353
nk_cells,1000,-1,7,raw,0.05,100,f1,0.811676569361922
nk_cells,1000,-1,7,bh,-1.0,100,mae,0.02460385098686875
nk_cells,1000,-1,7,bh,0.01,100,precision,0.0
nk_cells,1000,-1,7,bh,0.01,100,recall,0.0
nk_cells,1000,-1,7,bh,0.01,100,f1,0.0
nk_cells,1000,-1,7,bh,0.05,100,precision,0.0
nk_cells,1000,-1,7,bh,0.05,100,recall,0.0
nk_cells,1000,-1,7,bh,0.05,100,f1,0.0
nk_cells,1000,-1,8,raw,-1.0,100,mae,0.049800099763207185
nk_cells,1000,-1,8,raw,0.01,100,precision,0.6801152737752162
nk_cells,1000,-1,8,raw,0.01,100,recall,0.6366906474820144
nk_cells,1000,-1,8,raw,0.01,100,f1,0.6576869484440316
nk_cells,1000,-1,8,raw,0.05,100,precision,0.7977922077922078
nk_cells,1000,-1,8,raw,0.05,100,recall,0.8029015814926154
nk_cells,1000,-1,8,raw,0.05,100,f1,0.8003387401472217
nk_cells,1000,-1,8,bh,-1.0,100,mae,0.024241083203831896
nk_cells,1000,-1,8,bh,0.01,100,precision,0.0
nk_cells,1000,-1,8,bh,0.01,100,recall,0.0
nk_cells,1000,-1,8,bh,0.01,100,f1,0.0
nk_cells,1000,-1,8,bh,0.05,100,precision,0.0
nk_cells,1000,-1,8,bh,0.05,100,recall,0.0
nk_cells,1000,-1,8,bh,0.05,100,f1,0.0
nk_cells,1000,-1,9,raw,-1.0,100,mae,0.052578311327125496
nk_cells,1000,-1,9,raw,0.01,100,precision,0.6719500480307397
nk_cells,1000,-1,9,raw,0.01,100,recall,0.6141352063213346
nk_cells,1000,-1,9,raw,0.01,100,f1,0.6417431192660551
nk_cells,1000,-1,9,raw,0.05,100,precision,0.8023376623376623
nk_cells,1000,-1,9,raw,0.05,100,recall,0.7872069317023446
nk_cells,1000,-1,9,raw,0.05,100,f1,0.7947002829945974
nk_cells,1000,-1,9,bh,-1.0,100,mae,0.025624552202840097
nk_cells,1000,-1,9,bh,0.01,100,precision,0.0
nk_cells,1000,-1,9,bh,0.01,100,recall,0.0
nk_cells,1000,-1,9,bh,0.01,100,f1,0.0
nk_cells,1000,-1,9,bh,0.05,100,precision,0.0
nk_cells,1000,-1,9,bh,0.05,100,recall,0.0
nk_cells,1000,-1,9,bh,0.05,100,f1,0.0
nk_cells,1000,0,1,raw,-1.0,100,mae,0.051313909554133015
nk_cells,1000,0,1,raw,0.01,100,precision,0.6614349775784754
nk_cells,1000,0,1,raw,0.01,100,recall,0.6376999567661046
nk_cells,1000,0,1,raw,0.01,100,f1,0.6493506493506493
nk_cells,1000,0,1,raw,0.05,100,precision,0.7984229937682819
nk_cells,1000,0,1,raw,0.05,100,recall,0.7901825047199497
nk_cells,1000,0,1,raw,0.05,100,f1,0.7942813765182186
nk_cells,1000,0,1,bh,-1.0,100,mae,0.02582241220940564
nk_cells,1000,0,1,bh,0.01,100,precision,0.0
nk_cells,1000,0,1,bh,0.01,100,recall,0.0
nk_cells,1000,0,1,bh,0.01,100,f1,0.0
nk_cells,1000,0,1,bh,0.05,100,precision,0.0
nk_cells,1000,0,1,bh,0.05,100,recall,0.0
nk_cells,1000,0,1,bh,0.05,100,f1,0.0
nk_cells,1000,0,2,raw,-1.0,100,mae,0.05389808884064181
nk_cells,1000,0,2,raw,0.01,100,precision,0.6260089686098654
nk_cells,1000,0,2,raw,0.01,100,recall,0.6523364485981309
nk_cells,1000,0,2,raw,0.01,100,f1,0.6389016018306636
nk_cells,1000,0,2,raw,0.05,100,precision,0.7897748950782144
nk_cells,1000,0,2,raw,0.05,100,recall,0.7979953739398612
nk_cells,1000,0,2,raw,0.05,100,f1,0.7938638542665388
nk_cells,1000,0,2,bh,-1.0,100,mae,0.026247269136695978
nk_cells,1000,0,2,bh,0.01,100,precision,0.0
nk_cells,1000,0,2,bh,0.01,100,recall,0.0
nk_cells,1000,0,2,bh,0.01,100,f1,0.0
nk_cells,1000,0,2,bh,0.05,100,precision,0.0
nk_cells,1000,0,2,bh,0.05,100,recall,0.0
nk_cells,1000,0,2,bh,0.05,100,f1,0.0
nk_cells,1000,0,3,raw,-1.0,100,mae,0.05290316829791901
nk_cells,1000,0,3,raw,0.01,100,precision,0.6556053811659193
nk_cells,1000,0,3,raw,0.01,100,recall,0.7079903147699758
nk_cells,1000,0,3,raw,0.01,100,f1,0.6807916181606519
nk_cells,1000,0,3,raw,0.05,100,precision,0.7913010301411675
nk_cells,1000,0,3,raw,0.05,100,recall,0.8200869909054962
nk_cells,1000,0,3,raw,0.05,100,f1,0.8054368932038835
nk_cells,1000,0,3,bh,-1.0,100,mae,0.025189254634435068
nk_cells,1000,0,3,bh,0.01,100,precision,0.0
nk_cells,1000,0,3,bh,0.01,100,recall,0.0
nk_cells,1000,0,3,bh,0.01,100,f1,0.0
nk_cells,1000,0,3,bh,0.05,100,precision,0.0
nk_cells,1000,0,3,bh,0.05,100,recall,0.0
nk_cells,1000,0,3,bh,0.05,100,f1,0.0
nk_cells,1000,0,4,raw,-1.0,100,mae,0.04874669706808423
nk_cells,1000,0,4,raw,0.01,100,precision,0.6582959641255606
nk_cells,1000,0,4,raw,0.01,100,recall,0.661559260928346
nk_cells,1000,0,4,raw,0.01,100,f1,0.6599235783322095
nk_cells,1000,0,4,raw,0.05,100,precision,0.7975327483148925
nk_cells,1000,0,4,raw,0.05,100,recall,0.8101020539981915
nk_cells,1000,0,4,raw,0.05,100,f1,0.8037682645475519
nk_cells,1000,0,4,bh,-1.0,100,mae,0.024108335621212937
nk_cells,1000,0,4,bh,0.01,100,precision,0.0
nk_cells,1000,0,4,bh,0.01,100,recall,0.0
nk_cells,1000,0,4,bh,0.01,100,f1,0.0
nk_cells,1000,0,4,bh,0.05,100,precision,0.0
nk_cells,1000,0,4,bh,0.05,100,recall,0.0
nk_cells,1000,0,4,bh,0.05,100,f1,0.0
nk_cells,1000,0,5,raw,-1.0,100,mae,0.0524464336127665
nk_cells,1000,0,5,raw,0.01,100,precision,0.6282511210762332
nk_cells,1000,0,5,raw,0.01,100,recall,0.6696940726577438
nk_cells,1000,0,5,raw,0.01,100,f1,0.6483109671448404
nk_cells,1000,0,5,raw,0.05,100,precision,0.8008393742846242
nk_cells,1000,0,5,raw,0.05,100,recall,0.8084478110155348
nk_cells,1000,0,5,raw,0.05,100,f1,0.8046256069511883
nk_cells,1000,0,5,bh,-1.0,100,mae,0.025841062067449024
nk_cells,1000,0,5,bh,0.01,100,precision,0.0
nk_cells,1000,0,5,bh,0.01,100,recall,0.0
nk_cells,1000,0,5,bh,0.01,100,f1,0.0
nk_cells,1000,0,5,bh,0.05,100,precision,0.0
nk_cells,1000,0,5,bh,0.05,100,recall,0.0
nk_cells,1000,0,5,bh,0.05,100,f1,0.0
nk_cells,1000,0,6,raw,-1.0,100,mae,0.04842449897525264
nk_cells,1000,0,6,raw,0.01,100,precision,0.6439461883408072
nk_cells,1000,0,6,raw,0.01,100,recall,0.6660482374768089
nk_cells,1000,0,6,raw,0.01,100,f1,0.6548107615139079
nk_cells,1000,0,6,raw,0.05,100,precision,0.7981686379244564
nk_cells,1000,0,6,raw,0.05,100,recall,0.8124271844660195
nk_cells,1000,0,6,raw,0.05,100,f1,0.8052347959969207
nk_cells,1000,0,6,bh,-1.0,100,mae,0.024045151010871277
nk_cells,1000,0,6,bh,0.01,100,precision,0.0
nk_cells,1000,0,6,bh,0.01,100,recall,0.0
nk_cells,1000,0,6,bh,0.01,100,f1,0.0
nk_cells,1000,0,6,bh,0.05,100,precision,0.0
nk_cells,1000,0,6,bh,0.05,100,recall,0.0
nk_cells,1000,0,6,bh,0.05,100,f1,0.0
nk_cells,1000,0,7,raw,-1.0,100,mae,0.050110701462551366
nk_cells,1000,0,7,raw,0.01,100,precision,0.6596412556053811
nk_cells,1000,0,7,raw,0.01,100,recall,0.6803885291396855
nk_cells,1000,0,7,raw,0.01,100,f1,0.6698542805100182
nk_cells,1000,0,7,raw,0.05,100,precision,0.801983975581839
nk_cells,1000,0,7,raw,0.05,100,recall,0.8101233299075026
nk_cells,1000,0,7,raw,0.05,100,f1,0.8060331053876142
nk_cells,1000,0,7,bh,-1.0,100,mae,0.02440779219378682
nk_cells,1000,0,7,bh,0.01,100,precision,0.0
nk_cells,1000,0,7,bh,0.01,100,recall,0.0
nk_cells,1000,0,7,bh,0.01,100,f1,0.0
nk_cells,1000,0,7,bh,0.05,100,precision,0.0
nk_cells,1000,0,7,bh,0.05,100,recall,0.0
nk_cells,1000,0,7,bh,0.05,100,f1,0.0
nk_cells,1000,0,8,raw,-1.0,100,mae,0.04796453941336414
nk_cells,1000,0,8,raw,0.01,100,precision,0.6309417040358745
nk_cells,1000,0,8,raw,0.01,100,recall,0.6326438848920863
nk_cells,1000,0,8,raw,0.01,100,f1,0.6317916479568927
nk_cells,1000,0,8,raw,0.05,100,precision,0.7836703548264021
nk_cells,1000,0,8,raw,0.05,100,recall,0.8053849170043131
nk_cells,1000,0,8,raw,0.05,100,f1,0.7943792703364703
nk_cells,1000,0,8,bh,-1.0,100,mae,0.024428808817397243
nk_cells,1000,0,8,bh,0.01,100,precision,0.0
nk_cells,1000,0,8,bh,0.01,100,recall,0.0
nk_cells,1000,0,8,bh,0.01,100,f1,0.0
nk_cells,1000,0,8,bh,0.05,100,precision,0.0
nk_cells,1000,0,8,bh,0.05,100,recall,0.0
nk_cells,1000,0,8,bh,0.05,100,f1,0.0
nk_cells,1000,0,9,raw,-1.0,100,mae,0.05217733410260025
nk_cells,1000,0,9,raw,0.01,100,precision,0.6538116591928251
nk_cells,1000,0,9,raw,0.01,100,recall,0.6400351185250219
nk_cells,1000,0,9,raw,0.01,100,f1,0.6468500443655724
nk_cells,1000,0,9,raw,0.05,100,precision,0.7981686379244564
nk_cells,1000,0,9,raw,0.05,100,recall,0.7996941896024465
nk_cells,1000,0,9,raw,0.05,100,f1,0.7989306855069697
nk_cells,1000,0,9,bh,-1.0,100,mae,0.02584935534202624
nk_cells,1000,0,9,bh,0.01,100,precision,0.0
nk_cells,1000,0,9,bh,0.01,100,recall,0.0
nk_cells,1000,0,9,bh,0.01,100,f1,0.0
nk_cells,1000,0,9,bh,0.05,100,precision,0.0
nk_cells,1000,0,9,bh,0.05,100,recall,0.0
nk_cells,1000,0,9,bh,0.05,100,f1,0.0
nk_cells,1000,1,2,raw,-1.0,100,mae,0.05032156891279903
nk_cells,1000,1,2,raw,0.01,100,precision,0.6247297881539127
nk_cells,1000,1,2,raw,0.01,100,recall,0.6752336448598131
nk_cells,1000,1,2,raw,0.01,100,f1,0.6490006737031215
nk_cells,1000,1,2,raw,0.05,100,precision,0.8008810572687225
nk_cells,1000,1,2,raw,0.05,100,recall,0.8176561295296839
nk_cells,1000,1,2,raw,0.05,100,f1,0.8091816621097475
nk_cells,1000,1,2,bh,-1.0,100,mae,0.02574082454361708
nk_cells,1000,1,2,bh,0.01,100,precision,0.0
nk_cells,1000,1,2,bh,0.01,100,recall,0.0
nk_cells,1000,1,2,bh,0.01,100,f1,0.0
nk_cells,1000,1,2,bh,0.05,100,precision,0.0
nk_cells,1000,1,2,bh,0.05,100,recall,0.0
nk_cells,1000,1,2,bh,0.05,100,f1,0.0
nk_cells,1000,1,3,raw,-1.0,100,mae,0.050373140615050604
nk_cells,1000,1,3,raw,0.01,100,precision,0.6281884997838305
nk_cells,1000,1,3,raw,0.01,100,recall,0.7036319612590799
nk_cells,1000,1,3,raw,0.01,100,f1,0.6637734125171311
nk_cells,1000,1,3,raw,0.05,100,precision,0.7880427942101951
nk_cells,1000,1,3,raw,0.05,100,recall,0.8252273625939106
nk_cells,1000,1,3,raw,0.05,100,f1,0.80620654133402
nk_cells,1000,1,3,bh,-1.0,100,mae,0.025653410863990308
nk_cells,1000,1,3,bh,0.01,100,precision,0.0
nk_cells,1000,1,3,bh,0.01,100,recall,0.0
nk_cells,1000,1,3,bh,0.01,100,f1,0.0
nk_cells,1000,1,3,bh,0.05,100,precision,0.0
nk_cells,1000,1,3,bh,0.05,100,recall,0.0
nk_cells,1000,1,3,bh,0.05,100,f1,0.0
nk_cells,1000,1,4,raw,-1.0,100,mae,0.05254716823178931
nk_cells,1000,1,4,raw,0.01,100,precision,0.6039775183744055
nk_cells,1000,1,4,raw,0.01,100,recall,0.629562866155926
nk_cells,1000,1,4,raw,0.01,100,f1,0.616504854368932
nk_cells,1000,1,4,raw,0.05,100,precision,0.770547514159849
nk_cells,1000,1,4,raw,0.05,100,recall,0.7908538948456272
nk_cells,1000,1,4,raw,0.05,100,f1,0.7805686599515491
nk_cells,1000,1,4,bh,-1.0,100,mae,0.026933870455469456
nk_cells,1000,1,4,bh,0.01,100,precision,0.0
nk_cells,1000,1,4,bh,0.01,100,recall,0.0
nk_cells,1000,1,4,bh,0.01,100,f1,0.0
nk_cells,1000,1,4,bh,0.05,100,precision,0.0
nk_cells,1000,1,4,bh,0.05,100,recall,0.0
nk_cells,1000,1,4,bh,0.05,100,f1,0.0
nk_cells,1000,1,5,raw,-1.0,100,mae,0.05208886717793643
nk_cells,1000,1,5,raw,0.01,100,precision,0.6230004323389537
nk_cells,1000,1,5,raw,0.01,100,recall,0.6888145315487572
nk_cells,1000,1,5,raw,0.01,100,f1,0.6542565266742338
nk_cells,1000,1,5,raw,0.05,100,precision,0.7948395217117684
nk_cells,1000,1,5,raw,0.05,100,recall,0.8107587623571704
nk_cells,1000,1,5,raw,0.05,100,f1,0.8027202237193339
nk_cells,1000,1,5,bh,-1.0,100,mae,0.02584696481004415
nk_cells,1000,1,5,bh,0.01,100,precision,0.0
nk_cells,1000,1,5,bh,0.01,100,recall,0.0
nk_cells,1000,1,5,bh,0.01,100,f1,0.0
nk_cells,1000,1,5,bh,0.05,100,precision,0.0
nk_cells,1000,1,5,bh,0.05,100,recall,0.0
nk_cells,1000,1,5,bh,0.05,100,f1,0.0
nk_cells,1000,1,6,raw,-1.0,100,mae,0.0502252569818713
nk_cells,1000,1,6,raw,0.01,100,precision,0.6160830090791181
nk_cells,1000,1,6,raw,0.01,100,recall,0.6609461966604824
nk_cells,1000,1,6,raw,0.01,100,f1,0.6377265607518461
nk_cells,1000,1,6,raw,0.05,100,precision,0.7881686595342983
nk_cells,1000,1,6,raw,0.05,100,recall,0.8106148867313916
nk_cells,1000,1,6,raw,0.05,100,f1,0.799234205488194
nk_cells,1000,1,6,bh,-1.0,100,mae,0.025941115229153027
nk_cells,1000,1,6,bh,0.01,100,precision,0.0
nk_cells,1000,1,6,bh,0.01,100,recall,0.0
nk_cells,1000,1,6,bh,0.01,100,f1,0.0
nk_cells,1000,1,6,bh,0.05,100,precision,0.0
nk_cells,1000,1,6,bh,0.05,100,recall,0.0
nk_cells,1000,1,6,bh,0.05,100,f1,0.0
nk_cells,1000,1,7,raw,-1.0,100,mae,0.04868352897234525
nk_cells,1000,1,7,raw,0.01,100,precision,0.6255944660613921
nk_cells,1000,1,7,raw,0.01,100,recall,0.6692876965772433
nk_cells,1000,1,7,raw,0.01,100,f1,0.6467039106145251
nk_cells,1000,1,7,raw,0.05,100,precision,0.7984896161107615
nk_cells,1000,1,7,raw,0.05,100,recall,0.8150051387461459
nk_cells,1000,1,7,raw,0.05,100,f1,0.8066628520567105
nk_cells,1000,1,7,bh,-1.0,100,mae,0.024867009807159807
nk_cells,1000,1,7,bh,0.01,100,precision,0.0
nk_cells,1000,1,7,bh,0.01,100,recall,0.0
nk_cells,1000,1,7,bh,0.01,100,f1,0.0
nk_cells,1000,1,7,bh,0.05,100,precision,0.0
nk_cells,1000,1,7,bh,0.05,100,recall,0.0
nk_cells,1000,1,7,bh,0.05,100,f1,0.0
nk_cells,1000,1,8,raw,-1.0,100,mae,0.050913063957229665
nk_cells,1000,1,8,raw,0.01,100,precision,0.6052745352356247
nk_cells,1000,1,8,raw,0.01,100,recall,0.6294964028776978
nk_cells,1000,1,8,raw,0.01,100,f1,0.6171478950848578
nk_cells,1000,1,8,raw,0.05,100,precision,0.7695405915670233
nk_cells,1000,1,8,raw,0.05,100,recall,0.7991112272905503
nk_cells,1000,1,8,raw,0.05,100,f1,0.7840471915875865
nk_cells,1000,1,8,bh,-1.0,100,mae,0.026507701345813588
nk_cells,1000,1,8,bh,0.01,100,precision,0.0
nk_cells,1000,1,8,bh,0.01,100,recall,0.0
nk_cells,1000,1,8,bh,0.01,100,f1,0.0
nk_cells,1000,1,8,bh,0.05,100,precision,0.0
nk_cells,1000,1,8,bh,0.05,100,recall,0.0
nk_cells,1000,1,8,bh,0.05,100,f1,0.0
nk_cells,1000,1,9,raw,-1.0,100,mae,0.05020951431829476
nk_cells,1000,1,9,raw,0.01,100,precision,0.6247297881539127
nk_cells,1000,1,9,raw,0.01,100,recall,0.6343283582089553
nk_cells,1000,1,9,raw,0.01,100,f1,0.6294924852973208
nk_cells,1000,1,9,raw,0.05,100,precision,0.794587791063562
nk_cells,1000,1,9,raw,0.05,100,recall,0.8044087665647298
nk_cells,1000,1,9,raw,0.05,100,f1,0.7994681187868042
nk_cells,1000,1,9,bh,-1.0,100,mae,0.025700314757666206
nk_cells,1000,1,9,bh,0.01,100,precision,0.0
nk_cells,1000,1,9,bh,0.01,100,recall,0.0
nk_cells,1000,1,9,bh,0.01,100,f1,0.0
nk_cells,1000,1,9,bh,0.05,100,precision,0.0
nk_cells,1000,1,9,bh,0.05,100,recall,0.0
nk_cells,1000,1,9,bh,0.05,100,f1,0.0
nk_cells,1000,2,3,raw,-1.0,100,mae,0.04913085228253353
nk_cells,1000,2,3,raw,0.01,100,precision,0.6789719626168225
nk_cells,1000,2,3,raw,0.01,100,recall,0.7036319612590799
nk_cells,1000,2,3,raw,0.01,100,f1,0.6910820451843044
nk_cells,1000,2,3,raw,0.05,100,precision,0.8158571061423798
nk_cells,1000,2,3,raw,0.05,100,recall,0.8368261499934098
nk_cells,1000,2,3,raw,0.05,100,f1,0.8262086017307567
nk_cells,1000,2,3,bh,-1.0,100,mae,0.023410505072005143
nk_cells,1000,2,3,bh,0.01,100,precision,0.0
nk_cells,1000,2,3,bh,0.01,100,recall,0.0
nk_cells,1000,2,3,bh,0.01,100,f1,0.0
nk_cells,1000,2,3,bh,0.05,100,precision,0.0
nk_cells,1000,2,3,bh,0.05,100,recall,0.0
nk_cells,1000,2,3,bh,0.05,100,f1,0.0
nk_cells,1000,2,4,raw,-1.0,100,mae,0.04940014923413258
nk_cells,1000,2,4,raw,0.01,100,precision,0.655607476635514
nk_cells,1000,2,4,raw,0.01,100,recall,0.6322667868409193
nk_cells,1000,2,4,raw,0.01,100,f1,0.6437256251433815
nk_cells,1000,2,4,raw,0.05,100,precision,0.795810845540992
nk_cells,1000,2,4,raw,0.05,100,recall,0.8000258364552384
nk_cells,1000,2,4,raw,0.05,100,f1,0.7979127745925401
nk_cells,1000,2,4,bh,-1.0,100,mae,0.02417349586695781
nk_cells,1000,2,4,bh,0.01,100,precision,0.0
nk_cells,1000,2,4,bh,0.01,100,recall,0.0
nk_cells,1000,2,4,bh,0.01,100,f1,0.0
nk_cells,1000,2,4,bh,0.05,100,precision,0.0
nk_cells,1000,2,4,bh,0.05,100,recall,0.0
nk_cells,1000,2,4,bh,0.05,100,f1,0.0
nk_cells,1000,2,5,raw,-1.0,100,mae,0.05576502921554045
nk_cells,1000,2,5,raw,0.01,100,precision,0.6406542056074767
nk_cells,1000,2,5,raw,0.01,100,recall,0.6553537284894837
nk_cells,1000,2,5,raw,0.01,100,f1,0.6479206049149339
nk_cells,1000,2,5,raw,0.05,100,precision,0.8093035209457723
nk_cells,1000,2,5,raw,0.05,100,recall,0.8085761972011811
nk_cells,1000,2,5,raw,0.05,100,f1,0.808939695587952
nk_cells,1000,2,5,bh,-1.0,100,mae,0.02650275953913279
nk_cells,1000,2,5,bh,0.01,100,precision,0.0
nk_cells,1000,2,5,bh,0.01,100,recall,0.0
nk_cells,1000,2,5,bh,0.01,100,f1,0.0
nk_cells,1000,2,5,bh,0.05,100,precision,0.0
nk_cells,1000,2,5,bh,0.05,100,recall,0.0
nk_cells,1000,2,5,bh,0.05,100,f1,0.0
nk_cells,1000,2,6,raw,-1.0,100,mae,0.04859727339172897
nk_cells,1000,2,6,raw,0.01,100,precision,0.6789719626168225
nk_cells,1000,2,6,raw,0.01,100,recall,0.6739332096474954
nk_cells,1000,2,6,raw,0.01,100,f1,0.6764432029795159
nk_cells,1000,2,6,raw,0.05,100,precision,0.8189411462349011
nk_cells,1000,2,6,raw,0.05,100,recall,0.8249838187702265
nk_cells,1000,2,6,raw,0.05,100,f1,0.8219513767975752
nk_cells,1000,2,6,bh,-1.0,100,mae,0.023330174510794093
nk_cells,1000,2,6,bh,0.01,100,precision,0.0
nk_cells,1000,2,6,bh,0.01,100,recall,0.0
nk_cells,1000,2,6,bh,0.01,100,f1,0.0
nk_cells,1000,2,6,bh,0.05,100,precision,0.0
nk_cells,1000,2,6,bh,0.05,100,recall,0.0
nk_cells,1000,2,6,bh,0.05,100,f1,0.0
nk_cells,1000,2,7,raw,-1.0,100,mae,0.0481430527941543
nk_cells,1000,2,7,raw,0.01,100,precision,0.6719626168224299
nk_cells,1000,2,7,raw,0.01,100,recall,0.6651248843663274
nk_cells,1000,2,7,raw,0.01,100,f1,0.6685262668526267
nk_cells,1000,2,7,raw,0.05,100,precision,0.816242611153945
nk_cells,1000,2,7,raw,0.05,100,recall,0.816032887975334
nk_cells,1000,2,7,raw,0.05,100,f1,0.8161377360914814
nk_cells,1000,2,7,bh,-1.0,100,mae,0.023416934310690075
nk_cells,1000,2,7,bh,0.01,100,precision,0.0
nk_cells,1000,2,7,bh,0.01,100,recall,0.0
nk_cells,1000,2,7,bh,0.01,100,f1,0.0
nk_cells,1000,2,7,bh,0.05,100,precision,0.0
nk_cells,1000,2,7,bh,0.05,100,recall,0.0
nk_cells,1000,2,7,bh,0.05,100,f1,0.0
nk_cells,1000,2,8,raw,-1.0,100,mae,0.05113107878734526
nk_cells,1000,2,8,raw,0.01,100,precision,0.6485981308411215
nk_cells,1000,2,8,raw,0.01,100,recall,0.6241007194244604
nk_cells,1000,2,8,raw,0.01,100,f1,0.6361136571952337
nk_cells,1000,2,8,raw,0.05,100,precision,0.7910562837316885
nk_cells,1000,2,8,raw,0.05,100,recall,0.8046007057900928
nk_cells,1000,2,8,raw,0.05,100,f1,0.7977710101730059
nk_cells,1000,2,8,bh,-1.0,100,mae,0.02509095712492808
nk_cells,1000,2,8,bh,0.01,100,precision,0.0
nk_cells,1000,2,8,bh,0.01,100,recall,0.0
nk_cells,1000,2,8,bh,0.01,100,f1,0.0
nk_cells,1000,2,8,bh,0.05,100,precision,0.0
nk_cells,1000,2,8,bh,0.05,100,recall,0.0
nk_cells,1000,2,8,bh,0.05,100,f1,0.0
nk_cells,1000,2,9,raw,-1.0,100,mae,0.05184581677413974
nk_cells,1000,2,9,raw,0.01,100,precision,0.6406542056074767
nk_cells,1000,2,9,raw,0.01,100,recall,0.6018437225636524
nk_cells,1000,2,9,raw,0.01,100,f1,0.6206428248076052
nk_cells,1000,2,9,raw,0.05,100,precision,0.7996658956566436
nk_cells,1000,2,9,raw,0.05,100,recall,0.792940876656473
nk_cells,1000,2,9,raw,0.05,100,f1,0.7962891874600128
nk_cells,1000,2,9,bh,-1.0,100,mae,0.02609802377378255
nk_cells,1000,2,9,bh,0.01,100,precision,0.0
nk_cells,1000,2,9,bh,0.01,100,recall,0.0
nk_cells,1000,2,9,bh,0.01,100,f1,0.0
nk_cells,1000,2,9,bh,0.05,100,precision,0.0
nk_cells,1000,2,9,bh,0.05,100,recall,0.0
nk_cells,1000,2,9,bh,0.05,100,f1,0.0
nk_cells,1000,3,4,raw,-1.0,100,mae,0.049013479932105426
nk_cells,1000,3,4,raw,0.01,100,precision,0.6924939467312349
nk_cells,1000,3,4,raw,0.01,100,recall,0.644434429923389
nk_cells,1000,3,4,raw,0.01,100,f1,0.6676003734827264
nk_cells,1000,3,4,raw,0.05,100,precision,0.8195597732964282
nk_cells,1000,3,4,raw,0.05,100,recall,0.803255393360031
nk_cells,1000,3,4,raw,0.05,100,f1,0.8113256784968684
nk_cells,1000,3,4,bh,-1.0,100,mae,0.024146122253660824
nk_cells,1000,3,4,bh,0.01,100,precision,0.0
nk_cells,1000,3,4,bh,0.01,100,recall,0.0
nk_cells,1000,3,4,bh,0.01,100,f1,0.0
nk_cells,1000,3,4,bh,0.05,100,precision,0.0
nk_cells,1000,3,4,bh,0.05,100,recall,0.0
nk_cells,1000,3,4,bh,0.05,100,f1,0.0
nk_cells,1000,3,5,raw,-1.0,100,mae,0.04803059015402223
nk_cells,1000,3,5,raw,0.01,100,precision,0.6847457627118644
nk_cells,1000,3,5,raw,0.01,100,recall,0.6759082217973231
nk_cells,1000,3,5,raw,0.01,100,f1,0.680298292037527
nk_cells,1000,3,5,raw,0.05,100,precision,0.8345854751548701
nk_cells,1000,3,5,raw,0.05,100,recall,0.8129413275131596
nk_cells,1000,3,5,raw,0.05,100,f1,0.823621227887617
nk_cells,1000,3,5,bh,-1.0,100,mae,0.02317912074832892
nk_cells,1000,3,5,bh,0.01,100,precision,0.0
nk_cells,1000,3,5,bh,0.01,100,recall,0.0
nk_cells,1000,3,5,bh,0.01,100,f1,0.0
nk_cells,1000,3,5,bh,0.05,100,precision,0.0
nk_cells,1000,3,5,bh,0.05,100,recall,0.0
nk_cells,1000,3,5,bh,0.05,100,f1,0.0
nk_cells,1000,3,6,raw,-1.0,100,mae,0.0505988819865704
nk_cells,1000,3,6,raw,0.01,100,precision,0.7041162227602905
nk_cells,1000,3,6,raw,0.01,100,recall,0.6743970315398887
nk_cells,1000,3,6,raw,0.01,100,f1,0.6889362710258232
nk_cells,1000,3,6,raw,0.05,100,precision,0.8262817978120469
nk_cells,1000,3,6,raw,0.05,100,recall,0.8115210355987055
nk_cells,1000,3,6,raw,0.05,100,f1,0.8188349007314525
nk_cells,1000,3,6,bh,-1.0,100,mae,0.023900959463564523
nk_cells,1000,3,6,bh,0.01,100,precision,0.0
nk_cells,1000,3,6,bh,0.01,100,recall,0.0
nk_cells,1000,3,6,bh,0.01,100,f1,0.0
nk_cells,1000,3,6,bh,0.05,100,precision,0.0
nk_cells,1000,3,6,bh,0.05,100,recall,0.0
nk_cells,1000,3,6,bh,0.05,100,f1,0.0
nk_cells,1000,3,7,raw,-1.0,100,mae,0.046082448699187394
nk_cells,1000,3,7,raw,0.01,100,precision,0.711864406779661
nk_cells,1000,3,7,raw,0.01,100,recall,0.6799259944495837
nk_cells,1000,3,7,raw,0.01,100,f1,0.6955287437899219
nk_cells,1000,3,7,raw,0.05,100,precision,0.8459206537498353
nk_cells,1000,3,7,raw,0.05,100,recall,0.8245118191161357
nk_cells,1000,3,7,raw,0.05,100,f1,0.835079044954785
nk_cells,1000,3,7,bh,-1.0,100,mae,0.022009997730162753
nk_cells,1000,3,7,bh,0.01,100,precision,0.0
nk_cells,1000,3,7,bh,0.01,100,recall,0.0
nk_cells,1000,3,7,bh,0.01,100,f1,0.0
nk_cells,1000,3,7,bh,0.05,100,precision,0.0
nk_cells,1000,3,7,bh,0.05,100,recall,0.0
nk_cells,1000,3,7,bh,0.05,100,f1,0.0
nk_cells,1000,3,8,raw,-1.0,100,mae,0.04552103056635575
nk_cells,1000,3,8,raw,0.01,100,precision,0.7123486682808716
nk_cells,1000,3,8,raw,0.01,100,recall,0.6614208633093526
nk_cells,1000,3,8,raw,0.01,100,f1,0.6859407787363022
nk_cells,1000,3,8,raw,0.05,100,precision,0.830104125477791
nk_cells,1000,3,8,raw,0.05,100,recall,0.8231603711933081
nk_cells,1000,3,8,raw,0.05,100,f1,0.8266176663604148
nk_cells,1000,3,8,bh,-1.0,100,mae,0.022259931688516293
nk_cells,1000,3,8,bh,0.01,100,precision,0.0
nk_cells,1000,3,8,bh,0.01,100,recall,0.0
nk_cells,1000,3,8,bh,0.01,100,f1,0.0
nk_cells,1000,3,8,bh,0.05,100,precision,0.0
nk_cells,1000,3,8,bh,0.05,100,recall,0.0
nk_cells,1000,3,8,bh,0.05,100,f1,0.0
nk_cells,1000,3,9,raw,-1.0,100,mae,0.05242052929678102
nk_cells,1000,3,9,raw,0.01,100,precision,0.6789346246973366
nk_cells,1000,3,9,raw,0.01,100,recall,0.6154521510096576
nk_cells,1000,3,9,raw,0.01,100,f1,0.6456366566889247
nk_cells,1000,3,9,raw,0.05,100,precision,0.8177145116646896
nk_cells,1000,3,9,raw,0.05,100,recall,0.790519877675841
nk_cells,1000,3,9,raw,0.05,100,f1,0.8038872691933916
nk_cells,1000,3,9,bh,-1.0,100,mae,0.025807777787601516
nk_cells,1000,3,9,bh,0.01,100,precision,0.0
nk_cells,1000,3,9,bh,0.01,100,recall,0.0
nk_cells,1000,3,9,bh,0.01,100,f1,0.0
nk_cells,1000,3,9,bh,0.05,100,precision,0.0
nk_cells,1000,3,9,bh,0.05,100,recall,0.0
nk_cells,1000,3,9,bh,0.05,100,f1,0.0
nk_cells,1000,4,5,raw,-1.0,100,mae,0.05118490132193095
nk_cells,1000,4,5,raw,0.01,100,precision,0.6277602523659306
nk_cells,1000,4,5,raw,0.01,100,recall,0.6658699808795411
nk_cells,1000,4,5,raw,0.01,100,f1,0.646253769427047
nk_cells,1000,4,5,raw,0.05,100,precision,0.8072600439219739
nk_cells,1000,4,5,raw,0.05,100,recall,0.8022852741045063
nk_cells,1000,4,5,raw,0.05,100,f1,0.8047649710238248
nk_cells,1000,4,5,bh,-1.0,100,mae,0.025111254048710417
nk_cells,1000,4,5,bh,0.01,100,precision,0.0
nk_cells,1000,4,5,bh,0.01,100,recall,0.0
nk_cells,1000,4,5,bh,0.01,100,f1,0.0
nk_cells,1000,4,5,bh,0.05,100,precision,0.0
nk_cells,1000,4,5,bh,0.05,100,recall,0.0
nk_cells,1000,4,5,bh,0.05,100,f1,0.0
nk_cells,1000,4,6,raw,-1.0,100,mae,0.04699221933331769
nk_cells,1000,4,6,raw,0.01,100,precision,0.6421811626858945
nk_cells,1000,4,6,raw,0.01,100,recall,0.6609461966604824
nk_cells,1000,4,6,raw,0.01,100,f1,0.6514285714285715
nk_cells,1000,4,6,raw,0.05,100,precision,0.8033845756362227
nk_cells,1000,4,6,raw,0.05,100,recall,0.8050485436893204
nk_cells,1000,4,6,raw,0.05,100,f1,0.8042156989525411
nk_cells,1000,4,6,bh,-1.0,100,mae,0.023445076695297214
nk_cells,1000,4,6,bh,0.01,100,precision,0.0
nk_cells,1000,4,6,bh,0.01,100,recall,0.0
nk_cells,1000,4,6,bh,0.01,100,f1,0.0
nk_cells,1000,4,6,bh,0.05,100,precision,0.0
nk_cells,1000,4,6,bh,0.05,100,recall,0.0
nk_cells,1000,4,6,bh,0.05,100,f1,0.0
nk_cells,1000,4,7,raw,-1.0,100,mae,0.04969134902201204
nk_cells,1000,4,7,raw,0.01,100,precision,0.629562866155926
nk_cells,1000,4,7,raw,0.01,100,recall,0.6461609620721555
nk_cells,1000,4,7,raw,0.01,100,f1,0.6377539374572015
nk_cells,1000,4,7,raw,0.05,100,precision,0.7982172845885545
nk_cells,1000,4,7,raw,0.05,100,recall,0.7938078108941419
nk_cells,1000,4,7,raw,0.05,100,f1,0.7960064412238326
nk_cells,1000,4,7,bh,-1.0,100,mae,0.024604198001612666
nk_cells,1000,4,7,bh,0.01,100,precision,0.0
nk_cells,1000,4,7,bh,0.01,100,recall,0.0
nk_cells,1000,4,7,bh,0.01,100,f1,0.0
nk_cells,1000,4,7,bh,0.05,100,precision,0.0
nk_cells,1000,4,7,bh,0.05,100,recall,0.0
nk_cells,1000,4,7,bh,0.05,100,f1,0.0
nk_cells,1000,4,8,raw,-1.0,100,mae,0.04697781927148429
nk_cells,1000,4,8,raw,0.01,100,precision,0.6376746282109058
nk_cells,1000,4,8,raw,0.01,100,recall,0.6362410071942446
nk_cells,1000,4,8,raw,0.01,100,f1,0.6369570110285843
nk_cells,1000,4,8,raw,0.05,100,precision,0.7855574215217672
nk_cells,1000,4,8,raw,0.05,100,recall,0.7947980656123382
nk_cells,1000,4,8,raw,0.05,100,f1,0.7901507276507277
nk_cells,1000,4,8,bh,-1.0,100,mae,0.023722689520056694
nk_cells,1000,4,8,bh,0.01,100,precision,0.0
nk_cells,1000,4,8,bh,0.01,100,recall,0.0
nk_cells,1000,4,8,bh,0.01,100,f1,0.0
nk_cells,1000,4,8,bh,0.05,100,precision,0.0
nk_cells,1000,4,8,bh,0.05,100,recall,0.0
nk_cells,1000,4,8,bh,0.05,100,f1,0.0
nk_cells,1000,4,9,raw,-1.0,100,mae,0.05240240417324849
nk_cells,1000,4,9,raw,0.01,100,precision,0.6538981523208652
nk_cells,1000,4,9,raw,0.01,100,recall,0.6369622475856014
nk_cells,1000,4,9,raw,0.01,100,f1,0.6453191016233044
nk_cells,1000,4,9,raw,0.05,100,precision,0.799250742798088
nk_cells,1000,4,9,raw,0.05,100,recall,0.7883537206931702
nk_cells,1000,4,9,raw,0.05,100,f1,0.793764834177946
nk_cells,1000,4,9,bh,-1.0,100,mae,0.026114989327351245
nk_cells,1000,4,9,bh,0.01,100,precision,0.0
nk_cells,1000,4,9,bh,0.01,100,recall,0.0
nk_cells,1000,4,9,bh,0.01,100,f1,0.0
nk_cells,1000,4,9,bh,0.05,100,precision,0.0
nk_cells,1000,4,9,bh,0.05,100,recall,0.0
nk_cells,1000,4,9,bh,0.05,100,f1,0.0
nk_cells,1000,5,6,raw,-1.0,100,mae,0.04964346289317302
nk_cells,1000,5,6,raw,0.01,100,precision,0.6826003824091779
nk_cells,1000,5,6,raw,0.01,100,recall,0.6623376623376623
nk_cells,1000,5,6,raw,0.01,100,f1,0.672316384180791
nk_cells,1000,5,6,raw,0.05,100,precision,0.810373603800231
nk_cells,1000,5,6,raw,0.05,100,recall,0.8170873786407767
nk_cells,1000,5,6,raw,0.05,100,f1,0.8137166430321
nk_cells,1000,5,6,bh,-1.0,100,mae,0.02405358905568674
nk_cells,1000,5,6,bh,0.01,100,precision,0.0
nk_cells,1000,5,6,bh,0.01,100,recall,0.0
nk_cells,1000,5,6,bh,0.01,100,f1,0.0
nk_cells,1000,5,6,bh,0.05,100,precision,0.0
nk_cells,1000,5,6,bh,0.05,100,recall,0.0
nk_cells,1000,5,6,bh,0.05,100,f1,0.0
nk_cells,1000,5,7,raw,-1.0,100,mae,0.051196800458948664
nk_cells,1000,5,7,raw,0.01,100,precision,0.6701720841300192
nk_cells,1000,5,7,raw,0.01,100,recall,0.6484736355226642
nk_cells,1000,5,7,raw,0.01,100,f1,0.6591443347437705
nk_cells,1000,5,7,raw,0.05,100,precision,0.8084478110155348
nk_cells,1000,5,7,raw,0.05,100,recall,0.808967112024666
nk_cells,1000,5,7,raw,0.05,100,f1,0.8087073781544982
nk_cells,1000,5,7,bh,-1.0,100,mae,0.024602439524756704
nk_cells,1000,5,7,bh,0.01,100,precision,0.0
nk_cells,1000,5,7,bh,0.01,100,recall,0.0
nk_cells,1000,5,7,bh,0.01,100,f1,0.0
nk_cells,1000,5,7,bh,0.05,100,precision,0.0
nk_cells,1000,5,7,bh,0.05,100,recall,0.0
nk_cells,1000,5,7,bh,0.05,100,f1,0.0
nk_cells,1000,5,8,raw,-1.0,100,mae,0.0519625046609341
nk_cells,1000,5,8,raw,0.01,100,precision,0.6639579349904398
nk_cells,1000,5,8,raw,0.01,100,recall,0.6245503597122302
nk_cells,1000,5,8,raw,0.01,100,f1,0.6436515291936978
nk_cells,1000,5,8,raw,0.05,100,precision,0.7889331107972782
nk_cells,1000,5,8,raw,0.05,100,recall,0.8031629852306889
nk_cells,1000,5,8,raw,0.05,100,f1,0.7959844559585493
nk_cells,1000,5,8,bh,-1.0,100,mae,0.02580467178896618
nk_cells,1000,5,8,bh,0.01,100,precision,0.0
nk_cells,1000,5,8,bh,0.01,100,recall,0.0
nk_cells,1000,5,8,bh,0.01,100,f1,0.0
nk_cells,1000,5,8,bh,0.05,100,precision,0.0
nk_cells,1000,5,8,bh,0.05,100,recall,0.0
nk_cells,1000,5,8,bh,0.05,100,f1,0.0
nk_cells,1000,5,9,raw,-1.0,100,mae,0.04910392127109741
nk_cells,1000,5,9,raw,0.01,100,precision,0.6548757170172084
nk_cells,1000,5,9,raw,0.01,100,recall,0.6014047410008779
nk_cells,1000,5,9,raw,0.01,100,f1,0.6270022883295194
nk_cells,1000,5,9,raw,0.05,100,precision,0.8003594813198099
nk_cells,1000,5,9,raw,0.05,100,recall,0.7943425076452599
nk_cells,1000,5,9,raw,0.05,100,f1,0.7973396431540577
nk_cells,1000,5,9,bh,-1.0,100,mae,0.02470063035709092
nk_cells,1000,5,9,bh,0.01,100,precision,0.0
nk_cells,1000,5,9,bh,0.01,100,recall,0.0
nk_cells,1000,5,9,bh,0.01,100,f1,0.0
nk_cells,1000,5,9,bh,0.05,100,precision,0.0
nk_cells,1000,5,9,bh,0.05,100,recall,0.0
nk_cells,1000,5,9,bh,0.05,100,f1,0.0
nk_cells,1000,6,7,raw,-1.0,100,mae,0.04803510498145262
nk_cells,1000,6,7,raw,0.01,100,precision,0.6948051948051948
nk_cells,1000,6,7,raw,0.01,100,recall,0.692876965772433
nk_cells,1000,6,7,raw,0.01,100,f1,0.6938397406206577
nk_cells,1000,6,7,raw,0.05,100,precision,0.8261488673139159
nk_cells,1000,6,7,raw,0.05,100,recall,0.8198869475847893
nk_cells,1000,6,7,raw,0.05,100,f1,0.8230059965181508
nk_cells,1000,6,7,bh,-1.0,100,mae,0.023108459908701806
nk_cells,1000,6,7,bh,0.01,100,precision,0.0
nk_cells,1000,6,7,bh,0.01,100,recall,0.0
nk_cells,1000,6,7,bh,0.01,100,f1,0.0
nk_cells,1000,6,7,bh,0.05,100,precision,0.0
nk_cells,1000,6,7,bh,0.05,100,recall,0.0
nk_cells,1000,6,7,bh,0.05,100,f1,0.0
nk_cells,1000,6,8,raw,-1.0,100,mae,0.04642569404875719
nk_cells,1000,6,8,raw,0.01,100,precision,0.699443413729128
nk_cells,1000,6,8,raw,0.01,100,recall,0.6780575539568345
nk_cells,1000,6,8,raw,0.01,100,f1,0.6885844748858447
nk_cells,1000,6,8,raw,0.05,100,precision,0.8044012944983818
nk_cells,1000,6,8,raw,0.05,100,recall,0.812181414194223
nk_cells,1000,6,8,raw,0.05,100,f1,0.8082726326742976
nk_cells,1000,6,8,bh,-1.0,100,mae,0.022372438877584354
nk_cells,1000,6,8,bh,0.01,100,precision,0.0
nk_cells,1000,6,8,bh,0.01,100,recall,0.0
nk_cells,1000,6,8,bh,0.01,100,f1,0.0
nk_cells,1000,6,8,bh,0.05,100,precision,0.0
nk_cells,1000,6,8,bh,0.05,100,recall,0.0
nk_cells,1000,6,8,bh,0.05,100,f1,0.0
nk_cells,1000,6,9,raw,-1.0,100,mae,0.053395534580313764
nk_cells,1000,6,9,raw,0.01,100,precision,0.6238404452690167
nk_cells,1000,6,9,raw,0.01,100,recall,0.5904302019315188
nk_cells,1000,6,9,raw,0.01,100,f1,0.6066756878664863
nk_cells,1000,6,9,raw,0.05,100,precision,0.7910679611650485
nk_cells,1000,6,9,raw,0.05,100,recall,0.7786697247706422
nk_cells,1000,6,9,raw,0.05,100,f1,0.7848198805625121
nk_cells,1000,6,9,bh,-1.0,100,mae,0.02691332903753471
nk_cells,1000,6,9,bh,0.01,100,precision,0.0
nk_cells,1000,6,9,bh,0.01,100,recall,0.0
nk_cells,1000,6,9,bh,0.01,100,f1,0.0
nk_cells,1000,6,9,bh,0.05,100,precision,0.0
nk_cells,1000,6,9,bh,0.05,100,recall,0.0
nk_cells,1000,6,9,bh,0.05,100,f1,0.0
nk_cells,1000,7,8,raw,-1.0,100,mae,0.05015294076641184
nk_cells,1000,7,8,raw,0.01,100,precision,0.6609620721554117
nk_cells,1000,7,8,raw,0.01,100,recall,0.6425359712230215
nk_cells,1000,7,8,raw,0.01,100,f1,0.6516187870497036
nk_cells,1000,7,8,raw,0.05,100,precision,0.7968910585817061
nk_cells,1000,7,8,raw,0.05,100,recall,0.810743693634819
nk_cells,1000,7,8,raw,0.05,100,f1,0.8037576935536119
nk_cells,1000,7,8,bh,-1.0,100,mae,0.024671225743919212
nk_cells,1000,7,8,bh,0.01,100,precision,0.0
nk_cells,1000,7,8,bh,0.01,100,recall,0.0
nk_cells,1000,7,8,bh,0.01,100,f1,0.0
nk_cells,1000,7,8,bh,0.05,100,precision,0.0
nk_cells,1000,7,8,bh,0.05,100,recall,0.0
nk_cells,1000,7,8,bh,0.05,100,f1,0.0
nk_cells,1000,7,9,raw,-1.0,100,mae,0.04845973568962924
nk_cells,1000,7,9,raw,0.01,100,precision,0.6484736355226642
nk_cells,1000,7,9,raw,0.01,100,recall,0.6154521510096576
nk_cells,1000,7,9,raw,0.01,100,f1,0.6315315315315315
nk_cells,1000,7,9,raw,0.05,100,precision,0.8047276464542652
nk_cells,1000,7,9,raw,0.05,100,recall,0.7981651376146789
nk_cells,1000,7,9,raw,0.05,100,f1,0.8014329580348004
nk_cells,1000,7,9,bh,-1.0,100,mae,0.02461228860989691
nk_cells,1000,7,9,bh,0.01,100,precision,0.0
nk_cells,1000,7,9,bh,0.01,100,recall,0.0
nk_cells,1000,7,9,bh,0.01,100,f1,0.0
nk_cells,1000,7,9,bh,0.05,100,precision,0.0
nk_cells,1000,7,9,bh,0.05,100,recall,0.0
nk_cells,1000,7,9,bh,0.05,100,f1,0.0
nk_cells,1000,8,9,raw,-1.0,100,mae,0.049893450072642655
nk_cells,1000,8,9,raw,0.01,100,precision,0.6816546762589928
nk_cells,1000,8,9,raw,0.01,100,recall,0.6654960491659351
nk_cells,1000,8,9,raw,0.01,100,f1,0.6734784540204354
nk_cells,1000,8,9,raw,0.05,100,precision,0.818847209515096
nk_cells,1000,8,9,raw,0.05,100,recall,0.7982925586136596
nk_cells,1000,8,9,raw,0.05,100,f1,0.8084392541454287
nk_cells,1000,8,9,bh,-1.0,100,mae,0.024929846739025055
nk_cells,1000,8,9,bh,0.01,100,precision,0.0
nk_cells,1000,8,9,bh,0.01,100,recall,0.0
nk_cells,1000,8,9,bh,0.01,100,f1,0.0
nk_cells,1000,8,9,bh,0.05,100,precision,0.0
nk_cells,1000,8,9,bh,0.05,100,recall,0.0
nk_cells,1000,8,9,bh,0.05,100,f1,0.0
nk_cells,3000,-1,0,raw,-1.0,100,mae,0.0490042372650668
nk_cells,3000,-1,0,raw,0.01,100,precision,0.6706976744186046
nk_cells,3000,-1,0,raw,0.01,100,recall,0.661164603392939
nk_cells,3000,-1,0,raw,0.01,100,f1,0.6658970214731009
nk_cells,3000,-1,0,raw,0.05,100,precision,0.8262947178096345
nk_cells,3000,-1,0,raw,0.05,100,recall,0.8104889789713706
nk_cells,3000,-1,0,raw,0.05,100,f1,0.8183155336701413
nk_cells,3000,-1,0,bh,-1.0,100,mae,0.024964534123420132
nk_cells,3000,-1,0,bh,0.01,100,precision,0.0
nk_cells,3000,-1,0,bh,0.01,100,recall,0.0
nk_cells,3000,-1,0,bh,0.01,100,f1,0.0
nk_cells,3000,-1,0,bh,0.05,100,precision,0.0
nk_cells,3000,-1,0,bh,0.05,100,recall,0.0
nk_cells,3000,-1,0,bh,0.05,100,f1,0.0
nk_cells,3000,-1,1,raw,-1.0,100,mae,0.04807375177670828
nk_cells,3000,-1,1,raw,0.01,100,precision,0.6637209302325582
nk_cells,3000,-1,1,raw,0.01,100,recall,0.6430824695808923
nk_cells,3000,-1,1,raw,0.01,100,f1,0.6532387273975738
nk_cells,3000,-1,1,raw,0.05,100,precision,0.8098928064057859
nk_cells,3000,-1,1,raw,0.05,100,recall,0.8071823915561849
nk_cells,3000,-1,1,raw,0.05,100,f1,0.8085353274883961
nk_cells,3000,-1,1,bh,-1.0,100,mae,0.023850283632970794
nk_cells,3000,-1,1,bh,0.01,100,precision,0.0
nk_cells,3000,-1,1,bh,0.01,100,recall,0.0
nk_cells,3000,-1,1,bh,0.01,100,f1,0.0
nk_cells,3000,-1,1,bh,0.05,100,precision,0.0
nk_cells,3000,-1,1,bh,0.05,100,recall,0.0
nk_cells,3000,-1,1,bh,0.05,100,f1,0.0
nk_cells,3000,-1,2,raw,-1.0,100,mae,0.04709542288475782
nk_cells,3000,-1,2,raw,0.01,100,precision,0.7106976744186047
nk_cells,3000,-1,2,raw,0.01,100,recall,0.7210948560641812
nk_cells,3000,-1,2,raw,0.01,100,f1,0.7158585148746779
nk_cells,3000,-1,2,raw,0.05,100,precision,0.84321322484825
nk_cells,3000,-1,2,raw,0.05,100,recall,0.8343769968051118
nk_cells,3000,-1,2,raw,0.05,100,f1,0.8387718396711202
nk_cells,3000,-1,2,bh,-1.0,100,mae,0.022560740231302865
nk_cells,3000,-1,2,bh,0.01,100,precision,0.0
nk_cells,3000,-1,2,bh,0.01,100,recall,0.0
nk_cells,3000,-1,2,bh,0.01,100,f1,0.0
nk_cells,3000,-1,2,bh,0.05,100,precision,0.0
nk_cells,3000,-1,2,bh,0.05,100,recall,0.0
nk_cells,3000,-1,2,bh,0.05,100,f1,0.0
nk_cells,3000,-1,3,raw,-1.0,100,mae,0.04887794420235945
nk_cells,3000,-1,3,raw,0.01,100,precision,0.6562790697674419
nk_cells,3000,-1,3,raw,0.01,100,recall,0.6709462672372801
nk_cells,3000,-1,3,raw,0.01,100,f1,0.6635316247354809
nk_cells,3000,-1,3,raw,0.05,100,precision,0.8084721684101769
nk_cells,3000,-1,3,raw,0.05,100,recall,0.8208759506949909
nk_cells,3000,-1,3,raw,0.05,100,f1,0.8146268462489427
nk_cells,3000,-1,3,bh,-1.0,100,mae,0.024040927659707004
nk_cells,3000,-1,3,bh,0.01,100,precision,0.0
nk_cells,3000,-1,3,bh,0.01,100,recall,0.0
nk_cells,3000,-1,3,bh,0.01,100,f1,0.0
nk_cells,3000,-1,3,bh,0.05,100,precision,0.0
nk_cells,3000,-1,3,bh,0.05,100,recall,0.0
nk_cells,3000,-1,3,bh,0.05,100,f1,0.0
nk_cells,3000,-1,4,raw,-1.0,100,mae,0.046579449975688865
nk_cells,3000,-1,4,raw,0.01,100,precision,0.7093023255813954
nk_cells,3000,-1,4,raw,0.01,100,recall,0.630686517783292
nk_cells,3000,-1,4,raw,0.01,100,f1,0.6676882661996497
nk_cells,3000,-1,4,raw,0.05,100,precision,0.8308149296138447
nk_cells,3000,-1,4,raw,0.05,100,recall,0.8024198578021704
nk_cells,3000,-1,4,raw,0.05,100,f1,0.8163705583756345
nk_cells,3000,-1,4,bh,-1.0,100,mae,0.025553749397653768
nk_cells,3000,-1,4,bh,0.01,100,precision,0.0
nk_cells,3000,-1,4,bh,0.01,100,recall,0.0
nk_cells,3000,-1,4,bh,0.01,100,f1,0.0
nk_cells,3000,-1,4,bh,0.05,100,precision,0.0
nk_cells,3000,-1,4,bh,0.05,100,recall,0.0
nk_cells,3000,-1,4,bh,0.05,100,f1,0.0
nk_cells,3000,-1,5,raw,-1.0,100,mae,0.05008016283669472
nk_cells,3000,-1,5,raw,0.01,100,precision,0.68
nk_cells,3000,-1,5,raw,0.01,100,recall,0.6497777777777778
nk_cells,3000,-1,5,raw,0.01,100,f1,0.6645454545454546
nk_cells,3000,-1,5,raw,0.05,100,precision,0.8145421671186879
nk_cells,3000,-1,5,raw,0.05,100,recall,0.806212450466573
nk_cells,3000,-1,5,raw,0.05,100,f1,0.8103559038931003
nk_cells,3000,-1,5,bh,-1.0,100,mae,0.025059611800710892
nk_cells,3000,-1,5,bh,0.01,100,precision,0.0
nk_cells,3000,-1,5,bh,0.01,100,recall,0.0
nk_cells,3000,-1,5,bh,0.01,100,f1,0.0
nk_cells,3000,-1,5,bh,0.05,100,precision,0.0
nk_cells,3000,-1,5,bh,0.05,100,recall,0.0
nk_cells,3000,-1,5,bh,0.05,100,f1,0.0
nk_cells,3000,-1,6,raw,-1.0,100,mae,0.04754870368041123
nk_cells,3000,-1,6,raw,0.01,100,precision,0.687906976744186
nk_cells,3000,-1,6,raw,0.01,100,recall,0.6458515283842795
nk_cells,3000,-1,6,raw,0.01,100,f1,0.6662162162162162
nk_cells,3000,-1,6,raw,0.05,100,precision,0.8231951440010332
nk_cells,3000,-1,6,raw,0.05,100,recall,0.8062231216797369
nk_cells,3000,-1,6,raw,0.05,100,f1,0.8146207425394594
nk_cells,3000,-1,6,bh,-1.0,100,mae,0.024460101499920804
nk_cells,3000,-1,6,bh,0.01,100,precision,0.0
nk_cells,3000,-1,6,bh,0.01,100,recall,0.0
nk_cells,3000,-1,6,bh,0.01,100,f1,0.0
nk_cells,3000,-1,6,bh,0.05,100,precision,0.0
nk_cells,3000,-1,6,bh,0.05,100,recall,0.0
nk_cells,3000,-1,6,bh,0.05,100,f1,0.0
nk_cells,3000,-1,7,raw,-1.0,100,mae,0.042217573412074064
nk_cells,3000,-1,7,raw,0.01,100,precision,0.6902325581395349
nk_cells,3000,-1,7,raw,0.01,100,recall,0.6730158730158731
nk_cells,3000,-1,7,raw,0.01,100,f1,0.6815154994259471
nk_cells,3000,-1,7,raw,0.05,100,precision,0.8349476946919798
nk_cells,3000,-1,7,raw,0.05,100,recall,0.8245121795689325
nk_cells,3000,-1,7,raw,0.05,100,f1,0.8296971252566735
nk_cells,3000,-1,7,bh,-1.0,100,mae,0.02197539004145501
nk_cells,3000,-1,7,bh,0.01,100,precision,0.0
nk_cells,3000,-1,7,bh,0.01,100,recall,0.0
nk_cells,3000,-1,7,bh,0.01,100,f1,0.0
nk_cells,3000,-1,7,bh,0.05,100,precision,0.0
nk_cells,3000,-1,7,bh,0.05,100,recall,0.0
nk_cells,3000,-1,7,bh,0.05,100,f1,0.0
nk_cells,3000,-1,8,raw,-1.0,100,mae,0.04557035676980165
nk_cells,3000,-1,8,raw,0.01,100,precision,0.6758139534883721
nk_cells,3000,-1,8,raw,0.01,100,recall,0.6580615942028986
nk_cells,3000,-1,8,raw,0.01,100,f1,0.6668196420376319
nk_cells,3000,-1,8,raw,0.05,100,precision,0.8107968487666279
nk_cells,3000,-1,8,raw,0.05,100,recall,0.8103782109203562
nk_cells,3000,-1,8,raw,0.05,100,f1,0.8105874757908328
nk_cells,3000,-1,8,bh,-1.0,100,mae,0.022940203155147436
nk_cells,3000,-1,8,bh,0.01,100,precision,0.0
nk_cells,3000,-1,8,bh,0.01,100,recall,0.0
nk_cells,3000,-1,8,bh,0.01,100,f1,0.0
nk_cells,3000,-1,8,bh,0.05,100,precision,0.0
nk_cells,3000,-1,8,bh,0.05,100,recall,0.0
nk_cells,3000,-1,8,bh,0.05,100,f1,0.0
nk_cells,3000,-1,9,raw,-1.0,100,mae,0.04577772940800064
nk_cells,3000,-1,9,raw,0.01,100,precision,0.6655813953488372
nk_cells,3000,-1,9,raw,0.01,100,recall,0.6597510373443983
nk_cells,3000,-1,9,raw,0.01,100,f1,0.6626533919888863
nk_cells,3000,-1,9,raw,0.05,100,precision,0.8188040811055146
nk_cells,3000,-1,9,raw,0.05,100,recall,0.8134462406979728
nk_cells,3000,-1,9,raw,0.05,100,f1,0.8161163673810903
nk_cells,3000,-1,9,bh,-1.0,100,mae,0.022758258238014528
nk_cells,3000,-1,9,bh,0.01,100,precision,0.0
nk_cells,3000,-1,9,bh,0.01,100,recall,0.0
nk_cells,3000,-1,9,bh,0.01,100,f1,0.0
nk_cells,3000,-1,9,bh,0.05,100,precision,0.0
nk_cells,3000,-1,9,bh,0.05,100,recall,0.0
nk_cells,3000,-1,9,bh,0.05,100,f1,0.0
nk_cells,3000,0,1,raw,-1.0,100,mae,0.04844172054380384
nk_cells,3000,0,1,raw,0.01,100,precision,0.6386978450252178
nk_cells,3000,0,1,raw,0.01,100,recall,0.6277602523659306
nk_cells,3000,0,1,raw,0.01,100,f1,0.6331818181818182
nk_cells,3000,0,1,raw,0.05,100,precision,0.7965543450722068
nk_cells,3000,0,1,raw,0.05,100,recall,0.8093705753636247
nk_cells,3000,0,1,raw,0.05,100,f1,0.8029113196705612
nk_cells,3000,0,1,bh,-1.0,100,mae,0.025141345857646054
nk_cells,3000,0,1,bh,0.01,100,precision,0.0
nk_cells,3000,0,1,bh,0.01,100,recall,0.0
nk_cells,3000,0,1,bh,0.01,100,f1,0.0
nk_cells,3000,0,1,bh,0.05,100,precision,0.0
nk_cells,3000,0,1,bh,0.05,100,recall,0.0
nk_cells,3000,0,1,bh,0.05,100,f1,0.0
nk_cells,3000,0,2,raw,-1.0,100,mae,0.050840204278908195
nk_cells,3000,0,2,raw,0.01,100,precision,0.6671251719394773
nk_cells,3000,0,2,raw,0.01,100,recall,0.6866446436998584
nk_cells,3000,0,2,raw,0.01,100,f1,0.6767441860465117
nk_cells,3000,0,2,raw,0.05,100,precision,0.8216366860907018
nk_cells,3000,0,2,raw,0.05,100,recall,0.8288817891373802
nk_cells,3000,0,2,raw,0.05,100,f1,0.825243336090082
nk_cells,3000,0,2,bh,-1.0,100,mae,0.025460432498461857
nk_cells,3000,0,2,bh,0.01,100,precision,0.0
nk_cells,3000,0,2,bh,0.01,100,recall,0.0
nk_cells,3000,0,2,bh,0.01,100,f1,0.0
nk_cells,3000,0,2,bh,0.05,100,precision,0.0
nk_cells,3000,0,2,bh,0.05,100,recall,0.0
nk_cells,3000,0,2,bh,0.05,100,f1,0.0
nk_cells,3000,0,3,raw,-1.0,100,mae,0.04750208962003355
nk_cells,3000,0,3,raw,0.01,100,precision,0.6868408986703347
nk_cells,3000,0,3,raw,0.01,100,recall,0.7123157394198764
nk_cells,3000,0,3,raw,0.01,100,f1,0.6993464052287581
nk_cells,3000,0,3,raw,0.05,100,precision,0.8229034709906258
nk_cells,3000,0,3,raw,0.05,100,recall,0.8518227117755048
nk_cells,3000,0,3,raw,0.05,100,f1,0.8371134020618557
nk_cells,3000,0,3,bh,-1.0,100,mae,0.024186229067865658
nk_cells,3000,0,3,bh,0.01,100,precision,0.0
nk_cells,3000,0,3,bh,0.01,100,recall,0.0
nk_cells,3000,0,3,bh,0.01,100,f1,0.0
nk_cells,3000,0,3,bh,0.05,100,precision,0.0
nk_cells,3000,0,3,bh,0.05,100,recall,0.0
nk_cells,3000,0,3,bh,0.05,100,f1,0.0
nk_cells,3000,0,4,raw,-1.0,100,mae,0.04713850258339452
nk_cells,3000,0,4,raw,0.01,100,precision,0.6767537826685007
nk_cells,3000,0,4,raw,0.01,100,recall,0.6104218362282878
nk_cells,3000,0,4,raw,0.01,100,f1,0.6418786692759295
nk_cells,3000,0,4,raw,0.05,100,precision,0.8128958702812262
nk_cells,3000,0,4,raw,0.05,100,recall,0.8004240987900711
nk_cells,3000,0,4,raw,0.05,100,f1,0.8066117780152096
nk_cells,3000,0,4,bh,-1.0,100,mae,0.025459172327647637
nk_cells,3000,0,4,bh,0.01,100,precision,0.0
nk_cells,3000,0,4,bh,0.01,100,recall,0.0
nk_cells,3000,0,4,bh,0.01,100,f1,0.0
nk_cells,3000,0,4,bh,0.05,100,precision,0.0
nk_cells,3000,0,4,bh,0.05,100,recall,0.0
nk_cells,3000,0,4,bh,0.05,100,f1,0.0
nk_cells,3000,0,5,raw,-1.0,100,mae,0.05093258942145949
nk_cells,3000,0,5,raw,0.01,100,precision,0.672627235213205
nk_cells,3000,0,5,raw,0.01,100,recall,0.652
nk_cells,3000,0,5,raw,0.01,100,f1,0.6621530128639134
nk_cells,3000,0,5,raw,0.05,100,precision,0.8170762604509755
nk_cells,3000,0,5,raw,0.05,100,recall,0.8244918829093698
nk_cells,3000,0,5,raw,0.05,100,f1,0.8207673220080168
nk_cells,3000,0,5,bh,-1.0,100,mae,0.02567614274752818
nk_cells,3000,0,5,bh,0.01,100,precision,0.0
nk_cells,3000,0,5,bh,0.01,100,recall,0.0
nk_cells,3000,0,5,bh,0.01,100,f1,0.0
nk_cells,3000,0,5,bh,0.05,100,precision,0.0
nk_cells,3000,0,5,bh,0.05,100,recall,0.0
nk_cells,3000,0,5,bh,0.05,100,f1,0.0
nk_cells,3000,0,6,raw,-1.0,100,mae,0.04818311502715076
nk_cells,3000,0,6,raw,0.01,100,precision,0.6529115084823476
nk_cells,3000,0,6,raw,0.01,100,recall,0.6218340611353712
nk_cells,3000,0,6,raw,0.01,100,f1,0.6369939610825319
nk_cells,3000,0,6,raw,0.05,100,precision,0.8042817329617431
nk_cells,3000,0,6,raw,0.05,100,recall,0.8030609663546674
nk_cells,3000,0,6,raw,0.05,100,f1,0.8036708860759494
nk_cells,3000,0,6,bh,-1.0,100,mae,0.02518689048660926
nk_cells,3000,0,6,bh,0.01,100,precision,0.0
nk_cells,3000,0,6,bh,0.01,100,recall,0.0
nk_cells,3000,0,6,bh,0.01,100,f1,0.0
nk_cells,3000,0,6,bh,0.05,100,precision,0.0
nk_cells,3000,0,6,bh,0.05,100,recall,0.0
nk_cells,3000,0,6,bh,0.05,100,f1,0.0
nk_cells,3000,0,7,raw,-1.0,100,mae,0.050287790124559514
nk_cells,3000,0,7,raw,0.01,100,precision,0.6625401192113709
nk_cells,3000,0,7,raw,0.01,100,recall,0.655328798185941
nk_cells,3000,0,7,raw,0.01,100,f1,0.6589147286821705
nk_cells,3000,0,7,raw,0.05,100,precision,0.8172029389409678
nk_cells,3000,0,7,raw,0.05,100,recall,0.822726693023849
nk_cells,3000,0,7,raw,0.05,100,f1,0.8199555131871624
nk_cells,3000,0,7,bh,-1.0,100,mae,0.02600248228028678
nk_cells,3000,0,7,bh,0.01,100,precision,0.0
nk_cells,3000,0,7,bh,0.01,100,recall,0.0
nk_cells,3000,0,7,bh,0.01,100,f1,0.0
nk_cells,3000,0,7,bh,0.05,100,precision,0.0
nk_cells,3000,0,7,bh,0.05,100,recall,0.0
nk_cells,3000,0,7,bh,0.05,100,f1,0.0
nk_cells,3000,0,8,raw,-1.0,100,mae,0.04829753175630609
nk_cells,3000,0,8,raw,0.01,100,precision,0.6923429619440623
nk_cells,3000,0,8,raw,0.01,100,recall,0.6838768115942029
nk_cells,3000,0,8,raw,0.01,100,f1,0.6880838459785829
nk_cells,3000,0,8,raw,0.05,100,precision,0.8047884469217127
nk_cells,3000,0,8,raw,0.05,100,recall,0.8200593778236737
nk_cells,3000,0,8,raw,0.05,100,f1,0.8123521513969695
nk_cells,3000,0,8,bh,-1.0,100,mae,0.024694718094097956
nk_cells,3000,0,8,bh,0.01,100,precision,0.0
nk_cells,3000,0,8,bh,0.01,100,recall,0.0
nk_cells,3000,0,8,bh,0.01,100,f1,0.0
nk_cells,3000,0,8,bh,0.05,100,precision,0.0
nk_cells,3000,0,8,bh,0.05,100,recall,0.0
nk_cells,3000,0,8,bh,0.05,100,f1,0.0
nk_cells,3000,0,9,raw,-1.0,100,mae,0.05208262682686109
nk_cells,3000,0,9,raw,0.01,100,precision,0.6464924346629987
nk_cells,3000,0,9,raw,0.01,100,recall,0.6500691562932227
nk_cells,3000,0,9,raw,0.01,100,f1,0.6482758620689655
nk_cells,3000,0,9,raw,0.05,100,precision,0.7955409171522675
nk_cells,3000,0,9,raw,0.05,100,recall,0.8057480112907365
nk_cells,3000,0,9,raw,0.05,100,f1,0.8006119326874044
nk_cells,3000,0,9,bh,-1.0,100,mae,0.025883288206836115
nk_cells,3000,0,9,bh,0.01,100,precision,0.0
nk_cells,3000,0,9,bh,0.01,100,recall,0.0
nk_cells,3000,0,9,bh,0.01,100,f1,0.0
nk_cells,3000,0,9,bh,0.05,100,precision,0.0
nk_cells,3000,0,9,bh,0.05,100,recall,0.0
nk_cells,3000,0,9,bh,0.05,100,f1,0.0
nk_cells,3000,1,2,raw,-1.0,100,mae,0.04814187056231248
nk_cells,3000,1,2,raw,0.01,100,precision,0.6331680937359171
nk_cells,3000,1,2,raw,0.01,100,recall,0.6630486078338839
nk_cells,3000,1,2,raw,0.01,100,f1,0.6477639465191333
nk_cells,3000,1,2,raw,0.05,100,precision,0.8062813746942978
nk_cells,3000,1,2,raw,0.05,100,recall,0.8005111821086262
nk_cells,3000,1,2,raw,0.05,100,f1,0.8033859176606387
nk_cells,3000,1,2,bh,-1.0,100,mae,0.024392909177389354
nk_cells,3000,1,2,bh,0.01,100,precision,0.0
nk_cells,3000,1,2,bh,0.01,100,recall,0.0
nk_cells,3000,1,2,bh,0.01,100,f1,0.0
nk_cells,3000,1,2,bh,0.05,100,precision,0.0
nk_cells,3000,1,2,bh,0.05,100,recall,0.0
nk_cells,3000,1,2,bh,0.05,100,f1,0.0
nk_cells,3000,1,3,raw,-1.0,100,mae,0.0471670979846604
nk_cells,3000,1,3,raw,0.01,100,precision,0.6858945470932852
nk_cells,3000,1,3,raw,0.01,100,recall,0.7237280076081788
nk_cells,3000,1,3,raw,0.01,100,f1,0.7043035631652013
nk_cells,3000,1,3,raw,0.05,100,precision,0.8252027287939245
nk_cells,3000,1,3,raw,0.05,100,recall,0.8406766325727774
nk_cells,3000,1,3,raw,0.05,100,f1,0.8328678142253979
nk_cells,3000,1,3,bh,-1.0,100,mae,0.023429756277989863
nk_cells,3000,1,3,bh,0.01,100,precision,0.0
nk_cells,3000,1,3,bh,0.01,100,recall,0.0
nk_cells,3000,1,3,bh,0.01,100,f1,0.0
nk_cells,3000,1,3,bh,0.05,100,precision,0.0
nk_cells,3000,1,3,bh,0.05,100,recall,0.0
nk_cells,3000,1,3,bh,0.05,100,f1,0.0
nk_cells,3000,1,4,raw,-1.0,100,mae,0.04781761372750667
nk_cells,3000,1,4,raw,0.01,100,precision,0.6944569625957638
nk_cells,3000,1,4,raw,0.01,100,recall,0.6373035566583953
nk_cells,3000,1,4,raw,0.01,100,f1,0.6646538710373086
nk_cells,3000,1,4,raw,0.05,100,precision,0.8088557085854036
nk_cells,3000,1,4,raw,0.05,100,recall,0.7838343520019958
nk_cells,3000,1,4,raw,0.05,100,f1,0.7961484860002533
nk_cells,3000,1,4,bh,-1.0,100,mae,0.025830578812959446
nk_cells,3000,1,4,bh,0.01,100,precision,0.0
nk_cells,3000,1,4,bh,0.01,100,recall,0.0
nk_cells,3000,1,4,bh,0.01,100,f1,0.0
nk_cells,3000,1,4,bh,0.05,100,precision,0.0
nk_cells,3000,1,4,bh,0.05,100,recall,0.0
nk_cells,3000,1,4,bh,0.05,100,f1,0.0
nk_cells,3000,1,5,raw,-1.0,100,mae,0.04770896613043535
nk_cells,3000,1,5,raw,0.01,100,precision,0.6633618747183416
nk_cells,3000,1,5,raw,0.01,100,recall,0.6542222222222223
nk_cells,3000,1,5,raw,0.01,100,f1,0.6587603490713806
nk_cells,3000,1,5,raw,0.05,100,precision,0.8188956107607157
nk_cells,3000,1,5,raw,0.05,100,recall,0.8132430014061102
nk_cells,3000,1,5,raw,0.05,100,f1,0.8160595177013853
nk_cells,3000,1,5,bh,-1.0,100,mae,0.024479407769597138
nk_cells,3000,1,5,bh,0.01,100,precision,0.0
nk_cells,3000,1,5,bh,0.01,100,recall,0.0
nk_cells,3000,1,5,bh,0.01,100,f1,0.0
nk_cells,3000,1,5,bh,0.05,100,precision,0.0
nk_cells,3000,1,5,bh,0.05,100,recall,0.0
nk_cells,3000,1,5,bh,0.05,100,f1,0.0
nk_cells,3000,1,6,raw,-1.0,100,mae,0.047674952838003784
nk_cells,3000,1,6,raw,0.01,100,precision,0.6660657954033349
nk_cells,3000,1,6,raw,0.01,100,recall,0.645414847161572
nk_cells,3000,1,6,raw,0.01,100,f1,0.6555777334220448
nk_cells,3000,1,6,raw,0.05,100,precision,0.8146479598403913
nk_cells,3000,1,6,raw,0.05,100,recall,0.8005312420946117
nk_cells,3000,1,6,raw,0.05,100,f1,0.8075279106858054
nk_cells,3000,1,6,bh,-1.0,100,mae,0.025002209407723373
nk_cells,3000,1,6,bh,0.01,100,precision,0.0
nk_cells,3000,1,6,bh,0.01,100,recall,0.0
nk_cells,3000,1,6,bh,0.01,100,f1,0.0
nk_cells,3000,1,6,bh,0.05,100,precision,0.0
nk_cells,3000,1,6,bh,0.05,100,recall,0.0
nk_cells,3000,1,6,bh,0.05,100,f1,0.0
nk_cells,3000,1,7,raw,-1.0,100,mae,0.0507841769619185
nk_cells,3000,1,7,raw,0.01,100,precision,0.6426318161333934
nk_cells,3000,1,7,raw,0.01,100,recall,0.6467120181405895
nk_cells,3000,1,7,raw,0.01,100,f1,0.6446654611211573
nk_cells,3000,1,7,raw,0.05,100,precision,0.8089844252799588
nk_cells,3000,1,7,raw,0.05,100,recall,0.8015559239892871
nk_cells,3000,1,7,raw,0.05,100,f1,0.8052530429212044
nk_cells,3000,1,7,bh,-1.0,100,mae,0.02575734231019757
nk_cells,3000,1,7,bh,0.01,100,precision,0.0
nk_cells,3000,1,7,bh,0.01,100,recall,0.0
nk_cells,3000,1,7,bh,0.01,100,f1,0.0
nk_cells,3000,1,7,bh,0.05,100,precision,0.0
nk_cells,3000,1,7,bh,0.05,100,recall,0.0
nk_cells,3000,1,7,bh,0.05,100,f1,0.0
nk_cells,3000,1,8,raw,-1.0,100,mae,0.04493713525167308
nk_cells,3000,1,8,raw,0.01,100,precision,0.6710229833258224
nk_cells,3000,1,8,raw,0.01,100,recall,0.6743659420289855
nk_cells,3000,1,8,raw,0.01,100,f1,0.6726903094646487
nk_cells,3000,1,8,raw,0.05,100,precision,0.8110438923928434
nk_cells,3000,1,8,raw,0.05,100,recall,0.8133471021040403
nk_cells,3000,1,8,raw,0.05,100,f1,0.8121938643980408
nk_cells,3000,1,8,bh,-1.0,100,mae,0.02272530550005564
nk_cells,3000,1,8,bh,0.01,100,precision,0.0
nk_cells,3000,1,8,bh,0.01,100,recall,0.0
nk_cells,3000,1,8,bh,0.01,100,f1,0.0
nk_cells,3000,1,8,bh,0.05,100,precision,0.0
nk_cells,3000,1,8,bh,0.05,100,recall,0.0
nk_cells,3000,1,8,bh,0.05,100,f1,0.0
nk_cells,3000,1,9,raw,-1.0,100,mae,0.04804612667847937
nk_cells,3000,1,9,raw,0.01,100,precision,0.6525461919783686
nk_cells,3000,1,9,raw,0.01,100,recall,0.6675887505763024
nk_cells,3000,1,9,raw,0.01,100,f1,0.6599817684594348
nk_cells,3000,1,9,raw,0.05,100,precision,0.812202342643841
nk_cells,3000,1,9,raw,0.05,100,recall,0.8095971259943546
nk_cells,3000,1,9,raw,0.05,100,f1,0.8108976418428323
nk_cells,3000,1,9,bh,-1.0,100,mae,0.024233065270918827
nk_cells,3000,1,9,bh,0.01,100,precision,0.0
nk_cells,3000,1,9,bh,0.01,100,recall,0.0
nk_cells,3000,1,9,bh,0.01,100,f1,0.0
nk_cells,3000,1,9,bh,0.05,100,precision,0.0
nk_cells,3000,1,9,bh,0.05,100,recall,0.0
nk_cells,3000,1,9,bh,0.05,100,f1,0.0
nk_cells,3000,2,3,raw,-1.0,100,mae,0.052096790616893915
nk_cells,3000,2,3,raw,0.01,100,precision,0.6772062293534686
nk_cells,3000,2,3,raw,0.01,100,recall,0.6823585354255824
nk_cells,3000,2,3,raw,0.01,100,f1,0.6797726196115585
nk_cells,3000,2,3,raw,0.05,100,precision,0.811629392971246
nk_cells,3000,2,3,raw,0.05,100,recall,0.8328088119590873
nk_cells,3000,2,3,raw,0.05,100,f1,0.8220827130930037
nk_cells,3000,2,3,bh,-1.0,100,mae,0.025444868124591513
nk_cells,3000,2,3,bh,0.01,100,precision,0.0
nk_cells,3000,2,3,bh,0.01,100,recall,0.0
nk_cells,3000,2,3,bh,0.01,100,f1,0.0
nk_cells,3000,2,3,bh,0.05,100,precision,0.0
nk_cells,3000,2,3,bh,0.05,100,recall,0.0
nk_cells,3000,2,3,bh,0.05,100,f1,0.0
nk_cells,3000,2,4,raw,-1.0,100,mae,0.04552177136976969
nk_cells,3000,2,4,raw,0.01,100,precision,0.7343086361491269
nk_cells,3000,2,4,raw,0.01,100,recall,0.6435070306038048
nk_cells,3000,2,4,raw,0.01,100,f1,0.6859158033943135
nk_cells,3000,2,4,raw,0.05,100,precision,0.8300319488817891
nk_cells,3000,2,4,raw,0.05,100,recall,0.8101534239740551
nk_cells,3000,2,4,raw,0.05,100,f1,0.8199722257290746
nk_cells,3000,2,4,bh,-1.0,100,mae,0.02517763435850544
nk_cells,3000,2,4,bh,0.01,100,precision,0.0
nk_cells,3000,2,4,bh,0.01,100,recall,0.0
nk_cells,3000,2,4,bh,0.01,100,f1,0.0
nk_cells,3000,2,4,bh,0.05,100,precision,0.0
nk_cells,3000,2,4,bh,0.05,100,recall,0.0
nk_cells,3000,2,4,bh,0.05,100,f1,0.0
nk_cells,3000,2,5,raw,-1.0,100,mae,0.04901343977712781
nk_cells,3000,2,5,raw,0.01,100,precision,0.6852288815479
nk_cells,3000,2,5,raw,0.01,100,recall,0.6453333333333333
nk_cells,3000,2,5,raw,0.01,100,f1,0.6646829938200961
nk_cells,3000,2,5,raw,0.05,100,precision,0.8161022364217252
nk_cells,3000,2,5,raw,0.05,100,recall,0.8163108781797265
nk_cells,3000,2,5,raw,0.05,100,f1,0.8162065439672802
nk_cells,3000,2,5,bh,-1.0,100,mae,0.02485713900481966
nk_cells,3000,2,5,bh,0.01,100,precision,0.0
nk_cells,3000,2,5,bh,0.01,100,recall,0.0
nk_cells,3000,2,5,bh,0.01,100,f1,0.0
nk_cells,3000,2,5,bh,0.05,100,precision,0.0
nk_cells,3000,2,5,bh,0.05,100,recall,0.0
nk_cells,3000,2,5,bh,0.05,100,f1,0.0
nk_cells,3000,2,6,raw,-1.0,100,mae,0.05204118478900624
nk_cells,3000,2,6,raw,0.01,100,precision,0.6795658329400661
nk_cells,3000,2,6,raw,0.01,100,recall,0.62882096069869
nk_cells,3000,2,6,raw,0.01,100,f1,0.6532093445225675
nk_cells,3000,2,6,raw,0.05,100,precision,0.8125239616613419
nk_cells,3000,2,6,raw,0.05,100,recall,0.8041993422716924
nk_cells,3000,2,6,raw,0.05,100,f1,0.8083402199478736
nk_cells,3000,2,6,bh,-1.0,100,mae,0.026823580160346385
nk_cells,3000,2,6,bh,0.01,100,precision,0.0
nk_cells,3000,2,6,bh,0.01,100,recall,0.0
nk_cells,3000,2,6,bh,0.01,100,f1,0.0
nk_cells,3000,2,6,bh,0.05,100,precision,0.0
nk_cells,3000,2,6,bh,0.05,100,recall,0.0
nk_cells,3000,2,6,bh,0.05,100,f1,0.0
nk_cells,3000,2,7,raw,-1.0,100,mae,0.04605118802498883
nk_cells,3000,2,7,raw,0.01,100,precision,0.7078810759792354
nk_cells,3000,2,7,raw,0.01,100,recall,0.6802721088435374
nk_cells,3000,2,7,raw,0.01,100,f1,0.6938020351526365
nk_cells,3000,2,7,raw,0.05,100,precision,0.8403833865814696
nk_cells,3000,2,7,raw,0.05,100,recall,0.8386685371763806
nk_cells,3000,2,7,raw,0.05,100,f1,0.8395250861738798
nk_cells,3000,2,7,bh,-1.0,100,mae,0.022834720472870447
nk_cells,3000,2,7,bh,0.01,100,precision,0.0
nk_cells,3000,2,7,bh,0.01,100,recall,0.0
nk_cells,3000,2,7,bh,0.01,100,f1,0.0
nk_cells,3000,2,7,bh,0.05,100,precision,0.0
nk_cells,3000,2,7,bh,0.05,100,recall,0.0
nk_cells,3000,2,7,bh,0.05,100,f1,0.0
nk_cells,3000,2,8,raw,-1.0,100,mae,0.049855236933600756
nk_cells,3000,2,8,raw,0.01,100,precision,0.6691835771590373
nk_cells,3000,2,8,raw,0.01,100,recall,0.6422101449275363
nk_cells,3000,2,8,raw,0.01,100,f1,0.6554194592096141
nk_cells,3000,2,8,raw,0.05,100,precision,0.7925878594249202
nk_cells,3000,2,8,raw,0.05,100,recall,0.8005679617916613
nk_cells,3000,2,8,raw,0.05,100,f1,0.7965579244798356
nk_cells,3000,2,8,bh,-1.0,100,mae,0.02459802861054312
nk_cells,3000,2,8,bh,0.01,100,precision,0.0
nk_cells,3000,2,8,bh,0.01,100,recall,0.0
nk_cells,3000,2,8,bh,0.01,100,f1,0.0
nk_cells,3000,2,8,bh,0.05,100,precision,0.0
nk_cells,3000,2,8,bh,0.05,100,recall,0.0
nk_cells,3000,2,8,bh,0.05,100,f1,0.0
nk_cells,3000,2,9,raw,-1.0,100,mae,0.048695026713101185
nk_cells,3000,2,9,raw,0.01,100,precision,0.6913638508730533
nk_cells,3000,2,9,raw,0.01,100,recall,0.6754264638082066
nk_cells,3000,2,9,raw,0.01,100,f1,0.6833022388059702
nk_cells,3000,2,9,raw,0.05,100,precision,0.8189137380191693
nk_cells,3000,2,9,raw,0.05,100,recall,0.8221709006928406
nk_cells,3000,2,9,raw,0.05,100,f1,0.8205390870094116
nk_cells,3000,2,9,bh,-1.0,100,mae,0.02410696748253643
nk_cells,3000,2,9,bh,0.01,100,precision,0.0
nk_cells,3000,2,9,bh,0.01,100,recall,0.0
nk_cells,3000,2,9,bh,0.01,100,f1,0.0
nk_cells,3000,2,9,bh,0.05,100,precision,0.0
nk_cells,3000,2,9,bh,0.05,100,recall,0.0
nk_cells,3000,2,9,bh,0.05,100,f1,0.0
nk_cells,3000,3,4,raw,-1.0,100,mae,0.04572038054705563
nk_cells,3000,3,4,raw,0.01,100,precision,0.715168806466952
nk_cells,3000,3,4,raw,0.01,100,recall,0.6220016542597188
nk_cells,3000,3,4,raw,0.01,100,f1,0.6653395266533952
nk_cells,3000,3,4,raw,0.05,100,precision,0.8280881195908734
nk_cells,3000,3,4,raw,0.05,100,recall,0.7877011350879382
nk_cells,3000,3,4,raw,0.05,100,f1,0.8073898868503484
nk_cells,3000,3,4,bh,-1.0,100,mae,0.025715232902782003
nk_cells,3000,3,4,bh,0.01,100,precision,0.0
nk_cells,3000,3,4,bh,0.01,100,recall,0.0
nk_cells,3000,3,4,bh,0.01,100,f1,0.0
nk_cells,3000,3,4,bh,0.05,100,precision,0.0
nk_cells,3000,3,4,bh,0.05,100,recall,0.0
nk_cells,3000,3,4,bh,0.05,100,f1,0.0
nk_cells,3000,3,5,raw,-1.0,100,mae,0.0487213917345355
nk_cells,3000,3,5,raw,0.01,100,precision,0.7047075606276747
nk_cells,3000,3,5,raw,0.01,100,recall,0.6586666666666666
nk_cells,3000,3,5,raw,0.01,100,f1,0.6809097174362508
nk_cells,3000,3,5,raw,0.05,100,precision,0.8278258589037504
nk_cells,3000,3,5,raw,0.05,100,recall,0.806979419659977
nk_cells,3000,3,5,raw,0.05,100,f1,0.8172697261958702
nk_cells,3000,3,5,bh,-1.0,100,mae,0.024887353526255707
nk_cells,3000,3,5,bh,0.01,100,precision,0.0
nk_cells,3000,3,5,bh,0.01,100,recall,0.0
nk_cells,3000,3,5,bh,0.01,100,f1,0.0
nk_cells,3000,3,5,bh,0.05,100,precision,0.0
nk_cells,3000,3,5,bh,0.05,100,recall,0.0
nk_cells,3000,3,5,bh,0.05,100,f1,0.0
nk_cells,3000,3,6,raw,-1.0,100,mae,0.048176840986246576
nk_cells,3000,3,6,raw,0.01,100,precision,0.7146932952924394
nk_cells,3000,3,6,raw,0.01,100,recall,0.6563318777292576
nk_cells,3000,3,6,raw,0.01,100,f1,0.6842704302299112
nk_cells,3000,3,6,raw,0.05,100,precision,0.8392341987936008
nk_cells,3000,3,6,raw,0.05,100,recall,0.8095117632178093
nk_cells,3000,3,6,raw,0.05,100,f1,0.8241050733968581
nk_cells,3000,3,6,bh,-1.0,100,mae,0.02527994794290452
nk_cells,3000,3,6,bh,0.01,100,precision,0.0
nk_cells,3000,3,6,bh,0.01,100,recall,0.0
nk_cells,3000,3,6,bh,0.01,100,f1,0.0
nk_cells,3000,3,6,bh,0.05,100,precision,0.0
nk_cells,3000,3,6,bh,0.05,100,recall,0.0
nk_cells,3000,3,6,bh,0.05,100,f1,0.0
nk_cells,3000,3,7,raw,-1.0,100,mae,0.04793208314279977
nk_cells,3000,3,7,raw,0.01,100,precision,0.7189728958630528
nk_cells,3000,3,7,raw,0.01,100,recall,0.6857142857142857
nk_cells,3000,3,7,raw,0.01,100,f1,0.7019498607242339
nk_cells,3000,3,7,raw,0.05,100,precision,0.8443482821924994
nk_cells,3000,3,7,raw,0.05,100,recall,0.821196275985206
nk_cells,3000,3,7,raw,0.05,100,f1,0.8326113661343506
nk_cells,3000,3,7,bh,-1.0,100,mae,0.024067952016765926
nk_cells,3000,3,7,bh,0.01,100,precision,0.0
nk_cells,3000,3,7,bh,0.01,100,recall,0.0
nk_cells,3000,3,7,bh,0.01,100,f1,0.0
nk_cells,3000,3,7,bh,0.05,100,precision,0.0
nk_cells,3000,3,7,bh,0.05,100,recall,0.0
nk_cells,3000,3,7,bh,0.05,100,f1,0.0
nk_cells,3000,3,8,raw,-1.0,100,mae,0.046598496014486866
nk_cells,3000,3,8,raw,0.01,100,precision,0.6951973371374227
nk_cells,3000,3,8,raw,0.01,100,recall,0.6621376811594203
nk_cells,3000,3,8,raw,0.01,100,f1,0.6782649037346323
nk_cells,3000,3,8,raw,0.05,100,precision,0.8290060319958038
nk_cells,3000,3,8,raw,0.05,100,recall,0.8160578288369692
nk_cells,3000,3,8,raw,0.05,100,f1,0.8224809731347167
nk_cells,3000,3,8,bh,-1.0,100,mae,0.02422765714727699
nk_cells,3000,3,8,bh,0.01,100,precision,0.0
nk_cells,3000,3,8,bh,0.01,100,recall,0.0
nk_cells,3000,3,8,bh,0.01,100,f1,0.0
nk_cells,3000,3,8,bh,0.05,100,precision,0.0
nk_cells,3000,3,8,bh,0.05,100,recall,0.0
nk_cells,3000,3,8,bh,0.05,100,f1,0.0
nk_cells,3000,3,9,raw,-1.0,100,mae,0.046307176796800145
nk_cells,3000,3,9,raw,0.01,100,precision,0.6942463147883975
nk_cells,3000,3,9,raw,0.01,100,recall,0.6731212540341172
nk_cells,3000,3,9,raw,0.01,100,f1,0.6835205992509363
nk_cells,3000,3,9,raw,0.05,100,precision,0.8299239444007344
nk_cells,3000,3,9,raw,0.05,100,recall,0.8120348986399795
nk_cells,3000,3,9,raw,0.05,100,f1,0.820881971465629
nk_cells,3000,3,9,bh,-1.0,100,mae,0.023048676972443425
nk_cells,3000,3,9,bh,0.01,100,precision,0.0
nk_cells,3000,3,9,bh,0.01,100,recall,0.0
nk_cells,3000,3,9,bh,0.01,100,f1,0.0
nk_cells,3000,3,9,bh,0.05,100,precision,0.0
nk_cells,3000,3,9,bh,0.05,100,recall,0.0
nk_cells,3000,3,9,bh,0.05,100,f1,0.0
nk_cells,3000,4,5,raw,-1.0,100,mae,0.04722190034894732
nk_cells,3000,4,5,raw,0.01,100,precision,0.630686517783292
nk_cells,3000,4,5,raw,0.01,100,recall,0.6777777777777778
nk_cells,3000,4,5,raw,0.01,100,f1,0.6533847472150814
nk_cells,3000,4,5,raw,0.05,100,precision,0.793064737432955
nk_cells,3000,4,5,raw,0.05,100,recall,0.8127316886105075
nk_cells,3000,4,5,raw,0.05,100,f1,0.8027777777777778
nk_cells,3000,4,5,bh,-1.0,100,mae,0.02609764138883199
nk_cells,3000,4,5,bh,0.01,100,precision,0.0
nk_cells,3000,4,5,bh,0.01,100,recall,0.0
nk_cells,3000,4,5,bh,0.01,100,f1,0.0
nk_cells,3000,4,5,bh,0.05,100,precision,0.0
nk_cells,3000,4,5,bh,0.05,100,recall,0.0
nk_cells,3000,4,5,bh,0.05,100,f1,0.0
nk_cells,3000,4,6,raw,-1.0,100,mae,0.04653370084607264
nk_cells,3000,4,6,raw,0.01,100,precision,0.6451612903225806
nk_cells,3000,4,6,raw,0.01,100,recall,0.6812227074235808
nk_cells,3000,4,6,raw,0.01,100,f1,0.6627017841971113
nk_cells,3000,4,6,raw,0.05,100,precision,0.8006735686665835
nk_cells,3000,4,6,raw,0.05,100,recall,0.8119150012648622
nk_cells,3000,4,6,raw,0.05,100,f1,0.8062551026816555
nk_cells,3000,4,6,bh,-1.0,100,mae,0.025485047500435908
nk_cells,3000,4,6,bh,0.01,100,precision,0.0
nk_cells,3000,4,6,bh,0.01,100,recall,0.0
nk_cells,3000,4,6,bh,0.01,100,f1,0.0
nk_cells,3000,4,6,bh,0.05,100,precision,0.0
nk_cells,3000,4,6,bh,0.05,100,recall,0.0
nk_cells,3000,4,6,bh,0.05,100,f1,0.0
nk_cells,3000,4,7,raw,-1.0,100,mae,0.046960550762619555
nk_cells,3000,4,7,raw,0.01,100,precision,0.6439205955334988
nk_cells,3000,4,7,raw,0.01,100,recall,0.7061224489795919
nk_cells,3000,4,7,raw,0.01,100,f1,0.6735885788449059
nk_cells,3000,4,7,raw,0.05,100,precision,0.8105276287888238
nk_cells,3000,4,7,raw,0.05,100,recall,0.8287208264252008
nk_cells,3000,4,7,raw,0.05,100,f1,0.8195232690124858
nk_cells,3000,4,7,bh,-1.0,100,mae,0.025534003966275413
nk_cells,3000,4,7,bh,0.01,100,precision,0.0
nk_cells,3000,4,7,bh,0.01,100,recall,0.0
nk_cells,3000,4,7,bh,0.01,100,f1,0.0
nk_cells,3000,4,7,bh,0.05,100,precision,0.0
nk_cells,3000,4,7,bh,0.05,100,recall,0.0
nk_cells,3000,4,7,bh,0.05,100,f1,0.0
nk_cells,3000,4,8,raw,-1.0,100,mae,0.04679577047628304
nk_cells,3000,4,8,raw,0.01,100,precision,0.6261373035566584
nk_cells,3000,4,8,raw,0.01,100,recall,0.6856884057971014
nk_cells,3000,4,8,raw,0.01,100,f1,0.6545611759619542
nk_cells,3000,4,8,raw,0.05,100,precision,0.7901958338530622
nk_cells,3000,4,8,raw,0.05,100,recall,0.8177358977668775
nk_cells,3000,4,8,raw,0.05,100,f1,0.8037300177619894
nk_cells,3000,4,8,bh,-1.0,100,mae,0.025763440161806903
nk_cells,3000,4,8,bh,0.01,100,precision,0.0
nk_cells,3000,4,8,bh,0.01,100,recall,0.0
nk_cells,3000,4,8,bh,0.01,100,f1,0.0
nk_cells,3000,4,8,bh,0.05,100,precision,0.0
nk_cells,3000,4,8,bh,0.05,100,recall,0.0
nk_cells,3000,4,8,bh,0.05,100,f1,0.0
nk_cells,3000,4,9,raw,-1.0,100,mae,0.04840072194760841
nk_cells,3000,4,9,raw,0.01,100,precision,0.6029776674937966
nk_cells,3000,4,9,raw,0.01,100,recall,0.6721991701244814
nk_cells,3000,4,9,raw,0.01,100,f1,0.6357096141268803
nk_cells,3000,4,9,raw,0.05,100,precision,0.7788449544717475
nk_cells,3000,4,9,raw,0.05,100,recall,0.8011290736463946
nk_cells,3000,4,9,raw,0.05,100,f1,0.7898298652836633
nk_cells,3000,4,9,bh,-1.0,100,mae,0.026449049684339688
nk_cells,3000,4,9,bh,0.01,100,precision,0.0
nk_cells,3000,4,9,bh,0.01,100,recall,0.0
nk_cells,3000,4,9,bh,0.01,100,f1,0.0
nk_cells,3000,4,9,bh,0.05,100,precision,0.0
nk_cells,3000,4,9,bh,0.05,100,recall,0.0
nk_cells,3000,4,9,bh,0.05,100,f1,0.0
nk_cells,3000,5,6,raw,-1.0,100,mae,0.05218028497369926
nk_cells,3000,5,6,raw,0.01,100,precision,0.6644444444444444
nk_cells,3000,5,6,raw,0.01,100,recall,0.6528384279475983
nk_cells,3000,5,6,raw,0.01,100,f1,0.6585903083700441
nk_cells,3000,5,6,raw,0.05,100,precision,0.8134986578039115
nk_cells,3000,5,6,raw,0.05,100,recall,0.8049582595497091
nk_cells,3000,5,6,raw,0.05,100,f1,0.8092059253607985
nk_cells,3000,5,6,bh,-1.0,100,mae,0.026844788618664704
nk_cells,3000,5,6,bh,0.01,100,precision,0.0
nk_cells,3000,5,6,bh,0.01,100,recall,0.0
nk_cells,3000,5,6,bh,0.01,100,f1,0.0
nk_cells,3000,5,6,bh,0.05,100,precision,0.0
nk_cells,3000,5,6,bh,0.05,100,recall,0.0
nk_cells,3000,5,6,bh,0.05,100,f1,0.0
nk_cells,3000,5,7,raw,-1.0,100,mae,0.04738077539734392
nk_cells,3000,5,7,raw,0.01,100,precision,0.6582222222222223
nk_cells,3000,5,7,raw,0.01,100,recall,0.6716553287981859
nk_cells,3000,5,7,raw,0.01,100,f1,0.6648709315375982
nk_cells,3000,5,7,raw,0.05,100,precision,0.8154160807874217
nk_cells,3000,5,7,raw,0.05,100,recall,0.8135441907919908
nk_cells,3000,5,7,raw,0.05,100,f1,0.8144790602655771
nk_cells,3000,5,7,bh,-1.0,100,mae,0.024190143312864794
nk_cells,3000,5,7,bh,0.01,100,precision,0.0
nk_cells,3000,5,7,bh,0.01,100,recall,0.0
nk_cells,3000,5,7,bh,0.01,100,f1,0.0
nk_cells,3000,5,7,bh,0.05,100,precision,0.0
nk_cells,3000,5,7,bh,0.05,100,recall,0.0
nk_cells,3000,5,7,bh,0.05,100,f1,0.0
nk_cells,3000,5,8,raw,-1.0,100,mae,0.05338189771745036
nk_cells,3000,5,8,raw,0.01,100,precision,0.6373333333333333
nk_cells,3000,5,8,raw,0.01,100,recall,0.6494565217391305
nk_cells,3000,5,8,raw,0.01,100,f1,0.6433378196500673
nk_cells,3000,5,8,raw,0.05,100,precision,0.790745238399591
nk_cells,3000,5,8,raw,0.05,100,recall,0.7985026461856203
nk_cells,3000,5,8,raw,0.05,100,f1,0.7946050096339113
nk_cells,3000,5,8,bh,-1.0,100,mae,0.02698885228530849
nk_cells,3000,5,8,bh,0.01,100,precision,0.0
nk_cells,3000,5,8,bh,0.01,100,recall,0.0
nk_cells,3000,5,8,bh,0.01,100,f1,0.0
nk_cells,3000,5,8,bh,0.05,100,precision,0.0
nk_cells,3000,5,8,bh,0.05,100,recall,0.0
nk_cells,3000,5,8,bh,0.05,100,f1,0.0
nk_cells,3000,5,9,raw,-1.0,100,mae,0.04974755524905493
nk_cells,3000,5,9,raw,0.01,100,precision,0.6466666666666666
nk_cells,3000,5,9,raw,0.01,100,recall,0.6708160442600276
nk_cells,3000,5,9,raw,0.01,100,f1,0.658520027155465
nk_cells,3000,5,9,raw,0.05,100,precision,0.806979419659977
nk_cells,3000,5,9,raw,0.05,100,recall,0.8099820374647164
nk_cells,3000,5,9,raw,0.05,100,f1,0.8084779407056413
nk_cells,3000,5,9,bh,-1.0,100,mae,0.02492809770003666
nk_cells,3000,5,9,bh,0.01,100,precision,0.0
nk_cells,3000,5,9,bh,0.01,100,recall,0.0
nk_cells,3000,5,9,bh,0.01,100,f1,0.0
nk_cells,3000,5,9,bh,0.05,100,precision,0.0
nk_cells,3000,5,9,bh,0.05,100,recall,0.0
nk_cells,3000,5,9,bh,0.05,100,f1,0.0
nk_cells,3000,6,7,raw,-1.0,100,mae,0.04872842094341415
nk_cells,3000,6,7,raw,0.01,100,precision,0.6393013100436681
nk_cells,3000,6,7,raw,0.01,100,recall,0.6639455782312925
nk_cells,3000,6,7,raw,0.01,100,f1,0.6513904338153504
nk_cells,3000,6,7,raw,0.05,100,precision,0.805590690614723
nk_cells,3000,6,7,raw,0.05,100,recall,0.8122688432597883
nk_cells,3000,6,7,raw,0.05,100,f1,0.8089159839969517
nk_cells,3000,6,7,bh,-1.0,100,mae,0.025636844520716334
nk_cells,3000,6,7,bh,0.01,100,precision,0.0
nk_cells,3000,6,7,bh,0.01,100,recall,0.0
nk_cells,3000,6,7,bh,0.01,100,f1,0.0
nk_cells,3000,6,7,bh,0.05,100,precision,0.0
nk_cells,3000,6,7,bh,0.05,100,recall,0.0
nk_cells,3000,6,7,bh,0.05,100,f1,0.0
nk_cells,3000,6,8,raw,-1.0,100,mae,0.04605134608340208
nk_cells,3000,6,8,raw,0.01,100,precision,0.6471615720524018
nk_cells,3000,6,8,raw,0.01,100,recall,0.6711956521739131
nk_cells,3000,6,8,raw,0.01,100,f1,0.6589595375722543
nk_cells,3000,6,8,raw,0.05,100,precision,0.7992663799645838
nk_cells,3000,6,8,raw,0.05,100,recall,0.8156705821608364
nk_cells,3000,6,8,raw,0.05,100,f1,0.807385165782917
nk_cells,3000,6,8,bh,-1.0,100,mae,0.024315946499993957
nk_cells,3000,6,8,bh,0.01,100,precision,0.0
nk_cells,3000,6,8,bh,0.01,100,recall,0.0
nk_cells,3000,6,8,bh,0.01,100,f1,0.0
nk_cells,3000,6,8,bh,0.05,100,precision,0.0
nk_cells,3000,6,8,bh,0.05,100,recall,0.0
nk_cells,3000,6,8,bh,0.05,100,f1,0.0
nk_cells,3000,6,9,raw,-1.0,100,mae,0.049682342982050154
nk_cells,3000,6,9,raw,0.01,100,precision,0.6384279475982533
nk_cells,3000,6,9,raw,0.01,100,recall,0.6740433379437529
nk_cells,3000,6,9,raw,0.01,100,f1,0.6557524108544517
nk_cells,3000,6,9,raw,0.05,100,precision,0.7980015178345561
nk_cells,3000,6,9,raw,0.05,100,recall,0.8094688221709007
nk_cells,3000,6,9,raw,0.05,100,f1,0.8036942675159235
nk_cells,3000,6,9,bh,-1.0,100,mae,0.025537700112699464
nk_cells,3000,6,9,bh,0.01,100,precision,0.0
nk_cells,3000,6,9,bh,0.01,100,recall,0.0
nk_cells,3000,6,9,bh,0.01,100,f1,0.0
nk_cells,3000,6,9,bh,0.05,100,precision,0.0
nk_cells,3000,6,9,bh,0.05,100,recall,0.0
nk_cells,3000,6,9,bh,0.05,100,f1,0.0
nk_cells,3000,7,8,raw,-1.0,100,mae,0.051458353171127694
nk_cells,3000,7,8,raw,0.01,100,precision,0.6757369614512472
nk_cells,3000,7,8,raw,0.01,100,recall,0.6748188405797102
nk_cells,3000,7,8,raw,0.01,100,f1,0.6752775889417629
nk_cells,3000,7,8,raw,0.05,100,precision,0.8052544318326744
nk_cells,3000,7,8,raw,0.05,100,recall,0.8150251710339487
nk_cells,3000,7,8,raw,0.05,100,f1,0.8101103412881704
nk_cells,3000,7,8,bh,-1.0,100,mae,0.025562361831232085
nk_cells,3000,7,8,bh,0.01,100,precision,0.0
nk_cells,3000,7,8,bh,0.01,100,recall,0.0
nk_cells,3000,7,8,bh,0.01,100,f1,0.0
nk_cells,3000,7,8,bh,0.05,100,precision,0.0
nk_cells,3000,7,8,bh,0.05,100,recall,0.0
nk_cells,3000,7,8,bh,0.05,100,f1,0.0
nk_cells,3000,7,9,raw,-1.0,100,mae,0.0504737195046927
nk_cells,3000,7,9,raw,0.01,100,precision,0.638095238095238
nk_cells,3000,7,9,raw,0.01,100,recall,0.648686030428769
nk_cells,3000,7,9,raw,0.01,100,f1,0.6433470507544582
nk_cells,3000,7,9,raw,0.05,100,precision,0.7988776941716618
nk_cells,3000,7,9,raw,0.05,100,recall,0.8036951501154734
nk_cells,3000,7,9,raw,0.05,100,f1,0.8012791813239527
nk_cells,3000,7,9,bh,-1.0,100,mae,0.025542585805631457
nk_cells,3000,7,9,bh,0.01,100,precision,0.0
nk_cells,3000,7,9,bh,0.01,100,recall,0.0
nk_cells,3000,7,9,bh,0.01,100,f1,0.0
nk_cells,3000,7,9,bh,0.05,100,precision,0.0
nk_cells,3000,7,9,bh,0.05,100,recall,0.0
nk_cells,3000,7,9,bh,0.05,100,f1,0.0
nk_cells,3000,8,9,raw,-1.0,100,mae,0.046893454966190073
nk_cells,3000,8,9,raw,0.01,100,precision,0.6725543478260869
nk_cells,3000,8,9,raw,0.01,100,recall,0.6846473029045643
nk_cells,3000,8,9,raw,0.01,100,f1,0.67854694996573
nk_cells,3000,8,9,raw,0.05,100,precision,0.8070220730605395
nk_cells,3000,8,9,raw,0.05,100,recall,0.8021555042340262
nk_cells,3000,8,9,raw,0.05,100,f1,0.8045814297664243
nk_cells,3000,8,9,bh,-1.0,100,mae,0.023613719289046892
nk_cells,3000,8,9,bh,0.01,100,precision,0.0
nk_cells,3000,8,9,bh,0.01,100,recall,0.0
nk_cells,3000,8,9,bh,0.01,100,f1,0.0
nk_cells,3000,8,9,bh,0.05,100,precision,0.0
nk_cells,3000,8,9,bh,0.05,100,recall,0.0
nk_cells,3000,8,9,bh,0.05,100,f1,0.0
nk_cells,5000,-1,0,raw,-1.0,100,mae,0.051135951791406245
nk_cells,5000,-1,0,raw,0.01,100,precision,0.6639423076923077
nk_cells,5000,-1,0,raw,0.01,100,recall,0.627442071785552
nk_cells,5000,-1,0,raw,0.01,100,f1,0.6451763606633965
nk_cells,5000,-1,0,raw,0.05,100,precision,0.8079074001820783
nk_cells,5000,-1,0,raw,0.05,100,recall,0.7965123733812027
nk_cells,5000,-1,0,raw,0.05,100,f1,0.8021694214876033
nk_cells,5000,-1,0,bh,-1.0,100,mae,0.02561942440519156
nk_cells,5000,-1,0,bh,0.01,100,precision,0.0
nk_cells,5000,-1,0,bh,0.01,100,recall,0.0
nk_cells,5000,-1,0,bh,0.01,100,f1,0.0
nk_cells,5000,-1,0,bh,0.05,100,precision,0.0
nk_cells,5000,-1,0,bh,0.05,100,recall,0.0
nk_cells,5000,-1,0,bh,0.05,100,f1,0.0
nk_cells,5000,-1,1,raw,-1.0,100,mae,0.04297618393471089
nk_cells,5000,-1,1,raw,0.01,100,precision,0.7197115384615385
nk_cells,5000,-1,1,raw,0.01,100,recall,0.6480519480519481
nk_cells,5000,-1,1,raw,0.01,100,f1,0.682004555808656
nk_cells,5000,-1,1,raw,0.05,100,precision,0.8415918845103394
nk_cells,5000,-1,1,raw,0.05,100,recall,0.8169423052644869
nk_cells,5000,-1,1,raw,0.05,100,f1,0.8290839205637411
nk_cells,5000,-1,1,bh,-1.0,100,mae,0.022905875968600563
nk_cells,5000,-1,1,bh,0.01,100,precision,0.0
nk_cells,5000,-1,1,bh,0.01,100,recall,0.0
nk_cells,5000,-1,1,bh,0.01,100,f1,0.0
nk_cells,5000,-1,1,bh,0.05,100,precision,0.0
nk_cells,5000,-1,1,bh,0.05,100,recall,0.0
nk_cells,5000,-1,1,bh,0.05,100,f1,0.0
nk_cells,5000,-1,2,raw,-1.0,100,mae,0.047332662170000914
nk_cells,5000,-1,2,raw,0.01,100,precision,0.6923076923076923
nk_cells,5000,-1,2,raw,0.01,100,recall,0.684085510688836
nk_cells,5000,-1,2,raw,0.01,100,f1,0.6881720430107527
nk_cells,5000,-1,2,raw,0.05,100,precision,0.8213031603589543
nk_cells,5000,-1,2,raw,0.05,100,recall,0.8250587927880847
nk_cells,5000,-1,2,raw,0.05,100,f1,0.8231766929544417
nk_cells,5000,-1,2,bh,-1.0,100,mae,0.02363658205897939
nk_cells,5000,-1,2,bh,0.01,100,precision,0.0
nk_cells,5000,-1,2,bh,0.01,100,recall,0.0
nk_cells,5000,-1,2,bh,0.01,100,f1,0.0
nk_cells,5000,-1,2,bh,0.05,100,precision,0.0
nk_cells,5000,-1,2,bh,0.05,100,recall,0.0
nk_cells,5000,-1,2,bh,0.05,100,f1,0.0
nk_cells,5000,-1,3,raw,-1.0,100,mae,0.05185180946313109
nk_cells,5000,-1,3,raw,0.01,100,precision,0.6721153846153847
nk_cells,5000,-1,3,raw,0.01,100,recall,0.6756887385210246
nk_cells,5000,-1,3,raw,0.01,100,f1,0.6738973246565437
nk_cells,5000,-1,3,raw,0.05,100,precision,0.8105085186630251
nk_cells,5000,-1,3,raw,0.05,100,recall,0.817097154844631
nk_cells,5000,-1,3,raw,0.05,100,f1,0.8137895011752416
nk_cells,5000,-1,3,bh,-1.0,100,mae,0.025294842522005968
nk_cells,5000,-1,3,bh,0.01,100,precision,0.0
nk_cells,5000,-1,3,bh,0.01,100,recall,0.0
nk_cells,5000,-1,3,bh,0.01,100,f1,0.0
nk_cells,5000,-1,3,bh,0.05,100,precision,0.0
nk_cells,5000,-1,3,bh,0.05,100,recall,0.0
nk_cells,5000,-1,3,bh,0.05,100,f1,0.0
nk_cells,5000,-1,4,raw,-1.0,100,mae,0.04827813556082923
nk_cells,5000,-1,4,raw,0.01,100,precision,0.7052884615384616
nk_cells,5000,-1,4,raw,0.01,100,recall,0.6417322834645669
nk_cells,5000,-1,4,raw,0.01,100,f1,0.6720109940448924
nk_cells,5000,-1,4,raw,0.05,100,precision,0.8369098712446352
nk_cells,5000,-1,4,raw,0.05,100,recall,0.8018691588785046
nk_cells,5000,-1,4,raw,0.05,100,f1,0.8190148911798396
nk_cells,5000,-1,4,bh,-1.0,100,mae,0.025421857321898833
nk_cells,5000,-1,4,bh,0.01,100,precision,0.0
nk_cells,5000,-1,4,bh,0.01,100,recall,0.0
nk_cells,5000,-1,4,bh,0.01,100,f1,0.0
nk_cells,5000,-1,4,bh,0.05,100,precision,0.0
nk_cells,5000,-1,4,bh,0.05,100,recall,0.0
nk_cells,5000,-1,4,bh,0.05,100,f1,0.0
nk_cells,5000,-1,5,raw,-1.0,100,mae,0.04807513779208953
nk_cells,5000,-1,5,raw,0.01,100,precision,0.7240384615384615
nk_cells,5000,-1,5,raw,0.01,100,recall,0.6705253784505788
nk_cells,5000,-1,5,raw,0.01,100,f1,0.6962552011095701
nk_cells,5000,-1,5,raw,0.05,100,precision,0.8302770191182208
nk_cells,5000,-1,5,raw,0.05,100,recall,0.8194070080862533
nk_cells,5000,-1,5,raw,0.05,100,f1,0.8248062015503876
nk_cells,5000,-1,5,bh,-1.0,100,mae,0.023970442921607833
nk_cells,5000,-1,5,bh,0.01,100,precision,0.0
nk_cells,5000,-1,5,bh,0.01,100,recall,0.0
nk_cells,5000,-1,5,bh,0.01,100,f1,0.0
nk_cells,5000,-1,5,bh,0.05,100,precision,0.0
nk_cells,5000,-1,5,bh,0.05,100,recall,0.0
nk_cells,5000,-1,5,bh,0.05,100,f1,0.0
nk_cells,5000,-1,6,raw,-1.0,100,mae,0.0545232868678715
nk_cells,5000,-1,6,raw,0.01,100,precision,0.7048076923076924
nk_cells,5000,-1,6,raw,0.01,100,recall,0.6603603603603604
nk_cells,5000,-1,6,raw,0.01,100,f1,0.6818604651162791
nk_cells,5000,-1,6,raw,0.05,100,precision,0.8118090779034985
nk_cells,5000,-1,6,raw,0.05,100,recall,0.7967832524891498
nk_cells,5000,-1,6,raw,0.05,100,f1,0.8042259872447336
nk_cells,5000,-1,6,bh,-1.0,100,mae,0.026793401268109106
nk_cells,5000,-1,6,bh,0.01,100,precision,0.0
nk_cells,5000,-1,6,bh,0.01,100,recall,0.0
nk_cells,5000,-1,6,bh,0.01,100,f1,0.0
nk_cells,5000,-1,6,bh,0.05,100,precision,0.0
nk_cells,5000,-1,6,bh,0.05,100,recall,0.0
nk_cells,5000,-1,6,bh,0.05,100,f1,0.0
nk_cells,5000,-1,7,raw,-1.0,100,mae,0.050659400111123555
nk_cells,5000,-1,7,raw,0.01,100,precision,0.6807692307692308
nk_cells,5000,-1,7,raw,0.01,100,recall,0.6254416961130742
nk_cells,5000,-1,7,raw,0.01,100,f1,0.6519337016574586
nk_cells,5000,-1,7,raw,0.05,100,precision,0.808947847574457
nk_cells,5000,-1,7,raw,0.05,100,recall,0.8115866388308977
nk_cells,5000,-1,7,raw,0.05,100,f1,0.8102650947697518
nk_cells,5000,-1,7,bh,-1.0,100,mae,0.02623834803161058
nk_cells,5000,-1,7,bh,0.01,100,precision,0.0
nk_cells,5000,-1,7,bh,0.01,100,recall,0.0
nk_cells,5000,-1,7,bh,0.01,100,f1,0.0
nk_cells,5000,-1,7,bh,0.05,100,precision,0.0
nk_cells,5000,-1,7,bh,0.05,100,recall,0.0
nk_cells,5000,-1,7,bh,0.05,100,f1,0.0
nk_cells,5000,-1,8,raw,-1.0,100,mae,0.05090350908420614
nk_cells,5000,-1,8,raw,0.01,100,precision,0.7
nk_cells,5000,-1,8,raw,0.01,100,recall,0.6654478976234004
nk_cells,5000,-1,8,raw,0.01,100,f1,0.6822867853795689
nk_cells,5000,-1,8,raw,0.05,100,precision,0.8151905319287294
nk_cells,5000,-1,8,raw,0.05,100,recall,0.8163584266736129
nk_cells,5000,-1,8,raw,0.05,100,f1,0.8157740613001887
nk_cells,5000,-1,8,bh,-1.0,100,mae,0.025108924999264398
nk_cells,5000,-1,8,bh,0.01,100,precision,0.0
nk_cells,5000,-1,8,bh,0.01,100,recall,0.0
nk_cells,5000,-1,8,bh,0.01,100,f1,0.0
nk_cells,5000,-1,8,bh,0.05,100,precision,0.0
nk_cells,5000,-1,8,bh,0.05,100,recall,0.0
nk_cells,5000,-1,8,bh,0.05,100,f1,0.0
nk_cells,5000,-1,9,raw,-1.0,100,mae,0.048152320099909614
nk_cells,5000,-1,9,raw,0.01,100,precision,0.7341346153846153
nk_cells,5000,-1,9,raw,0.01,100,recall,0.6859838274932615
nk_cells,5000,-1,9,raw,0.01,100,f1,0.709242916860195
nk_cells,5000,-1,9,raw,0.05,100,precision,0.8341786968396411
nk_cells,5000,-1,9,raw,0.05,100,recall,0.82633341922185
nk_cells,5000,-1,9,raw,0.05,100,f1,0.830237525079283
nk_cells,5000,-1,9,bh,-1.0,100,mae,0.024058408482904897
nk_cells,5000,-1,9,bh,0.01,100,precision,0.0
nk_cells,5000,-1,9,bh,0.01,100,recall,0.0
nk_cells,5000,-1,9,bh,0.01,100,f1,0.0
nk_cells,5000,-1,9,bh,0.05,100,precision,0.0
nk_cells,5000,-1,9,bh,0.05,100,recall,0.0
nk_cells,5000,-1,9,bh,0.05,100,f1,0.0
nk_cells,5000,0,1,raw,-1.0,100,mae,0.04957978573991116
nk_cells,5000,0,1,raw,0.01,100,precision,0.6547024079963653
nk_cells,5000,0,1,raw,0.01,100,recall,0.6238095238095238
nk_cells,5000,0,1,raw,0.01,100,f1,0.6388827311017513
nk_cells,5000,0,1,raw,0.05,100,precision,0.808308757533017
nk_cells,5000,0,1,raw,0.05,100,recall,0.7958591086983967
nk_cells,5000,0,1,raw,0.05,100,f1,0.8020356234096692
nk_cells,5000,0,1,bh,-1.0,100,mae,0.026137821625051936
nk_cells,5000,0,1,bh,0.01,100,precision,0.0
nk_cells,5000,0,1,bh,0.01,100,recall,0.0
nk_cells,5000,0,1,bh,0.01,100,f1,0.0
nk_cells,5000,0,1,bh,0.05,100,precision,0.0
nk_cells,5000,0,1,bh,0.05,100,recall,0.0
nk_cells,5000,0,1,bh,0.05,100,f1,0.0
nk_cells,5000,0,2,raw,-1.0,100,mae,0.049647604472991776
nk_cells,5000,0,2,raw,0.01,100,precision,0.6487960018173557
nk_cells,5000,0,2,raw,0.01,100,recall,0.6783847980997625
nk_cells,5000,0,2,raw,0.01,100,f1,0.6632605666511844
nk_cells,5000,0,2,raw,0.05,100,precision,0.8092063085010899
nk_cells,5000,0,2,raw,0.05,100,recall,0.8245361902273322
nk_cells,5000,0,2,raw,0.05,100,f1,0.8167993269915227
nk_cells,5000,0,2,bh,-1.0,100,mae,0.025135142479368818
nk_cells,5000,0,2,bh,0.01,100,precision,0.0
nk_cells,5000,0,2,bh,0.01,100,recall,0.0
nk_cells,5000,0,2,bh,0.01,100,f1,0.0
nk_cells,5000,0,2,bh,0.05,100,precision,0.0
nk_cells,5000,0,2,bh,0.05,100,recall,0.0
nk_cells,5000,0,2,bh,0.05,100,f1,0.0
nk_cells,5000,0,3,raw,-1.0,100,mae,0.04612007397192429
nk_cells,5000,0,3,raw,0.01,100,precision,0.6715129486597001
nk_cells,5000,0,3,raw,0.01,100,recall,0.7143547607539874
nk_cells,5000,0,3,raw,0.01,100,f1,0.6922716627634661
nk_cells,5000,0,3,raw,0.05,100,precision,0.8177971534812155
nk_cells,5000,0,3,raw,0.05,100,recall,0.8362396748393864
nk_cells,5000,0,3,raw,0.05,100,f1,0.8269155970439518
nk_cells,5000,0,3,bh,-1.0,100,mae,0.02332628294605707
nk_cells,5000,0,3,bh,0.01,100,precision,0.0
nk_cells,5000,0,3,bh,0.01,100,recall,0.0
nk_cells,5000,0,3,bh,0.01,100,f1,0.0
nk_cells,5000,0,3,bh,0.05,100,precision,0.0
nk_cells,5000,0,3,bh,0.05,100,recall,0.0
nk_cells,5000,0,3,bh,0.05,100,f1,0.0
nk_cells,5000,0,4,raw,-1.0,100,mae,0.05081480014738066
nk_cells,5000,0,4,raw,0.01,100,precision,0.6515220354384371
nk_cells,5000,0,4,raw,0.01,100,recall,0.6272965879265092
nk_cells,5000,0,4,raw,0.01,100,f1,0.6391798529084021
nk_cells,5000,0,4,raw,0.05,100,precision,0.8107449673035004
nk_cells,5000,0,4,raw,0.05,100,recall,0.7879127725856698
nk_cells,5000,0,4,raw,0.05,100,f1,0.7991658240647118
nk_cells,5000,0,4,bh,-1.0,100,mae,0.026729852977465086
nk_cells,5000,0,4,bh,0.01,100,precision,0.0
nk_cells,5000,0,4,bh,0.01,100,recall,0.0
nk_cells,5000,0,4,bh,0.01,100,f1,0.0
nk_cells,5000,0,4,bh,0.05,100,precision,0.0
nk_cells,5000,0,4,bh,0.05,100,recall,0.0
nk_cells,5000,0,4,bh,0.05,100,f1,0.0
nk_cells,5000,0,5,raw,-1.0,100,mae,0.050667941672548816
nk_cells,5000,0,5,raw,0.01,100,precision,0.6474329850068151
nk_cells,5000,0,5,raw,0.01,100,recall,0.6344612644701692
nk_cells,5000,0,5,raw,0.01,100,f1,0.6408814931414437
nk_cells,5000,0,5,raw,0.05,100,precision,0.8020259007565073
nk_cells,5000,0,5,raw,0.05,100,recall,0.8028494416634578
nk_cells,5000,0,5,raw,0.05,100,f1,0.8024374599101989
nk_cells,5000,0,5,bh,-1.0,100,mae,0.026066369907746717
nk_cells,5000,0,5,bh,0.01,100,precision,0.0
nk_cells,5000,0,5,bh,0.01,100,recall,0.0
nk_cells,5000,0,5,bh,0.01,100,f1,0.0
nk_cells,5000,0,5,bh,0.05,100,precision,0.0
nk_cells,5000,0,5,bh,0.05,100,recall,0.0
nk_cells,5000,0,5,bh,0.05,100,f1,0.0
nk_cells,5000,0,6,raw,-1.0,100,mae,0.04922835660547874
nk_cells,5000,0,6,raw,0.01,100,precision,0.6497046796910495
nk_cells,5000,0,6,raw,0.01,100,recall,0.6441441441441441
nk_cells,5000,0,6,raw,0.01,100,f1,0.6469124632436101
nk_cells,5000,0,6,raw,0.05,100,precision,0.8030516732914477
nk_cells,5000,0,6,raw,0.05,100,recall,0.7994638754148583
nk_cells,5000,0,6,raw,0.05,100,f1,0.8012537580758652
nk_cells,5000,0,6,bh,-1.0,100,mae,0.025491232054078456
nk_cells,5000,0,6,bh,0.01,100,precision,0.0
nk_cells,5000,0,6,bh,0.01,100,recall,0.0
nk_cells,5000,0,6,bh,0.01,100,f1,0.0
nk_cells,5000,0,6,bh,0.05,100,precision,0.0
nk_cells,5000,0,6,bh,0.05,100,recall,0.0
nk_cells,5000,0,6,bh,0.05,100,f1,0.0
nk_cells,5000,0,7,raw,-1.0,100,mae,0.0462818472460246
nk_cells,5000,0,7,raw,0.01,100,precision,0.6951385733757383
nk_cells,5000,0,7,raw,0.01,100,recall,0.6757950530035336
nk_cells,5000,0,7,raw,0.01,100,f1,0.6853303471444568
nk_cells,5000,0,7,raw,0.05,100,precision,0.8193358122836261
nk_cells,5000,0,7,raw,0.05,100,recall,0.833768267223382
nk_cells,5000,0,7,raw,0.05,100,f1,0.8264890383496087
nk_cells,5000,0,7,bh,-1.0,100,mae,0.024653040072366822
nk_cells,5000,0,7,bh,0.01,100,precision,0.0
nk_cells,5000,0,7,bh,0.01,100,recall,0.0
nk_cells,5000,0,7,bh,0.01,100,f1,0.0
nk_cells,5000,0,7,bh,0.05,100,precision,0.0
nk_cells,5000,0,7,bh,0.05,100,recall,0.0
nk_cells,5000,0,7,bh,0.05,100,f1,0.0
nk_cells,5000,0,8,raw,-1.0,100,mae,0.04846219277278728
nk_cells,5000,0,8,raw,0.01,100,precision,0.6715129486597001
nk_cells,5000,0,8,raw,0.01,100,recall,0.6755027422303473
nk_cells,5000,0,8,raw,0.01,100,f1,0.6735019366598314
nk_cells,5000,0,8,raw,0.05,100,precision,0.8184382613155533
nk_cells,5000,0,8,raw,0.05,100,recall,0.8313362854910132
nk_cells,5000,0,8,raw,0.05,100,f1,0.8248368546876009
nk_cells,5000,0,8,bh,-1.0,100,mae,0.02480941792783056
nk_cells,5000,0,8,bh,0.01,100,precision,0.0
nk_cells,5000,0,8,bh,0.01,100,recall,0.0
nk_cells,5000,0,8,bh,0.01,100,f1,0.0
nk_cells,5000,0,8,bh,0.05,100,precision,0.0
nk_cells,5000,0,8,bh,0.05,100,recall,0.0
nk_cells,5000,0,8,bh,0.05,100,f1,0.0
nk_cells,5000,0,9,raw,-1.0,100,mae,0.046030456078068674
nk_cells,5000,0,9,raw,0.01,100,precision,0.6696955929123126
nk_cells,5000,0,9,raw,0.01,100,recall,0.6621743036837376
nk_cells,5000,0,9,raw,0.01,100,f1,0.6659137113169189
nk_cells,5000,0,9,raw,0.05,100,precision,0.80971919476856
nk_cells,5000,0,9,raw,0.05,100,recall,0.8135789744911105
nk_cells,5000,0,9,raw,0.05,100,f1,0.8116444958550222
nk_cells,5000,0,9,bh,-1.0,100,mae,0.023893636684008342
nk_cells,5000,0,9,bh,0.01,100,precision,0.0
nk_cells,5000,0,9,bh,0.01,100,recall,0.0
nk_cells,5000,0,9,bh,0.01,100,f1,0.0
nk_cells,5000,0,9,bh,0.05,100,precision,0.0
nk_cells,5000,0,9,bh,0.05,100,recall,0.0
nk_cells,5000,0,9,bh,0.05,100,f1,0.0
nk_cells,5000,1,2,raw,-1.0,100,mae,0.046961923626658665
nk_cells,5000,1,2,raw,0.01,100,precision,0.6363636363636364
nk_cells,5000,1,2,raw,0.01,100,recall,0.6983372921615202
nk_cells,5000,1,2,raw,0.01,100,f1,0.665911664779162
nk_cells,5000,1,2,raw,0.05,100,precision,0.8046963767201111
nk_cells,5000,1,2,raw,0.05,100,recall,0.8327671805591847
nk_cells,5000,1,2,raw,0.05,100,f1,0.8184911717495987
nk_cells,5000,1,2,bh,-1.0,100,mae,0.024347413768565283
nk_cells,5000,1,2,bh,0.01,100,precision,0.0
nk_cells,5000,1,2,bh,0.01,100,recall,0.0
nk_cells,5000,1,2,bh,0.01,100,f1,0.0
nk_cells,5000,1,2,bh,0.05,100,precision,0.0
nk_cells,5000,1,2,bh,0.05,100,recall,0.0
nk_cells,5000,1,2,bh,0.05,100,f1,0.0
nk_cells,5000,1,3,raw,-1.0,100,mae,0.05145382855546525
nk_cells,5000,1,3,raw,0.01,100,precision,0.6225108225108225
nk_cells,5000,1,3,raw,0.01,100,recall,0.6950217496375061
nk_cells,5000,1,3,raw,0.01,100,f1,0.6567709522722083
nk_cells,5000,1,3,raw,0.05,100,precision,0.7961116020704456
nk_cells,5000,1,3,raw,0.05,100,recall,0.8267995279926577
nk_cells,5000,1,3,raw,0.05,100,f1,0.811165423205557
nk_cells,5000,1,3,bh,-1.0,100,mae,0.026410675285852028
nk_cells,5000,1,3,bh,0.01,100,precision,0.0
nk_cells,5000,1,3,bh,0.01,100,recall,0.0
nk_cells,5000,1,3,bh,0.01,100,f1,0.0
nk_cells,5000,1,3,bh,0.05,100,precision,0.0
nk_cells,5000,1,3,bh,0.05,100,recall,0.0
nk_cells,5000,1,3,bh,0.05,100,f1,0.0
nk_cells,5000,1,4,raw,-1.0,100,mae,0.04853389235718789
nk_cells,5000,1,4,raw,0.01,100,precision,0.6948051948051948
nk_cells,5000,1,4,raw,0.01,100,recall,0.7020997375328084
nk_cells,5000,1,4,raw,0.01,100,f1,0.6984334203655352
nk_cells,5000,1,4,raw,0.05,100,precision,0.829566973866936
nk_cells,5000,1,4,raw,0.05,100,recall,0.818816199376947
nk_cells,5000,1,4,raw,0.05,100,f1,0.8241565282829549
nk_cells,5000,1,4,bh,-1.0,100,mae,0.024970531954343338
nk_cells,5000,1,4,bh,0.01,100,precision,0.0
nk_cells,5000,1,4,bh,0.01,100,recall,0.0
nk_cells,5000,1,4,bh,0.01,100,f1,0.0
nk_cells,5000,1,4,bh,0.05,100,precision,0.0
nk_cells,5000,1,4,bh,0.05,100,recall,0.0
nk_cells,5000,1,4,bh,0.05,100,f1,0.0
nk_cells,5000,1,5,raw,-1.0,100,mae,0.04809138309367745
nk_cells,5000,1,5,raw,0.01,100,precision,0.6913419913419914
nk_cells,5000,1,5,raw,0.01,100,recall,0.7110418521816563
nk_cells,5000,1,5,raw,0.01,100,f1,0.7010535557506584
nk_cells,5000,1,5,raw,0.05,100,precision,0.8198459790430501
nk_cells,5000,1,5,raw,0.05,100,recall,0.8335258631754588
nk_cells,5000,1,5,raw,0.05,100,f1,0.8266293279022403
nk_cells,5000,1,5,bh,-1.0,100,mae,0.024352699301817902
nk_cells,5000,1,5,bh,0.01,100,precision,0.0
nk_cells,5000,1,5,bh,0.01,100,recall,0.0
nk_cells,5000,1,5,bh,0.01,100,f1,0.0
nk_cells,5000,1,5,bh,0.05,100,precision,0.0
nk_cells,5000,1,5,bh,0.05,100,recall,0.0
nk_cells,5000,1,5,bh,0.05,100,f1,0.0
nk_cells,5000,1,6,raw,-1.0,100,mae,0.05150272517437063
nk_cells,5000,1,6,raw,0.01,100,precision,0.6316017316017316
nk_cells,5000,1,6,raw,0.01,100,recall,0.6572072072072072
nk_cells,5000,1,6,raw,0.01,100,f1,0.6441501103752759
nk_cells,5000,1,6,raw,0.05,100,precision,0.7928291882338089
nk_cells,5000,1,6,raw,0.05,100,recall,0.8016339034975747
nk_cells,5000,1,6,raw,0.05,100,f1,0.7972072357981593
nk_cells,5000,1,6,bh,-1.0,100,mae,0.0263274041049606
nk_cells,5000,1,6,bh,0.01,100,precision,0.0
nk_cells,5000,1,6,bh,0.01,100,recall,0.0
nk_cells,5000,1,6,bh,0.01,100,f1,0.0
nk_cells,5000,1,6,bh,0.05,100,precision,0.0
nk_cells,5000,1,6,bh,0.05,100,recall,0.0
nk_cells,5000,1,6,bh,0.05,100,f1,0.0
nk_cells,5000,1,7,raw,-1.0,100,mae,0.05066458511818245
nk_cells,5000,1,7,raw,0.01,100,precision,0.6623376623376623
nk_cells,5000,1,7,raw,0.01,100,recall,0.6757950530035336
nk_cells,5000,1,7,raw,0.01,100,f1,0.6689986882378662
nk_cells,5000,1,7,raw,0.05,100,precision,0.8000252493372049
nk_cells,5000,1,7,raw,0.05,100,recall,0.8268528183716075
nk_cells,5000,1,7,raw,0.05,100,f1,0.8132178376644209
nk_cells,5000,1,7,bh,-1.0,100,mae,0.025734798720812847
nk_cells,5000,1,7,bh,0.01,100,precision,0.0
nk_cells,5000,1,7,bh,0.01,100,recall,0.0
nk_cells,5000,1,7,bh,0.01,100,f1,0.0
nk_cells,5000,1,7,bh,0.05,100,precision,0.0
nk_cells,5000,1,7,bh,0.05,100,recall,0.0
nk_cells,5000,1,7,bh,0.05,100,f1,0.0
nk_cells,5000,1,8,raw,-1.0,100,mae,0.050178403762696396
nk_cells,5000,1,8,raw,0.01,100,precision,0.6372294372294373
nk_cells,5000,1,8,raw,0.01,100,recall,0.6727605118829981
nk_cells,5000,1,8,raw,0.01,100,f1,0.6545131169408626
nk_cells,5000,1,8,raw,0.05,100,precision,0.7899255144552455
nk_cells,5000,1,8,raw,0.05,100,recall,0.8149257619171659
nk_cells,5000,1,8,raw,0.05,100,f1,0.802230912237964
nk_cells,5000,1,8,bh,-1.0,100,mae,0.02582881880094793
nk_cells,5000,1,8,bh,0.01,100,precision,0.0
nk_cells,5000,1,8,bh,0.01,100,recall,0.0
nk_cells,5000,1,8,bh,0.01,100,f1,0.0
nk_cells,5000,1,8,bh,0.05,100,precision,0.0
nk_cells,5000,1,8,bh,0.05,100,recall,0.0
nk_cells,5000,1,8,bh,0.05,100,f1,0.0
nk_cells,5000,1,9,raw,-1.0,100,mae,0.047151302847894636
nk_cells,5000,1,9,raw,0.01,100,precision,0.6787878787878788
nk_cells,5000,1,9,raw,0.01,100,recall,0.7044025157232704
nk_cells,5000,1,9,raw,0.01,100,f1,0.691358024691358
nk_cells,5000,1,9,raw,0.05,100,precision,0.8127761646256786
nk_cells,5000,1,9,raw,0.05,100,recall,0.8294254058232414
nk_cells,5000,1,9,raw,0.05,100,f1,0.8210163871708219
nk_cells,5000,1,9,bh,-1.0,100,mae,0.024452288255746527
nk_cells,5000,1,9,bh,0.01,100,precision,0.0
nk_cells,5000,1,9,bh,0.01,100,recall,0.0
nk_cells,5000,1,9,bh,0.01,100,f1,0.0
nk_cells,5000,1,9,bh,0.05,100,precision,0.0
nk_cells,5000,1,9,bh,0.05,100,recall,0.0
nk_cells,5000,1,9,bh,0.05,100,f1,0.0
nk_cells,5000,2,3,raw,-1.0,100,mae,0.048941458150870094
nk_cells,5000,2,3,raw,0.01,100,precision,0.6812351543942993
nk_cells,5000,2,3,raw,0.01,100,recall,0.6930884485258579
nk_cells,5000,2,3,raw,0.01,100,f1,0.6871106851940585
nk_cells,5000,2,3,raw,0.05,100,precision,0.8153906454141625
nk_cells,5000,2,3,raw,0.05,100,recall,0.818277173200472
nk_cells,5000,2,3,raw,0.05,100,f1,0.8168313592042405
nk_cells,5000,2,3,bh,-1.0,100,mae,0.023243188808350673
nk_cells,5000,2,3,bh,0.01,100,precision,0.0
nk_cells,5000,2,3,bh,0.01,100,recall,0.0
nk_cells,5000,2,3,bh,0.01,100,f1,0.0
nk_cells,5000,2,3,bh,0.05,100,precision,0.0
nk_cells,5000,2,3,bh,0.05,100,recall,0.0
nk_cells,5000,2,3,bh,0.05,100,f1,0.0
nk_cells,5000,2,4,raw,-1.0,100,mae,0.052338847082486116
nk_cells,5000,2,4,raw,0.01,100,precision,0.6479809976247031
nk_cells,5000,2,4,raw,0.01,100,recall,0.5966754155730534
nk_cells,5000,2,4,raw,0.01,100,f1,0.6212707811432475
nk_cells,5000,2,4,raw,0.05,100,precision,0.8045466422785472
nk_cells,5000,2,4,raw,0.05,100,recall,0.7673520249221184
nk_cells,5000,2,4,raw,0.05,100,f1,0.7855092799285669
nk_cells,5000,2,4,bh,-1.0,100,mae,0.027476681108317136
nk_cells,5000,2,4,bh,0.01,100,precision,0.0
nk_cells,5000,2,4,bh,0.01,100,recall,0.0
nk_cells,5000,2,4,bh,0.01,100,f1,0.0
nk_cells,5000,2,4,bh,0.05,100,precision,0.0
nk_cells,5000,2,4,bh,0.05,100,recall,0.0
nk_cells,5000,2,4,bh,0.05,100,f1,0.0
nk_cells,5000,2,5,raw,-1.0,100,mae,0.05044254404099681
nk_cells,5000,2,5,raw,0.01,100,precision,0.6807600950118765
nk_cells,5000,2,5,raw,0.01,100,recall,0.6380231522707035
nk_cells,5000,2,5,raw,0.01,100,f1,0.6586991496207768
nk_cells,5000,2,5,raw,0.05,100,precision,0.8195714659001829
nk_cells,5000,2,5,raw,0.05,100,recall,0.8051597997689642
nk_cells,5000,2,5,raw,0.05,100,f1,0.8123017157656199
nk_cells,5000,2,5,bh,-1.0,100,mae,0.02581423561184221
nk_cells,5000,2,5,bh,0.01,100,precision,0.0
nk_cells,5000,2,5,bh,0.01,100,recall,0.0
nk_cells,5000,2,5,bh,0.01,100,f1,0.0
nk_cells,5000,2,5,bh,0.05,100,precision,0.0
nk_cells,5000,2,5,bh,0.05,100,recall,0.0
nk_cells,5000,2,5,bh,0.05,100,f1,0.0
nk_cells,5000,2,6,raw,-1.0,100,mae,0.049860661366198364
nk_cells,5000,2,6,raw,0.01,100,precision,0.6688836104513064
nk_cells,5000,2,6,raw,0.01,100,recall,0.6342342342342342
nk_cells,5000,2,6,raw,0.01,100,f1,0.6510982658959538
nk_cells,5000,2,6,raw,0.05,100,precision,0.8109485236477659
nk_cells,5000,2,6,raw,0.05,100,recall,0.7923155476129691
nk_cells,5000,2,6,raw,0.05,100,f1,0.8015237603305785
nk_cells,5000,2,6,bh,-1.0,100,mae,0.0252225791240634
nk_cells,5000,2,6,bh,0.01,100,precision,0.0
nk_cells,5000,2,6,bh,0.01,100,recall,0.0
nk_cells,5000,2,6,bh,0.01,100,f1,0.0
nk_cells,5000,2,6,bh,0.05,100,precision,0.0
nk_cells,5000,2,6,bh,0.05,100,recall,0.0
nk_cells,5000,2,6,bh,0.05,100,f1,0.0
nk_cells,5000,2,7,raw,-1.0,100,mae,0.04935562112833047
nk_cells,5000,2,7,raw,0.01,100,precision,0.6935866983372921
nk_cells,5000,2,7,raw,0.01,100,recall,0.6448763250883393
nk_cells,5000,2,7,raw,0.01,100,f1,0.6683451590753032
nk_cells,5000,2,7,raw,0.05,100,precision,0.8230990331852626
nk_cells,5000,2,7,raw,0.05,100,recall,0.8220250521920668
nk_cells,5000,2,7,raw,0.05,100,f1,0.8225616921269095
nk_cells,5000,2,7,bh,-1.0,100,mae,0.024420899000035783
nk_cells,5000,2,7,bh,0.01,100,precision,0.0
nk_cells,5000,2,7,bh,0.01,100,recall,0.0
nk_cells,5000,2,7,bh,0.01,100,f1,0.0
nk_cells,5000,2,7,bh,0.05,100,precision,0.0
nk_cells,5000,2,7,bh,0.05,100,recall,0.0
nk_cells,5000,2,7,bh,0.05,100,f1,0.0
nk_cells,5000,2,8,raw,-1.0,100,mae,0.04810478296456235
nk_cells,5000,2,8,raw,0.01,100,precision,0.6845605700712589
nk_cells,5000,2,8,raw,0.01,100,recall,0.6585923217550275
nk_cells,5000,2,8,raw,0.01,100,f1,0.6713254134637783
nk_cells,5000,2,8,raw,0.05,100,precision,0.8125163313300235
nk_cells,5000,2,8,raw,0.05,100,recall,0.8099765563948945
nk_cells,5000,2,8,raw,0.05,100,f1,0.8112444560396557
nk_cells,5000,2,8,bh,-1.0,100,mae,0.023736043914094115
nk_cells,5000,2,8,bh,0.01,100,precision,0.0
nk_cells,5000,2,8,bh,0.01,100,recall,0.0
nk_cells,5000,2,8,bh,0.01,100,f1,0.0
nk_cells,5000,2,8,bh,0.05,100,precision,0.0
nk_cells,5000,2,8,bh,0.05,100,recall,0.0
nk_cells,5000,2,8,bh,0.05,100,f1,0.0
nk_cells,5000,2,9,raw,-1.0,100,mae,0.05323752367688157
nk_cells,5000,2,9,raw,0.01,100,precision,0.6731591448931117
nk_cells,5000,2,9,raw,0.01,100,recall,0.6365678346810423
nk_cells,5000,2,9,raw,0.01,100,f1,0.6543523435696144
nk_cells,5000,2,9,raw,0.05,100,precision,0.8070290044421218
nk_cells,5000,2,9,raw,0.05,100,recall,0.7958000515331101
nk_cells,5000,2,9,raw,0.05,100,f1,0.8013751946030099
nk_cells,5000,2,9,bh,-1.0,100,mae,0.026393739080001612
nk_cells,5000,2,9,bh,0.01,100,precision,0.0
nk_cells,5000,2,9,bh,0.01,100,recall,0.0
nk_cells,5000,2,9,bh,0.01,100,f1,0.0
nk_cells,5000,2,9,bh,0.05,100,precision,0.0
nk_cells,5000,2,9,bh,0.05,100,recall,0.0
nk_cells,5000,2,9,bh,0.05,100,f1,0.0
nk_cells,5000,3,4,raw,-1.0,100,mae,0.046011128226552435
nk_cells,5000,3,4,raw,0.01,100,precision,0.7100048332527791
nk_cells,5000,3,4,raw,0.01,100,recall,0.6426071741032371
nk_cells,5000,3,4,raw,0.01,100,f1,0.6746268656716418
nk_cells,5000,3,4,raw,0.05,100,precision,0.8341418644290022
nk_cells,5000,3,4,raw,0.05,100,recall,0.7927725856697819
nk_cells,5000,3,4,raw,0.05,100,f1,0.8129312547917199
nk_cells,5000,3,4,bh,-1.0,100,mae,0.02445941984255821
nk_cells,5000,3,4,bh,0.01,100,precision,0.0
nk_cells,5000,3,4,bh,0.01,100,recall,0.0
nk_cells,5000,3,4,bh,0.01,100,f1,0.0
nk_cells,5000,3,4,bh,0.05,100,precision,0.0
nk_cells,5000,3,4,bh,0.05,100,recall,0.0
nk_cells,5000,3,4,bh,0.05,100,f1,0.0
nk_cells,5000,3,5,raw,-1.0,100,mae,0.047767646850096615
nk_cells,5000,3,5,raw,0.01,100,precision,0.6964717254712421
nk_cells,5000,3,5,raw,0.01,100,recall,0.6415850400712377
nk_cells,5000,3,5,raw,0.01,100,f1,0.6679026651216686
nk_cells,5000,3,5,raw,0.05,100,precision,0.8216861151173462
nk_cells,5000,3,5,raw,0.05,100,recall,0.8043896804004621
nk_cells,5000,3,5,raw,0.05,100,f1,0.8129459073809833
nk_cells,5000,3,5,bh,-1.0,100,mae,0.024730920708007285
nk_cells,5000,3,5,bh,0.01,100,precision,0.0
nk_cells,5000,3,5,bh,0.01,100,recall,0.0
nk_cells,5000,3,5,bh,0.01,100,f1,0.0
nk_cells,5000,3,5,bh,0.05,100,precision,0.0
nk_cells,5000,3,5,bh,0.05,100,recall,0.0
nk_cells,5000,3,5,bh,0.05,100,f1,0.0
nk_cells,5000,3,6,raw,-1.0,100,mae,0.04709914188765493
nk_cells,5000,3,6,raw,0.01,100,precision,0.6906718221362977
nk_cells,5000,3,6,raw,0.01,100,recall,0.6436936936936937
nk_cells,5000,3,6,raw,0.01,100,f1,0.6663557938913499
nk_cells,5000,3,6,raw,0.05,100,precision,0.8191949652550151
nk_cells,5000,3,6,raw,0.05,100,recall,0.797549144753638
nk_cells,5000,3,6,raw,0.05,100,f1,0.8082271521893797
nk_cells,5000,3,6,bh,-1.0,100,mae,0.023806825828740826
nk_cells,5000,3,6,bh,0.01,100,precision,0.0
nk_cells,5000,3,6,bh,0.01,100,recall,0.0
nk_cells,5000,3,6,bh,0.01,100,f1,0.0
nk_cells,5000,3,6,bh,0.05,100,precision,0.0
nk_cells,5000,3,6,bh,0.05,100,recall,0.0
nk_cells,5000,3,6,bh,0.05,100,f1,0.0
nk_cells,5000,3,7,raw,-1.0,100,mae,0.05226622536776507
nk_cells,5000,3,7,raw,0.01,100,precision,0.6829386176897052
nk_cells,5000,3,7,raw,0.01,100,recall,0.6241166077738516
nk_cells,5000,3,7,raw,0.01,100,f1,0.6522040156935149
nk_cells,5000,3,7,raw,0.05,100,precision,0.8028058214238888
nk_cells,5000,3,7,raw,0.05,100,recall,0.7989300626304802
nk_cells,5000,3,7,raw,0.05,100,f1,0.8008632528938592
nk_cells,5000,3,7,bh,-1.0,100,mae,0.025799720844225656
nk_cells,5000,3,7,bh,0.01,100,precision,0.0
nk_cells,5000,3,7,bh,0.01,100,recall,0.0
nk_cells,5000,3,7,bh,0.01,100,f1,0.0
nk_cells,5000,3,7,bh,0.05,100,precision,0.0
nk_cells,5000,3,7,bh,0.05,100,recall,0.0
nk_cells,5000,3,7,bh,0.05,100,f1,0.0
nk_cells,5000,3,8,raw,-1.0,100,mae,0.045288388827979115
nk_cells,5000,3,8,raw,0.01,100,precision,0.7071048815853069
nk_cells,5000,3,8,raw,0.01,100,recall,0.6686471663619744
nk_cells,5000,3,8,raw,0.01,100,f1,0.6873385012919897
nk_cells,5000,3,8,raw,0.05,100,precision,0.8277173200472008
nk_cells,5000,3,8,raw,0.05,100,recall,0.822219327949987
nk_cells,5000,3,8,raw,0.05,100,f1,0.8249591636720026
nk_cells,5000,3,8,bh,-1.0,100,mae,0.022647661159121747
nk_cells,5000,3,8,bh,0.01,100,precision,0.0
nk_cells,5000,3,8,bh,0.01,100,recall,0.0
nk_cells,5000,3,8,bh,0.01,100,f1,0.0
nk_cells,5000,3,8,bh,0.05,100,precision,0.0
nk_cells,5000,3,8,bh,0.05,100,recall,0.0
nk_cells,5000,3,8,bh,0.05,100,f1,0.0
nk_cells,5000,3,9,raw,-1.0,100,mae,0.04343189810440991
nk_cells,5000,3,9,raw,0.01,100,precision,0.7341710971483809
nk_cells,5000,3,9,raw,0.01,100,recall,0.6823899371069182
nk_cells,5000,3,9,raw,0.01,100,f1,0.7073341094295693
nk_cells,5000,3,9,raw,0.05,100,precision,0.8409597482627508
nk_cells,5000,3,9,raw,0.05,100,recall,0.82633341922185
nk_cells,5000,3,9,raw,0.05,100,f1,0.8335824290077328
nk_cells,5000,3,9,bh,-1.0,100,mae,0.02192938003692475
nk_cells,5000,3,9,bh,0.01,100,precision,0.0
nk_cells,5000,3,9,bh,0.01,100,recall,0.0
nk_cells,5000,3,9,bh,0.01,100,f1,0.0
nk_cells,5000,3,9,bh,0.05,100,precision,0.0
nk_cells,5000,3,9,bh,0.05,100,recall,0.0
nk_cells,5000,3,9,bh,0.05,100,f1,0.0
nk_cells,5000,4,5,raw,-1.0,100,mae,0.04769131290217133
nk_cells,5000,4,5,raw,0.01,100,precision,0.668416447944007
nk_cells,5000,4,5,raw,0.01,100,recall,0.680320569902048
nk_cells,5000,4,5,raw,0.01,100,f1,0.6743159752868491
nk_cells,5000,4,5,raw,0.05,100,precision,0.8004984423676013
nk_cells,5000,4,5,raw,0.05,100,recall,0.8245411372096009
nk_cells,5000,4,5,raw,0.05,100,f1,0.8123419322205362
nk_cells,5000,4,5,bh,-1.0,100,mae,0.02515139368951253
nk_cells,5000,4,5,bh,0.01,100,precision,0.0
nk_cells,5000,4,5,bh,0.01,100,recall,0.0
nk_cells,5000,4,5,bh,0.01,100,f1,0.0
nk_cells,5000,4,5,bh,0.05,100,precision,0.0
nk_cells,5000,4,5,bh,0.05,100,recall,0.0
nk_cells,5000,4,5,bh,0.05,100,f1,0.0
nk_cells,5000,4,6,raw,-1.0,100,mae,0.04787127849016473
nk_cells,5000,4,6,raw,0.01,100,precision,0.6570428696412949
nk_cells,5000,4,6,raw,0.01,100,recall,0.6765765765765765
nk_cells,5000,4,6,raw,0.01,100,f1,0.6666666666666666
nk_cells,5000,4,6,raw,0.05,100,precision,0.7926479750778817
nk_cells,5000,4,6,raw,0.05,100,recall,0.8119734490681644
nk_cells,5000,4,6,raw,0.05,100,f1,0.8021943376001008
nk_cells,5000,4,6,bh,-1.0,100,mae,0.024989029462534177
nk_cells,5000,4,6,bh,0.01,100,precision,0.0
nk_cells,5000,4,6,bh,0.01,100,recall,0.0
nk_cells,5000,4,6,bh,0.01,100,f1,0.0
nk_cells,5000,4,6,bh,0.05,100,precision,0.0
nk_cells,5000,4,6,bh,0.05,100,recall,0.0
nk_cells,5000,4,6,bh,0.05,100,f1,0.0
nk_cells,5000,4,7,raw,-1.0,100,mae,0.049393781515647966
nk_cells,5000,4,7,raw,0.01,100,precision,0.6846019247594051
nk_cells,5000,4,7,raw,0.01,100,recall,0.6912544169611308
nk_cells,5000,4,7,raw,0.01,100,f1,0.6879120879120879
nk_cells,5000,4,7,raw,0.05,100,precision,0.7958878504672897
nk_cells,5000,4,7,raw,0.05,100,recall,0.8333768267223383
nk_cells,5000,4,7,raw,0.05,100,f1,0.8142010325705908
nk_cells,5000,4,7,bh,-1.0,100,mae,0.025963560143564726
nk_cells,5000,4,7,bh,0.01,100,precision,0.0
nk_cells,5000,4,7,bh,0.01,100,recall,0.0
nk_cells,5000,4,7,bh,0.01,100,f1,0.0
nk_cells,5000,4,7,bh,0.05,100,precision,0.0
nk_cells,5000,4,7,bh,0.05,100,recall,0.0
nk_cells,5000,4,7,bh,0.05,100,f1,0.0
nk_cells,5000,4,8,raw,-1.0,100,mae,0.050406446590939014
nk_cells,5000,4,8,raw,0.01,100,precision,0.621172353455818
nk_cells,5000,4,8,raw,0.01,100,recall,0.6489945155393053
nk_cells,5000,4,8,raw,0.01,100,f1,0.6347787215020116
nk_cells,5000,4,8,raw,0.05,100,precision,0.771588785046729
nk_cells,5000,4,8,raw,0.05,100,recall,0.8064600156290701
nk_cells,5000,4,8,raw,0.05,100,f1,0.7886391135451825
nk_cells,5000,4,8,bh,-1.0,100,mae,0.02682346210433552
nk_cells,5000,4,8,bh,0.01,100,precision,0.0
nk_cells,5000,4,8,bh,0.01,100,recall,0.0
nk_cells,5000,4,8,bh,0.01,100,f1,0.0
nk_cells,5000,4,8,bh,0.05,100,precision,0.0
nk_cells,5000,4,8,bh,0.05,100,recall,0.0
nk_cells,5000,4,8,bh,0.05,100,f1,0.0
nk_cells,5000,4,9,raw,-1.0,100,mae,0.048866062141213584
nk_cells,5000,4,9,raw,0.01,100,precision,0.6727909011373578
nk_cells,5000,4,9,raw,0.01,100,recall,0.6909254267744834
nk_cells,5000,4,9,raw,0.01,100,f1,0.6817375886524822
nk_cells,5000,4,9,raw,0.05,100,precision,0.7928971962616822
nk_cells,5000,4,9,raw,0.05,100,recall,0.8197629476938934
nk_cells,5000,4,9,raw,0.05,100,f1,0.8061062899854311
nk_cells,5000,4,9,bh,-1.0,100,mae,0.025539055418522312
nk_cells,5000,4,9,bh,0.01,100,precision,0.0
nk_cells,5000,4,9,bh,0.01,100,recall,0.0
nk_cells,5000,4,9,bh,0.01,100,f1,0.0
nk_cells,5000,4,9,bh,0.05,100,precision,0.0
nk_cells,5000,4,9,bh,0.05,100,recall,0.0
nk_cells,5000,4,9,bh,0.05,100,f1,0.0
nk_cells,5000,5,6,raw,-1.0,100,mae,0.04797701522202148
nk_cells,5000,5,6,raw,0.01,100,precision,0.6509349955476402
nk_cells,5000,5,6,raw,0.01,100,recall,0.6585585585585586
nk_cells,5000,5,6,raw,0.01,100,f1,0.6547245857590686
nk_cells,5000,5,6,raw,0.05,100,precision,0.8109356950327301
nk_cells,5000,5,6,raw,0.05,100,recall,0.8064845545059995
nk_cells,5000,5,6,raw,0.05,100,f1,0.808704
nk_cells,5000,5,6,bh,-1.0,100,mae,0.024612277984878046
nk_cells,5000,5,6,bh,0.01,100,precision,0.0
nk_cells,5000,5,6,bh,0.01,100,recall,0.0
nk_cells,5000,5,6,bh,0.01,100,f1,0.0
nk_cells,5000,5,6,bh,0.05,100,precision,0.0
nk_cells,5000,5,6,bh,0.05,100,recall,0.0
nk_cells,5000,5,6,bh,0.05,100,f1,0.0
nk_cells,5000,5,7,raw,-1.0,100,mae,0.048261302730494275
nk_cells,5000,5,7,raw,0.01,100,precision,0.6878895814781835
nk_cells,5000,5,7,raw,0.01,100,recall,0.6824204946996466
nk_cells,5000,5,7,raw,0.01,100,f1,0.6851441241685144
nk_cells,5000,5,7,raw,0.05,100,precision,0.8132460531382364
nk_cells,5000,5,7,raw,0.05,100,recall,0.826722338204593
nk_cells,5000,5,7,raw,0.05,100,f1,0.8199288256227758
nk_cells,5000,5,7,bh,-1.0,100,mae,0.02476053499145383
nk_cells,5000,5,7,bh,0.01,100,precision,0.0
nk_cells,5000,5,7,bh,0.01,100,recall,0.0
nk_cells,5000,5,7,bh,0.01,100,f1,0.0
nk_cells,5000,5,7,bh,0.05,100,precision,0.0
nk_cells,5000,5,7,bh,0.05,100,recall,0.0
nk_cells,5000,5,7,bh,0.05,100,f1,0.0
nk_cells,5000,5,8,raw,-1.0,100,mae,0.050762238719116094
nk_cells,5000,5,8,raw,0.01,100,precision,0.6304541406945681
nk_cells,5000,5,8,raw,0.01,100,recall,0.6471663619744058
nk_cells,5000,5,8,raw,0.01,100,f1,0.638700947225981
nk_cells,5000,5,8,raw,0.05,100,precision,0.7934796560133487
nk_cells,5000,5,8,raw,0.05,100,recall,0.8051575931232091
nk_cells,5000,5,8,raw,0.05,100,f1,0.7992759712974336
nk_cells,5000,5,8,bh,-1.0,100,mae,0.026379096134138667
nk_cells,5000,5,8,bh,0.01,100,precision,0.0
nk_cells,5000,5,8,bh,0.01,100,recall,0.0
nk_cells,5000,5,8,bh,0.01,100,f1,0.0
nk_cells,5000,5,8,bh,0.05,100,precision,0.0
nk_cells,5000,5,8,bh,0.05,100,recall,0.0
nk_cells,5000,5,8,bh,0.05,100,f1,0.0
nk_cells,5000,5,9,raw,-1.0,100,mae,0.046512941008298815
nk_cells,5000,5,9,raw,0.01,100,precision,0.6393588601959038
nk_cells,5000,5,9,raw,0.01,100,recall,0.6451033243486074
nk_cells,5000,5,9,raw,0.01,100,f1,0.6422182468694096
nk_cells,5000,5,9,raw,0.05,100,precision,0.8010524964702862
nk_cells,5000,5,9,raw,0.05,100,recall,0.8040453491368204
nk_cells,5000,5,9,raw,0.05,100,f1,0.8025461325789237
nk_cells,5000,5,9,bh,-1.0,100,mae,0.02483483910429137
nk_cells,5000,5,9,bh,0.01,100,precision,0.0
nk_cells,5000,5,9,bh,0.01,100,recall,0.0
nk_cells,5000,5,9,bh,0.01,100,f1,0.0
nk_cells,5000,5,9,bh,0.05,100,precision,0.0
nk_cells,5000,5,9,bh,0.05,100,recall,0.0
nk_cells,5000,5,9,bh,0.05,100,f1,0.0
nk_cells,5000,6,7,raw,-1.0,100,mae,0.05066804442421309
nk_cells,5000,6,7,raw,0.01,100,precision,0.6423423423423423
nk_cells,5000,6,7,raw,0.01,100,recall,0.6298586572438163
nk_cells,5000,6,7,raw,0.01,100,f1,0.6360392506690455
nk_cells,5000,6,7,raw,0.05,100,precision,0.7967832524891498
nk_cells,5000,6,7,raw,0.05,100,recall,0.8144572025052192
nk_cells,5000,6,7,raw,0.05,100,f1,0.8055232933281714
nk_cells,5000,6,7,bh,-1.0,100,mae,0.025710827575673532
nk_cells,5000,6,7,bh,0.01,100,precision,0.0
nk_cells,5000,6,7,bh,0.01,100,recall,0.0
nk_cells,5000,6,7,bh,0.01,100,f1,0.0
nk_cells,5000,6,7,bh,0.05,100,precision,0.0
nk_cells,5000,6,7,bh,0.05,100,recall,0.0
nk_cells,5000,6,7,bh,0.05,100,f1,0.0
nk_cells,5000,6,8,raw,-1.0,100,mae,0.04634972657624056
nk_cells,5000,6,8,raw,0.01,100,precision,0.6396396396396397
nk_cells,5000,6,8,raw,0.01,100,recall,0.6489945155393053
nk_cells,5000,6,8,raw,0.01,100,f1,0.6442831215970962
nk_cells,5000,6,8,raw,0.05,100,precision,0.7997191728363544
nk_cells,5000,6,8,raw,0.05,100,recall,0.8159676999218547
nk_cells,5000,6,8,raw,0.05,100,f1,0.8077617328519856
nk_cells,5000,6,8,bh,-1.0,100,mae,0.02407901987843133
nk_cells,5000,6,8,bh,0.01,100,precision,0.0
nk_cells,5000,6,8,bh,0.01,100,recall,0.0
nk_cells,5000,6,8,bh,0.01,100,f1,0.0
nk_cells,5000,6,8,bh,0.05,100,precision,0.0
nk_cells,5000,6,8,bh,0.05,100,recall,0.0
nk_cells,5000,6,8,bh,0.05,100,f1,0.0
nk_cells,5000,6,9,raw,-1.0,100,mae,0.04969230671626821
nk_cells,5000,6,9,raw,0.01,100,precision,0.6522522522522523
nk_cells,5000,6,9,raw,0.01,100,recall,0.6504941599281222
nk_cells,5000,6,9,raw,0.01,100,f1,0.6513720197930725
nk_cells,5000,6,9,raw,0.05,100,precision,0.7902731682410008
nk_cells,5000,6,9,raw,0.05,100,recall,0.7976037103839216
nk_cells,5000,6,9,raw,0.05,100,f1,0.7939215183380354
nk_cells,5000,6,9,bh,-1.0,100,mae,0.025608860541694353
nk_cells,5000,6,9,bh,0.01,100,precision,0.0
nk_cells,5000,6,9,bh,0.01,100,recall,0.0
nk_cells,5000,6,9,bh,0.01,100,f1,0.0
nk_cells,5000,6,9,bh,0.05,100,precision,0.0
nk_cells,5000,6,9,bh,0.05,100,recall,0.0
nk_cells,5000,6,9,bh,0.05,100,f1,0.0
nk_cells,5000,7,8,raw,-1.0,100,mae,0.04852048194767076
nk_cells,5000,7,8,raw,0.01,100,precision,0.6802120141342756
nk_cells,5000,7,8,raw,0.01,100,recall,0.7038391224862889
nk_cells,5000,7,8,raw,0.01,100,f1,0.6918238993710691
nk_cells,5000,7,8,raw,0.05,100,precision,0.8260699373695198
nk_cells,5000,7,8,raw,0.05,100,recall,0.8245636884605366
nk_cells,5000,7,8,raw,0.05,100,f1,0.8253161256681006
nk_cells,5000,7,8,bh,-1.0,100,mae,0.023910661864977468
nk_cells,5000,7,8,bh,0.01,100,precision,0.0
nk_cells,5000,7,8,bh,0.01,100,recall,0.0
nk_cells,5000,7,8,bh,0.01,100,f1,0.0
nk_cells,5000,7,8,bh,0.05,100,precision,0.0
nk_cells,5000,7,8,bh,0.05,100,recall,0.0
nk_cells,5000,7,8,bh,0.05,100,f1,0.0
nk_cells,5000,7,9,raw,-1.0,100,mae,0.051724995466807346
nk_cells,5000,7,9,raw,0.01,100,precision,0.6413427561837456
nk_cells,5000,7,9,raw,0.01,100,recall,0.6522911051212938
nk_cells,5000,7,9,raw,0.01,100,f1,0.6467706013363029
nk_cells,5000,7,9,raw,0.05,100,precision,0.8064979123173278
nk_cells,5000,7,9,raw,0.05,100,recall,0.7963153826333419
nk_cells,5000,7,9,raw,0.05,100,f1,0.8013743031245948
nk_cells,5000,7,9,bh,-1.0,100,mae,0.02686908144514556
nk_cells,5000,7,9,bh,0.01,100,precision,0.0
nk_cells,5000,7,9,bh,0.01,100,recall,0.0
nk_cells,5000,7,9,bh,0.01,100,f1,0.0
nk_cells,5000,7,9,bh,0.05,100,precision,0.0
nk_cells,5000,7,9,bh,0.05,100,recall,0.0
nk_cells,5000,7,9,bh,0.05,100,f1,0.0
nk_cells,5000,8,9,raw,-1.0,100,mae,0.048955788056049596
nk_cells,5000,8,9,raw,0.01,100,precision,0.6631627056672761
nk_cells,5000,8,9,raw,0.01,100,recall,0.6518418688230009
nk_cells,5000,8,9,raw,0.01,100,f1,0.657453556864522
nk_cells,5000,8,9,raw,0.05,100,precision,0.8082834071372753
nk_cells,5000,8,9,raw,0.05,100,recall,0.7995362020097913
nk_cells,5000,8,9,raw,0.05,100,f1,0.8038860103626942
nk_cells,5000,8,9,bh,-1.0,100,mae,0.02511581517631953
nk_cells,5000,8,9,bh,0.01,100,precision,0.0
nk_cells,5000,8,9,bh,0.01,100,recall,0.0
nk_cells,5000,8,9,bh,0.01,100,f1,0.0
nk_cells,5000,8,9,bh,0.05,100,precision,0.0
nk_cells,5000,8,9,bh,0.05,100,recall,0.0
nk_cells,5000,8,9,bh,0.05,100,f1,0.0
nk_cells,7000,-1,0,raw,-1.0,100,mae,0.05202433510718184
nk_cells,7000,-1,0,raw,0.01,100,precision,0.6771946121690664
nk_cells,7000,-1,0,raw,0.01,100,recall,0.6612244897959184
nk_cells,7000,-1,0,raw,0.01,100,f1,0.6691142726021111
nk_cells,7000,-1,0,raw,0.05,100,precision,0.8028531037141755
nk_cells,7000,-1,0,raw,0.05,100,recall,0.8060645161290323
nk_cells,7000,-1,0,raw,0.05,100,f1,0.8044556049191939
nk_cells,7000,-1,0,bh,-1.0,100,mae,0.02649681195528266
nk_cells,7000,-1,0,bh,0.01,100,precision,0.0
nk_cells,7000,-1,0,bh,0.01,100,recall,0.0
nk_cells,7000,-1,0,bh,0.01,100,f1,0.0
nk_cells,7000,-1,0,bh,0.05,100,precision,0.0
nk_cells,7000,-1,0,bh,0.05,100,recall,0.0
nk_cells,7000,-1,0,bh,0.05,100,f1,0.0
nk_cells,7000,-1,1,raw,-1.0,100,mae,0.04862803484216676
nk_cells,7000,-1,1,raw,0.01,100,precision,0.6846261031119368
nk_cells,7000,-1,1,raw,0.01,100,recall,0.689107059373539
nk_cells,7000,-1,1,raw,0.01,100,f1,0.6868592730661697
nk_cells,7000,-1,1,raw,0.05,100,precision,0.8169901040997302
nk_cells,7000,-1,1,raw,0.05,100,recall,0.826120857699805
nk_cells,7000,-1,1,raw,0.05,100,f1,0.8215301111398294
nk_cells,7000,-1,1,bh,-1.0,100,mae,0.024077205637074522
nk_cells,7000,-1,1,bh,0.01,100,precision,0.0
nk_cells,7000,-1,1,bh,0.01,100,recall,0.0
nk_cells,7000,-1,1,bh,0.01,100,f1,0.0
nk_cells,7000,-1,1,bh,0.05,100,precision,0.0
nk_cells,7000,-1,1,bh,0.05,100,recall,0.0
nk_cells,7000,-1,1,bh,0.05,100,f1,0.0
nk_cells,7000,-1,2,raw,-1.0,100,mae,0.047875172164039206
nk_cells,7000,-1,2,raw,0.01,100,precision,0.6818392940083604
nk_cells,7000,-1,2,raw,0.01,100,recall,0.6879100281162137
nk_cells,7000,-1,2,raw,0.01,100,f1,0.6848612083041754
nk_cells,7000,-1,2,raw,0.05,100,precision,0.8166045495437605
nk_cells,7000,-1,2,raw,0.05,100,recall,0.8230569948186528
nk_cells,7000,-1,2,raw,0.05,100,f1,0.819818076253145
nk_cells,7000,-1,2,bh,-1.0,100,mae,0.02359772341717501
nk_cells,7000,-1,2,bh,0.01,100,precision,0.0
nk_cells,7000,-1,2,bh,0.01,100,recall,0.0
nk_cells,7000,-1,2,bh,0.01,100,f1,0.0
nk_cells,7000,-1,2,bh,0.05,100,precision,0.0
nk_cells,7000,-1,2,bh,0.05,100,recall,0.0
nk_cells,7000,-1,2,bh,0.05,100,f1,0.0
nk_cells,7000,-1,3,raw,-1.0,100,mae,0.04807785857874179
nk_cells,7000,-1,3,raw,0.01,100,precision,0.6901997213190897
nk_cells,7000,-1,3,raw,0.01,100,recall,0.7127098321342926
nk_cells,7000,-1,3,raw,0.01,100,f1,0.7012741859367626
nk_cells,7000,-1,3,raw,0.05,100,precision,0.8254723043310629
nk_cells,7000,-1,3,raw,0.05,100,recall,0.836328125
nk_cells,7000,-1,3,raw,0.05,100,f1,0.8308647564840567
nk_cells,7000,-1,3,bh,-1.0,100,mae,0.023635243255614766
nk_cells,7000,-1,3,bh,0.01,100,precision,0.0
nk_cells,7000,-1,3,bh,0.01,100,recall,0.0
nk_cells,7000,-1,3,bh,0.01,100,f1,0.0
nk_cells,7000,-1,3,bh,0.05,100,precision,0.0
nk_cells,7000,-1,3,bh,0.05,100,recall,0.0
nk_cells,7000,-1,3,bh,0.05,100,f1,0.0
nk_cells,7000,-1,4,raw,-1.0,100,mae,0.05002138749411742
nk_cells,7000,-1,4,raw,0.01,100,precision,0.6827682303762193
nk_cells,7000,-1,4,raw,0.01,100,recall,0.6492932862190812
nk_cells,7000,-1,4,raw,0.01,100,f1,0.6656101426307448
nk_cells,7000,-1,4,raw,0.05,100,precision,0.8052949492353167
nk_cells,7000,-1,4,raw,0.05,100,recall,0.7976069246435845
nk_cells,7000,-1,4,raw,0.05,100,f1,0.8014324998401228
nk_cells,7000,-1,4,bh,-1.0,100,mae,0.025329396363179633
nk_cells,7000,-1,4,bh,0.01,100,precision,0.0
nk_cells,7000,-1,4,bh,0.01,100,recall,0.0
nk_cells,7000,-1,4,bh,0.01,100,f1,0.0
nk_cells,7000,-1,4,bh,0.05,100,precision,0.0
nk_cells,7000,-1,4,bh,0.05,100,recall,0.0
nk_cells,7000,-1,4,bh,0.05,100,f1,0.0
nk_cells,7000,-1,5,raw,-1.0,100,mae,0.05431385391239039
nk_cells,7000,-1,5,raw,0.01,100,precision,0.6405016256386438
nk_cells,7000,-1,5,raw,0.01,100,recall,0.632859109683341
nk_cells,7000,-1,5,raw,0.01,100,f1,0.636657433056325
nk_cells,7000,-1,5,raw,0.05,100,precision,0.7961701580773679
nk_cells,7000,-1,5,raw,0.05,100,recall,0.7906828334396937
nk_cells,7000,-1,5,raw,0.05,100,f1,0.7934170081967213
nk_cells,7000,-1,5,bh,-1.0,100,mae,0.026981129814995647
nk_cells,7000,-1,5,bh,0.01,100,precision,0.0
nk_cells,7000,-1,5,bh,0.01,100,recall,0.0
nk_cells,7000,-1,5,bh,0.01,100,f1,0.0
nk_cells,7000,-1,5,bh,0.05,100,precision,0.0
nk_cells,7000,-1,5,bh,0.05,100,recall,0.0
nk_cells,7000,-1,5,bh,0.05,100,f1,0.0
nk_cells,7000,-1,6,raw,-1.0,100,mae,0.048226254762473
nk_cells,7000,-1,6,raw,0.01,100,precision,0.6535067347886669
nk_cells,7000,-1,6,raw,0.01,100,recall,0.6363636363636364
nk_cells,7000,-1,6,raw,0.01,100,f1,0.6448212648945921
nk_cells,7000,-1,6,raw,0.05,100,precision,0.8059375401619329
nk_cells,7000,-1,6,raw,0.05,100,recall,0.8060411311053984
nk_cells,7000,-1,6,raw,0.05,100,f1,0.8059893323051218
nk_cells,7000,-1,6,bh,-1.0,100,mae,0.024690949128808773
nk_cells,7000,-1,6,bh,0.01,100,precision,0.0
nk_cells,7000,-1,6,bh,0.01,100,recall,0.0
nk_cells,7000,-1,6,bh,0.01,100,f1,0.0
nk_cells,7000,-1,6,bh,0.05,100,precision,0.0
nk_cells,7000,-1,6,bh,0.05,100,recall,0.0
nk_cells,7000,-1,6,bh,0.05,100,f1,0.0
nk_cells,7000,-1,7,raw,-1.0,100,mae,0.04632893097971352
nk_cells,7000,-1,7,raw,0.01,100,precision,0.709242916860195
nk_cells,7000,-1,7,raw,0.01,100,recall,0.723696682464455
nk_cells,7000,-1,7,raw,0.01,100,f1,0.7163969035890219
nk_cells,7000,-1,7,raw,0.05,100,precision,0.8220023133273359
nk_cells,7000,-1,7,raw,0.05,100,recall,0.8440221694378464
nk_cells,7000,-1,7,raw,0.05,100,f1,0.8328667230939514
nk_cells,7000,-1,7,bh,-1.0,100,mae,0.02319873625287928
nk_cells,7000,-1,7,bh,0.01,100,precision,0.0
nk_cells,7000,-1,7,bh,0.01,100,recall,0.0
nk_cells,7000,-1,7,bh,0.01,100,f1,0.0
nk_cells,7000,-1,7,bh,0.05,100,precision,0.0
nk_cells,7000,-1,7,bh,0.05,100,recall,0.0
nk_cells,7000,-1,7,bh,0.05,100,f1,0.0
nk_cells,7000,-1,8,raw,-1.0,100,mae,0.04343553663003495
nk_cells,7000,-1,8,raw,0.01,100,precision,0.6781235485369252
nk_cells,7000,-1,8,raw,0.01,100,recall,0.6756131420638594
nk_cells,7000,-1,8,raw,0.01,100,f1,0.6768660176170608
nk_cells,7000,-1,8,raw,0.05,100,precision,0.8137771494666496
nk_cells,7000,-1,8,raw,0.05,100,recall,0.8239427456083279
nk_cells,7000,-1,8,raw,0.05,100,f1,0.8188283977757662
nk_cells,7000,-1,8,bh,-1.0,100,mae,0.02320614962310882
nk_cells,7000,-1,8,bh,0.01,100,precision,0.0
nk_cells,7000,-1,8,bh,0.01,100,recall,0.0
nk_cells,7000,-1,8,bh,0.01,100,f1,0.0
nk_cells,7000,-1,8,bh,0.05,100,precision,0.0
nk_cells,7000,-1,8,bh,0.05,100,recall,0.0
nk_cells,7000,-1,8,bh,0.05,100,f1,0.0
nk_cells,7000,-1,9,raw,-1.0,100,mae,0.046549381650322755
nk_cells,7000,-1,9,raw,0.01,100,precision,0.7055271713887599
nk_cells,7000,-1,9,raw,0.01,100,recall,0.6766146993318486
nk_cells,7000,-1,9,raw,0.01,100,f1,0.690768531150523
nk_cells,7000,-1,9,raw,0.05,100,precision,0.827271558925588
nk_cells,7000,-1,9,raw,0.05,100,recall,0.8177083333333334
nk_cells,7000,-1,9,raw,0.05,100,f1,0.8224621478310867
nk_cells,7000,-1,9,bh,-1.0,100,mae,0.02346568941929308
nk_cells,7000,-1,9,bh,0.01,100,precision,0.0
nk_cells,7000,-1,9,bh,0.01,100,recall,0.0
nk_cells,7000,-1,9,bh,0.01,100,f1,0.0
nk_cells,7000,-1,9,bh,0.05,100,precision,0.0
nk_cells,7000,-1,9,bh,0.05,100,recall,0.0
nk_cells,7000,-1,9,bh,0.05,100,f1,0.0
nk_cells,7000,0,1,raw,-1.0,100,mae,0.04889935425659425
nk_cells,7000,0,1,raw,0.01,100,precision,0.6385487528344671
nk_cells,7000,0,1,raw,0.01,100,recall,0.6582515194015895
nk_cells,7000,0,1,raw,0.01,100,f1,0.6482504604051565
nk_cells,7000,0,1,raw,0.05,100,precision,0.8110967741935484
nk_cells,7000,0,1,raw,0.05,100,recall,0.8168940870695257
nk_cells,7000,0,1,raw,0.05,100,f1,0.8139851084493364
nk_cells,7000,0,1,bh,-1.0,100,mae,0.024844543282139562
nk_cells,7000,0,1,bh,0.01,100,precision,0.0
nk_cells,7000,0,1,bh,0.01,100,recall,0.0
nk_cells,7000,0,1,bh,0.01,100,f1,0.0
nk_cells,7000,0,1,bh,0.05,100,precision,0.0
nk_cells,7000,0,1,bh,0.05,100,recall,0.0
nk_cells,7000,0,1,bh,0.05,100,f1,0.0
nk_cells,7000,0,2,raw,-1.0,100,mae,0.0491297381555831
nk_cells,7000,0,2,raw,0.01,100,precision,0.6403628117913832
nk_cells,7000,0,2,raw,0.01,100,recall,0.6616682286785379
nk_cells,7000,0,2,raw,0.01,100,f1,0.6508412076515326
nk_cells,7000,0,2,raw,0.05,100,precision,0.8083870967741935
nk_cells,7000,0,2,raw,0.05,100,recall,0.8115284974093264
nk_cells,7000,0,2,raw,0.05,100,f1,0.8099547511312217
nk_cells,7000,0,2,bh,-1.0,100,mae,0.02506512258779883
nk_cells,7000,0,2,bh,0.01,100,precision,0.0
nk_cells,7000,0,2,bh,0.01,100,recall,0.0
nk_cells,7000,0,2,bh,0.01,100,f1,0.0
nk_cells,7000,0,2,bh,0.05,100,precision,0.0
nk_cells,7000,0,2,bh,0.05,100,recall,0.0
nk_cells,7000,0,2,bh,0.05,100,f1,0.0
nk_cells,7000,0,3,raw,-1.0,100,mae,0.04917288691023631
nk_cells,7000,0,3,raw,0.01,100,precision,0.6839002267573696
nk_cells,7000,0,3,raw,0.01,100,recall,0.7232613908872901
nk_cells,7000,0,3,raw,0.01,100,f1,0.703030303030303
nk_cells,7000,0,3,raw,0.05,100,precision,0.816258064516129
nk_cells,7000,0,3,raw,0.05,100,recall,0.8236979166666667
nk_cells,7000,0,3,raw,0.05,100,f1,0.8199611147116008
nk_cells,7000,0,3,bh,-1.0,100,mae,0.023819884406617944
nk_cells,7000,0,3,bh,0.01,100,precision,0.0
nk_cells,7000,0,3,bh,0.01,100,recall,0.0
nk_cells,7000,0,3,bh,0.01,100,f1,0.0
nk_cells,7000,0,3,bh,0.05,100,precision,0.0
nk_cells,7000,0,3,bh,0.05,100,recall,0.0
nk_cells,7000,0,3,bh,0.05,100,f1,0.0
nk_cells,7000,0,4,raw,-1.0,100,mae,0.0543986495808012
nk_cells,7000,0,4,raw,0.01,100,precision,0.6408163265306123
nk_cells,7000,0,4,raw,0.01,100,recall,0.6241166077738516
nk_cells,7000,0,4,raw,0.01,100,f1,0.632356231819199
nk_cells,7000,0,4,raw,0.05,100,precision,0.7872258064516129
nk_cells,7000,0,4,raw,0.05,100,recall,0.7766038696537678
nk_cells,7000,0,4,raw,0.05,100,f1,0.7818787645777265
nk_cells,7000,0,4,bh,-1.0,100,mae,0.029175937668001122
nk_cells,7000,0,4,bh,0.01,100,precision,0.0
nk_cells,7000,0,4,bh,0.01,100,recall,0.0
nk_cells,7000,0,4,bh,0.01,100,f1,0.0
nk_cells,7000,0,4,bh,0.05,100,precision,0.0
nk_cells,7000,0,4,bh,0.05,100,recall,0.0
nk_cells,7000,0,4,bh,0.05,100,f1,0.0
nk_cells,7000,0,5,raw,-1.0,100,mae,0.055243269468032305
nk_cells,7000,0,5,raw,0.01,100,precision,0.6417233560090703
nk_cells,7000,0,5,raw,0.01,100,recall,0.6493804497475907
nk_cells,7000,0,5,raw,0.01,100,f1,0.645529197080292
nk_cells,7000,0,5,raw,0.05,100,precision,0.8012903225806451
nk_cells,7000,0,5,raw,0.05,100,recall,0.7925973197192087
nk_cells,7000,0,5,raw,0.05,100,f1,0.7969201154956689
nk_cells,7000,0,5,bh,-1.0,100,mae,0.027608085737355806
nk_cells,7000,0,5,bh,0.01,100,precision,0.0
nk_cells,7000,0,5,bh,0.01,100,recall,0.0
nk_cells,7000,0,5,bh,0.01,100,f1,0.0
nk_cells,7000,0,5,bh,0.05,100,precision,0.0
nk_cells,7000,0,5,bh,0.05,100,recall,0.0
nk_cells,7000,0,5,bh,0.05,100,f1,0.0
nk_cells,7000,0,6,raw,-1.0,100,mae,0.04888811303395093
nk_cells,7000,0,6,raw,0.01,100,precision,0.6321995464852608
nk_cells,7000,0,6,raw,0.01,100,recall,0.6304839439167798
nk_cells,7000,0,6,raw,0.01,100,f1,0.6313405797101449
nk_cells,7000,0,6,raw,0.05,100,precision,0.8007741935483871
nk_cells,7000,0,6,raw,0.05,100,recall,0.7976863753213368
nk_cells,7000,0,6,raw,0.05,100,f1,0.7992273019961366
nk_cells,7000,0,6,bh,-1.0,100,mae,0.02616761220180876
nk_cells,7000,0,6,bh,0.01,100,precision,0.0
nk_cells,7000,0,6,bh,0.01,100,recall,0.0
nk_cells,7000,0,6,bh,0.01,100,f1,0.0
nk_cells,7000,0,6,bh,0.05,100,precision,0.0
nk_cells,7000,0,6,bh,0.05,100,recall,0.0
nk_cells,7000,0,6,bh,0.05,100,f1,0.0
nk_cells,7000,0,7,raw,-1.0,100,mae,0.05023604158583137
nk_cells,7000,0,7,raw,0.01,100,precision,0.6748299319727891
nk_cells,7000,0,7,raw,0.01,100,recall,0.70521327014218
nk_cells,7000,0,7,raw,0.01,100,f1,0.6896871378910776
nk_cells,7000,0,7,raw,0.05,100,precision,0.8092903225806451
nk_cells,7000,0,7,raw,0.05,100,recall,0.827659012932172
nk_cells,7000,0,7,raw,0.05,100,f1,0.8183716075156576
nk_cells,7000,0,7,bh,-1.0,100,mae,0.02436736509758872
nk_cells,7000,0,7,bh,0.01,100,precision,0.0
nk_cells,7000,0,7,bh,0.01,100,recall,0.0
nk_cells,7000,0,7,bh,0.01,100,f1,0.0
nk_cells,7000,0,7,bh,0.05,100,precision,0.0
nk_cells,7000,0,7,bh,0.05,100,recall,0.0
nk_cells,7000,0,7,bh,0.05,100,f1,0.0
nk_cells,7000,0,8,raw,-1.0,100,mae,0.04852205907671459
nk_cells,7000,0,8,raw,0.01,100,precision,0.6666666666666666
nk_cells,7000,0,8,raw,0.01,100,recall,0.6802406293382693
nk_cells,7000,0,8,raw,0.01,100,f1,0.6733852496564361
nk_cells,7000,0,8,raw,0.05,100,precision,0.8153548387096774
nk_cells,7000,0,8,raw,0.05,100,recall,0.8222511385816526
nk_cells,7000,0,8,raw,0.05,100,f1,0.8187884677680596
nk_cells,7000,0,8,bh,-1.0,100,mae,0.02407574103669239
nk_cells,7000,0,8,bh,0.01,100,precision,0.0
nk_cells,7000,0,8,bh,0.01,100,recall,0.0
nk_cells,7000,0,8,bh,0.01,100,f1,0.0
nk_cells,7000,0,8,bh,0.05,100,precision,0.0
nk_cells,7000,0,8,bh,0.05,100,recall,0.0
nk_cells,7000,0,8,bh,0.05,100,f1,0.0
nk_cells,7000,0,9,raw,-1.0,100,mae,0.05382491060056818
nk_cells,7000,0,9,raw,0.01,100,precision,0.6557823129251701
nk_cells,7000,0,9,raw,0.01,100,recall,0.644097995545657
nk_cells,7000,0,9,raw,0.01,100,f1,0.6498876404494383
nk_cells,7000,0,9,raw,0.05,100,precision,0.8059354838709677
nk_cells,7000,0,9,raw,0.05,100,recall,0.7934451219512195
nk_cells,7000,0,9,raw,0.05,100,f1,0.7996415311739854
nk_cells,7000,0,9,bh,-1.0,100,mae,0.027847874346949266
nk_cells,7000,0,9,bh,0.01,100,precision,0.0
nk_cells,7000,0,9,bh,0.01,100,recall,0.0
nk_cells,7000,0,9,bh,0.01,100,f1,0.0
nk_cells,7000,0,9,bh,0.05,100,precision,0.40454545454545454
nk_cells,7000,0,9,bh,0.05,100,recall,0.36475409836065575
nk_cells,7000,0,9,bh,0.05,100,f1,0.38362068965517243
nk_cells,7000,1,2,raw,-1.0,100,mae,0.04737621469757359
nk_cells,7000,1,2,raw,0.01,100,precision,0.707807386629266
nk_cells,7000,1,2,raw,0.01,100,recall,0.7094657919400188
nk_cells,7000,1,2,raw,0.01,100,f1,0.7086356190030424
nk_cells,7000,1,2,raw,0.05,100,precision,0.8241715399610137
nk_cells,7000,1,2,raw,0.05,100,recall,0.8215025906735751
nk_cells,7000,1,2,raw,0.05,100,f1,0.822834901070386
nk_cells,7000,1,2,bh,-1.0,100,mae,0.023136097730006886
nk_cells,7000,1,2,bh,0.01,100,precision,0.0
nk_cells,7000,1,2,bh,0.01,100,recall,0.0
nk_cells,7000,1,2,bh,0.01,100,f1,0.0
nk_cells,7000,1,2,bh,0.05,100,precision,0.0
nk_cells,7000,1,2,bh,0.05,100,recall,0.0
nk_cells,7000,1,2,bh,0.05,100,f1,0.0
nk_cells,7000,1,3,raw,-1.0,100,mae,0.045245296313359266
nk_cells,7000,1,3,raw,0.01,100,precision,0.6746143057503506
nk_cells,7000,1,3,raw,0.01,100,recall,0.6920863309352518
nk_cells,7000,1,3,raw,0.01,100,f1,0.6832386363636364
nk_cells,7000,1,3,raw,0.05,100,precision,0.8175438596491228
nk_cells,7000,1,3,raw,0.05,100,recall,0.819140625
nk_cells,7000,1,3,raw,0.05,100,f1,0.8183414634146341
nk_cells,7000,1,3,bh,-1.0,100,mae,0.022947859418254835
nk_cells,7000,1,3,bh,0.01,100,precision,0.0
nk_cells,7000,1,3,bh,0.01,100,recall,0.0
nk_cells,7000,1,3,bh,0.01,100,f1,0.0
nk_cells,7000,1,3,bh,0.05,100,precision,0.0
nk_cells,7000,1,3,bh,0.05,100,recall,0.0
nk_cells,7000,1,3,bh,0.05,100,f1,0.0
nk_cells,7000,1,4,raw,-1.0,100,mae,0.05109803803570533
nk_cells,7000,1,4,raw,0.01,100,precision,0.6493688639551192
nk_cells,7000,1,4,raw,0.01,100,recall,0.6135159010600707
nk_cells,7000,1,4,raw,0.01,100,f1,0.6309334544628662
nk_cells,7000,1,4,raw,0.05,100,precision,0.8005198180636777
nk_cells,7000,1,4,raw,0.05,100,recall,0.7841140529531568
nk_cells,7000,1,4,raw,0.05,100,f1,0.7922320108031637
nk_cells,7000,1,4,bh,-1.0,100,mae,0.026507720307506154
nk_cells,7000,1,4,bh,0.01,100,precision,0.0
nk_cells,7000,1,4,bh,0.01,100,recall,0.0
nk_cells,7000,1,4,bh,0.01,100,f1,0.0
nk_cells,7000,1,4,bh,0.05,100,precision,0.0
nk_cells,7000,1,4,bh,0.05,100,recall,0.0
nk_cells,7000,1,4,bh,0.05,100,f1,0.0
nk_cells,7000,1,5,raw,-1.0,100,mae,0.05316553657718822
nk_cells,7000,1,5,raw,0.01,100,precision,0.6512388966806919
nk_cells,7000,1,5,raw,0.01,100,recall,0.6392840752638825
nk_cells,7000,1,5,raw,0.01,100,f1,0.6452061139416396
nk_cells,7000,1,5,raw,0.05,100,precision,0.8124756335282651
nk_cells,7000,1,5,raw,0.05,100,recall,0.7979578813018506
nk_cells,7000,1,5,raw,0.05,100,f1,0.8051513200257566
nk_cells,7000,1,5,bh,-1.0,100,mae,0.02654280359127822
nk_cells,7000,1,5,bh,0.01,100,precision,0.0
nk_cells,7000,1,5,bh,0.01,100,recall,0.0
nk_cells,7000,1,5,bh,0.01,100,f1,0.0
nk_cells,7000,1,5,bh,0.05,100,precision,0.0
nk_cells,7000,1,5,bh,0.05,100,recall,0.0
nk_cells,7000,1,5,bh,0.05,100,f1,0.0
nk_cells,7000,1,6,raw,-1.0,100,mae,0.04980871703686957
nk_cells,7000,1,6,raw,0.01,100,precision,0.6362786348761104
nk_cells,7000,1,6,raw,0.01,100,recall,0.6155585707824514
nk_cells,7000,1,6,raw,0.01,100,f1,0.6257471264367817
nk_cells,7000,1,6,raw,0.05,100,precision,0.7988304093567251
nk_cells,7000,1,6,raw,0.05,100,recall,0.7901028277634962
nk_cells,7000,1,6,raw,0.05,100,f1,0.7944426494345719
nk_cells,7000,1,6,bh,-1.0,100,mae,0.025849194906229264
nk_cells,7000,1,6,bh,0.01,100,precision,0.0
nk_cells,7000,1,6,bh,0.01,100,recall,0.0
nk_cells,7000,1,6,bh,0.01,100,f1,0.0
nk_cells,7000,1,6,bh,0.05,100,precision,0.0
nk_cells,7000,1,6,bh,0.05,100,recall,0.0
nk_cells,7000,1,6,bh,0.05,100,f1,0.0
nk_cells,7000,1,7,raw,-1.0,100,mae,0.046322735415517666
nk_cells,7000,1,7,raw,0.01,100,precision,0.6521739130434783
nk_cells,7000,1,7,raw,0.01,100,recall,0.6611374407582938
nk_cells,7000,1,7,raw,0.01,100,f1,0.6566250882560603
nk_cells,7000,1,7,raw,0.05,100,precision,0.8066276803118908
nk_cells,7000,1,7,raw,0.05,100,recall,0.8190815518606492
nk_cells,7000,1,7,raw,0.05,100,f1,0.8128069141622472
nk_cells,7000,1,7,bh,-1.0,100,mae,0.023325272337210372
nk_cells,7000,1,7,bh,0.01,100,precision,0.0
nk_cells,7000,1,7,bh,0.01,100,recall,0.0
nk_cells,7000,1,7,bh,0.01,100,f1,0.0
nk_cells,7000,1,7,bh,0.05,100,precision,0.0
nk_cells,7000,1,7,bh,0.05,100,recall,0.0
nk_cells,7000,1,7,bh,0.05,100,f1,0.0
nk_cells,7000,1,8,raw,-1.0,100,mae,0.05065619569141948
nk_cells,7000,1,8,raw,0.01,100,precision,0.6479663394109397
nk_cells,7000,1,8,raw,0.01,100,recall,0.6413697362332254
nk_cells,7000,1,8,raw,0.01,100,f1,0.6446511627906977
nk_cells,7000,1,8,raw,0.05,100,precision,0.7950617283950617
nk_cells,7000,1,8,raw,0.05,100,recall,0.7960962914769031
nk_cells,7000,1,8,raw,0.05,100,f1,0.7955786736020807
nk_cells,7000,1,8,bh,-1.0,100,mae,0.02576366949015126
nk_cells,7000,1,8,bh,0.01,100,precision,0.0
nk_cells,7000,1,8,bh,0.01,100,recall,0.0
nk_cells,7000,1,8,bh,0.01,100,f1,0.0
nk_cells,7000,1,8,bh,0.05,100,precision,0.0
nk_cells,7000,1,8,bh,0.05,100,recall,0.0
nk_cells,7000,1,8,bh,0.05,100,f1,0.0
nk_cells,7000,1,9,raw,-1.0,100,mae,0.04800596406238523
nk_cells,7000,1,9,raw,0.01,100,precision,0.6778868630201028
nk_cells,7000,1,9,raw,0.01,100,recall,0.6458797327394209
nk_cells,7000,1,9,raw,0.01,100,f1,0.6614963503649635
nk_cells,7000,1,9,raw,0.05,100,precision,0.8198830409356725
nk_cells,7000,1,9,raw,0.05,100,recall,0.8014481707317073
nk_cells,7000,1,9,raw,0.05,100,f1,0.8105608016958952
nk_cells,7000,1,9,bh,-1.0,100,mae,0.024749374438876332
nk_cells,7000,1,9,bh,0.01,100,precision,0.0
nk_cells,7000,1,9,bh,0.01,100,recall,0.0
nk_cells,7000,1,9,bh,0.01,100,f1,0.0
nk_cells,7000,1,9,bh,0.05,100,precision,0.0
nk_cells,7000,1,9,bh,0.05,100,recall,0.0
nk_cells,7000,1,9,bh,0.05,100,f1,0.0
nk_cells,7000,2,3,raw,-1.0,100,mae,0.046630226987856564
nk_cells,7000,2,3,raw,0.01,100,precision,0.668697282099344
nk_cells,7000,2,3,raw,0.01,100,recall,0.6844124700239809
nk_cells,7000,2,3,raw,0.01,100,f1,0.6764636169708462
nk_cells,7000,2,3,raw,0.05,100,precision,0.8137305699481865
nk_cells,7000,2,3,raw,0.05,100,recall,0.81796875
nk_cells,7000,2,3,raw,0.05,100,f1,0.8158441558441558
nk_cells,7000,2,3,bh,-1.0,100,mae,0.022944916234807156
nk_cells,7000,2,3,bh,0.01,100,precision,0.0
nk_cells,7000,2,3,bh,0.01,100,recall,0.0
nk_cells,7000,2,3,bh,0.01,100,f1,0.0
nk_cells,7000,2,3,bh,0.05,100,precision,0.0
nk_cells,7000,2,3,bh,0.05,100,recall,0.0
nk_cells,7000,2,3,bh,0.05,100,f1,0.0
nk_cells,7000,2,4,raw,-1.0,100,mae,0.0502078792460298
nk_cells,7000,2,4,raw,0.01,100,precision,0.6649484536082474
nk_cells,7000,2,4,raw,0.01,100,recall,0.6267667844522968
nk_cells,7000,2,4,raw,0.01,100,f1,0.645293315143247
nk_cells,7000,2,4,raw,0.05,100,precision,0.808160621761658
nk_cells,7000,2,4,raw,0.05,100,recall,0.7941700610997964
nk_cells,7000,2,4,raw,0.05,100,f1,0.8011042629686698
nk_cells,7000,2,4,bh,-1.0,100,mae,0.026022947518474893
nk_cells,7000,2,4,bh,0.01,100,precision,0.0
nk_cells,7000,2,4,bh,0.01,100,recall,0.0
nk_cells,7000,2,4,bh,0.01,100,f1,0.0
nk_cells,7000,2,4,bh,0.05,100,precision,0.0
nk_cells,7000,2,4,bh,0.05,100,recall,0.0
nk_cells,7000,2,4,bh,0.05,100,f1,0.0
nk_cells,7000,2,5,raw,-1.0,100,mae,0.050644954468776135
nk_cells,7000,2,5,raw,0.01,100,precision,0.6822867853795689
nk_cells,7000,2,5,raw,0.01,100,recall,0.6681964203763194
nk_cells,7000,2,5,raw,0.01,100,f1,0.6751680964525852
nk_cells,7000,2,5,raw,0.05,100,precision,0.8240932642487047
nk_cells,7000,2,5,raw,0.05,100,recall,0.8119974473516273
nk_cells,7000,2,5,raw,0.05,100,f1,0.8180006428801029
nk_cells,7000,2,5,bh,-1.0,100,mae,0.02467920853542532
nk_cells,7000,2,5,bh,0.01,100,precision,0.0
nk_cells,7000,2,5,bh,0.01,100,recall,0.0
nk_cells,7000,2,5,bh,0.01,100,f1,0.0
nk_cells,7000,2,5,bh,0.05,100,precision,0.0
nk_cells,7000,2,5,bh,0.05,100,recall,0.0
nk_cells,7000,2,5,bh,0.05,100,f1,0.0
nk_cells,7000,2,6,raw,-1.0,100,mae,0.04657232518711244
nk_cells,7000,2,6,raw,0.01,100,precision,0.7019681349578257
nk_cells,7000,2,6,raw,0.01,100,recall,0.6775214834916328
nk_cells,7000,2,6,raw,0.01,100,f1,0.6895281933256617
nk_cells,7000,2,6,raw,0.05,100,precision,0.8234455958549223
nk_cells,7000,2,6,raw,0.05,100,recall,0.8170951156812339
nk_cells,7000,2,6,raw,0.05,100,f1,0.820258064516129
nk_cells,7000,2,6,bh,-1.0,100,mae,0.023681388959607242
nk_cells,7000,2,6,bh,0.01,100,precision,0.0
nk_cells,7000,2,6,bh,0.01,100,recall,0.0
nk_cells,7000,2,6,bh,0.01,100,f1,0.0
nk_cells,7000,2,6,bh,0.05,100,precision,0.0
nk_cells,7000,2,6,bh,0.05,100,recall,0.0
nk_cells,7000,2,6,bh,0.05,100,f1,0.0
nk_cells,7000,2,7,raw,-1.0,100,mae,0.04990224333173986
nk_cells,7000,2,7,raw,0.01,100,precision,0.6719775070290535
nk_cells,7000,2,7,raw,0.01,100,recall,0.6796208530805687
nk_cells,7000,2,7,raw,0.01,100,f1,0.6757775683317625
nk_cells,7000,2,7,raw,0.05,100,precision,0.8125647668393783
nk_cells,7000,2,7,raw,0.05,100,recall,0.827790973871734
nk_cells,7000,2,7,raw,0.05,100,f1,0.8201072035560204
nk_cells,7000,2,7,bh,-1.0,100,mae,0.02464255161120082
nk_cells,7000,2,7,bh,0.01,100,precision,0.0
nk_cells,7000,2,7,bh,0.01,100,recall,0.0
nk_cells,7000,2,7,bh,0.01,100,f1,0.0
nk_cells,7000,2,7,bh,0.05,100,precision,0.0
nk_cells,7000,2,7,bh,0.05,100,recall,0.0
nk_cells,7000,2,7,bh,0.05,100,f1,0.0
nk_cells,7000,2,8,raw,-1.0,100,mae,0.04638646578926135
nk_cells,7000,2,8,raw,0.01,100,precision,0.6822867853795689
nk_cells,7000,2,8,raw,0.01,100,recall,0.6737621471540953
nk_cells,7000,2,8,raw,0.01,100,f1,0.6779976717112922
nk_cells,7000,2,8,raw,0.05,100,precision,0.8151554404145078
nk_cells,7000,2,8,raw,0.05,100,recall,0.8188679245283019
nk_cells,7000,2,8,raw,0.05,100,f1,0.8170074651087309
nk_cells,7000,2,8,bh,-1.0,100,mae,0.02348037688053029
nk_cells,7000,2,8,bh,0.01,100,precision,0.0
nk_cells,7000,2,8,bh,0.01,100,recall,0.0
nk_cells,7000,2,8,bh,0.01,100,f1,0.0
nk_cells,7000,2,8,bh,0.05,100,precision,0.0
nk_cells,7000,2,8,bh,0.05,100,recall,0.0
nk_cells,7000,2,8,bh,0.05,100,f1,0.0
nk_cells,7000,2,9,raw,-1.0,100,mae,0.05089319107795997
nk_cells,7000,2,9,raw,0.01,100,precision,0.6682286785379569
nk_cells,7000,2,9,raw,0.01,100,recall,0.6351893095768374
nk_cells,7000,2,9,raw,0.01,100,f1,0.6512902489152774
nk_cells,7000,2,9,raw,0.05,100,precision,0.8134715025906736
nk_cells,7000,2,9,raw,0.05,100,recall,0.7977642276422764
nk_cells,7000,2,9,raw,0.05,100,f1,0.8055413032324269
nk_cells,7000,2,9,bh,-1.0,100,mae,0.026062709172763918
nk_cells,7000,2,9,bh,0.01,100,precision,0.0
nk_cells,7000,2,9,bh,0.01,100,recall,0.0
nk_cells,7000,2,9,bh,0.01,100,f1,0.0
nk_cells,7000,2,9,bh,0.05,100,precision,0.0
nk_cells,7000,2,9,bh,0.05,100,recall,0.0
nk_cells,7000,2,9,bh,0.05,100,f1,0.0
nk_cells,7000,3,4,raw,-1.0,100,mae,0.04977456803555312
nk_cells,7000,3,4,raw,0.01,100,precision,0.7002398081534772
nk_cells,7000,3,4,raw,0.01,100,recall,0.6448763250883393
nk_cells,7000,3,4,raw,0.01,100,f1,0.6714187169464245
nk_cells,7000,3,4,raw,0.05,100,precision,0.8154947916666667
nk_cells,7000,3,4,raw,0.05,100,recall,0.797225050916497
nk_cells,7000,3,4,raw,0.05,100,f1,0.8062564366632338
nk_cells,7000,3,4,bh,-1.0,100,mae,0.026332521359487267
nk_cells,7000,3,4,bh,0.01,100,precision,0.0
nk_cells,7000,3,4,bh,0.01,100,recall,0.0
nk_cells,7000,3,4,bh,0.01,100,f1,0.0
nk_cells,7000,3,4,bh,0.05,100,precision,0.0
nk_cells,7000,3,4,bh,0.05,100,recall,0.0
nk_cells,7000,3,4,bh,0.05,100,f1,0.0
nk_cells,7000,3,5,raw,-1.0,100,mae,0.051570594720111586
nk_cells,7000,3,5,raw,0.01,100,precision,0.7127098321342926
nk_cells,7000,3,5,raw,0.01,100,recall,0.6819642037631941
nk_cells,7000,3,5,raw,0.01,100,f1,0.6969981238273921
nk_cells,7000,3,5,raw,0.05,100,precision,0.8360677083333333
nk_cells,7000,3,5,raw,0.05,100,recall,0.819527760051053
nk_cells,7000,3,5,raw,0.05,100,f1,0.8277151144054141
nk_cells,7000,3,5,bh,-1.0,100,mae,0.02511670231042638
nk_cells,7000,3,5,bh,0.01,100,precision,0.0
nk_cells,7000,3,5,bh,0.01,100,recall,0.0
nk_cells,7000,3,5,bh,0.01,100,f1,0.0
nk_cells,7000,3,5,bh,0.05,100,precision,0.0
nk_cells,7000,3,5,bh,0.05,100,recall,0.0
nk_cells,7000,3,5,bh,0.05,100,f1,0.0
nk_cells,7000,3,6,raw,-1.0,100,mae,0.04839252812247891
nk_cells,7000,3,6,raw,0.01,100,precision,0.7050359712230215
nk_cells,7000,3,6,raw,0.01,100,recall,0.6648575305291723
nk_cells,7000,3,6,raw,0.01,100,f1,0.6843575418994413
nk_cells,7000,3,6,raw,0.05,100,precision,0.8299479166666667
nk_cells,7000,3,6,raw,0.05,100,recall,0.819280205655527
nk_cells,7000,3,6,raw,0.05,100,f1,0.8245795601552394
nk_cells,7000,3,6,bh,-1.0,100,mae,0.024690885837424327
nk_cells,7000,3,6,bh,0.01,100,precision,0.0
nk_cells,7000,3,6,bh,0.01,100,recall,0.0
nk_cells,7000,3,6,bh,0.01,100,f1,0.0
nk_cells,7000,3,6,bh,0.05,100,precision,0.0
nk_cells,7000,3,6,bh,0.05,100,recall,0.0
nk_cells,7000,3,6,bh,0.05,100,f1,0.0
nk_cells,7000,3,7,raw,-1.0,100,mae,0.04626198613949156
nk_cells,7000,3,7,raw,0.01,100,precision,0.7117505995203837
nk_cells,7000,3,7,raw,0.01,100,recall,0.7033175355450237
nk_cells,7000,3,7,raw,0.01,100,f1,0.7075089392133492
nk_cells,7000,3,7,raw,0.05,100,precision,0.8283854166666667
nk_cells,7000,3,7,raw,0.05,100,recall,0.8395354974927421
nk_cells,7000,3,7,raw,0.05,100,f1,0.8339231878358894
nk_cells,7000,3,7,bh,-1.0,100,mae,0.022261965227276363
nk_cells,7000,3,7,bh,0.01,100,precision,0.0
nk_cells,7000,3,7,bh,0.01,100,recall,0.0
nk_cells,7000,3,7,bh,0.01,100,f1,0.0
nk_cells,7000,3,7,bh,0.05,100,precision,0.0
nk_cells,7000,3,7,bh,0.05,100,recall,0.0
nk_cells,7000,3,7,bh,0.05,100,f1,0.0
nk_cells,7000,3,8,raw,-1.0,100,mae,0.048805715041355884
nk_cells,7000,3,8,raw,0.01,100,precision,0.7223021582733813
nk_cells,7000,3,8,raw,0.01,100,recall,0.6968995835261453
nk_cells,7000,3,8,raw,0.01,100,f1,0.7093735280263778
nk_cells,7000,3,8,raw,0.05,100,precision,0.822265625
nk_cells,7000,3,8,raw,0.05,100,recall,0.8217306441119063
nk_cells,7000,3,8,raw,0.05,100,f1,0.821998047510576
nk_cells,7000,3,8,bh,-1.0,100,mae,0.023251123645434375
nk_cells,7000,3,8,bh,0.01,100,precision,0.0
nk_cells,7000,3,8,bh,0.01,100,recall,0.0
nk_cells,7000,3,8,bh,0.01,100,f1,0.0
nk_cells,7000,3,8,bh,0.05,100,precision,0.0
nk_cells,7000,3,8,bh,0.05,100,recall,0.0
nk_cells,7000,3,8,bh,0.05,100,f1,0.0
nk_cells,7000,3,9,raw,-1.0,100,mae,0.05401289666535162
nk_cells,7000,3,9,raw,0.01,100,precision,0.6983213429256595
nk_cells,7000,3,9,raw,0.01,100,recall,0.6485523385300668
nk_cells,7000,3,9,raw,0.01,100,f1,0.6725173210161662
nk_cells,7000,3,9,raw,0.05,100,precision,0.8194010416666667
nk_cells,7000,3,9,raw,0.05,100,recall,0.7994156504065041
nk_cells,7000,3,9,raw,0.05,100,f1,0.8092849794238683
nk_cells,7000,3,9,bh,-1.0,100,mae,0.027068994901734644
nk_cells,7000,3,9,bh,0.01,100,precision,0.0
nk_cells,7000,3,9,bh,0.01,100,recall,0.0
nk_cells,7000,3,9,bh,0.01,100,f1,0.0
nk_cells,7000,3,9,bh,0.05,100,precision,0.0
nk_cells,7000,3,9,bh,0.05,100,recall,0.0
nk_cells,7000,3,9,bh,0.05,100,f1,0.0
nk_cells,7000,4,5,raw,-1.0,100,mae,0.05323961045664892
nk_cells,7000,4,5,raw,0.01,100,precision,0.6727031802120141
nk_cells,7000,4,5,raw,0.01,100,recall,0.6989444699403397
nk_cells,7000,4,5,raw,0.01,100,f1,0.6855728111636282
nk_cells,7000,4,5,raw,0.05,100,precision,0.8056262729124236
nk_cells,7000,4,5,raw,0.05,100,recall,0.8077855775366943
nk_cells,7000,4,5,raw,0.05,100,f1,0.806704480275317
nk_cells,7000,4,5,bh,-1.0,100,mae,0.026388689050716552
nk_cells,7000,4,5,bh,0.01,100,precision,0.0
nk_cells,7000,4,5,bh,0.01,100,recall,0.0
nk_cells,7000,4,5,bh,0.01,100,f1,0.0
nk_cells,7000,4,5,bh,0.05,100,precision,0.0
nk_cells,7000,4,5,bh,0.05,100,recall,0.0
nk_cells,7000,4,5,bh,0.05,100,f1,0.0
nk_cells,7000,4,6,raw,-1.0,100,mae,0.05225124294083965
nk_cells,7000,4,6,raw,0.01,100,precision,0.622791519434629
nk_cells,7000,4,6,raw,0.01,100,recall,0.6377204884667571
nk_cells,7000,4,6,raw,0.01,100,f1,0.6301675977653631
nk_cells,7000,4,6,raw,0.05,100,precision,0.7811863543788188
nk_cells,7000,4,6,raw,0.05,100,recall,0.7888174807197943
nk_cells,7000,4,6,raw,0.05,100,f1,0.7849833717063187
nk_cells,7000,4,6,bh,-1.0,100,mae,0.027100612676881727
nk_cells,7000,4,6,bh,0.01,100,precision,0.0
nk_cells,7000,4,6,bh,0.01,100,recall,0.0
nk_cells,7000,4,6,bh,0.01,100,f1,0.0
nk_cells,7000,4,6,bh,0.05,100,precision,0.0
nk_cells,7000,4,6,bh,0.05,100,recall,0.0
nk_cells,7000,4,6,bh,0.05,100,f1,0.0
nk_cells,7000,4,7,raw,-1.0,100,mae,0.05359501225916212
nk_cells,7000,4,7,raw,0.01,100,precision,0.6369257950530035
nk_cells,7000,4,7,raw,0.01,100,recall,0.6834123222748815
nk_cells,7000,4,7,raw,0.01,100,f1,0.6593507087334248
nk_cells,7000,4,7,raw,0.05,100,precision,0.7810590631364562
nk_cells,7000,4,7,raw,0.05,100,recall,0.8097123251517551
nk_cells,7000,4,7,raw,0.05,100,f1,0.7951276402747182
nk_cells,7000,4,7,bh,-1.0,100,mae,0.02793733979919787
nk_cells,7000,4,7,bh,0.01,100,precision,0.0
nk_cells,7000,4,7,bh,0.01,100,recall,0.0
nk_cells,7000,4,7,bh,0.01,100,f1,0.0
nk_cells,7000,4,7,bh,0.05,100,precision,0.0
nk_cells,7000,4,7,bh,0.05,100,recall,0.0
nk_cells,7000,4,7,bh,0.05,100,f1,0.0
nk_cells,7000,4,8,raw,-1.0,100,mae,0.049911032300389506
nk_cells,7000,4,8,raw,0.01,100,precision,0.6462014134275619
nk_cells,7000,4,8,raw,0.01,100,recall,0.6770013882461823
nk_cells,7000,4,8,raw,0.01,100,f1,0.6612429378531074
nk_cells,7000,4,8,raw,0.05,100,precision,0.7861507128309573
nk_cells,7000,4,8,raw,0.05,100,recall,0.8036434612882238
nk_cells,7000,4,8,raw,0.05,100,f1,0.7948008493661927
nk_cells,7000,4,8,bh,-1.0,100,mae,0.026313112991626267
nk_cells,7000,4,8,bh,0.01,100,precision,0.0
nk_cells,7000,4,8,bh,0.01,100,recall,0.0
nk_cells,7000,4,8,bh,0.01,100,f1,0.0
nk_cells,7000,4,8,bh,0.05,100,precision,0.0
nk_cells,7000,4,8,bh,0.05,100,recall,0.0
nk_cells,7000,4,8,bh,0.05,100,f1,0.0
nk_cells,7000,4,9,raw,-1.0,100,mae,0.051916078350294256
nk_cells,7000,4,9,raw,0.01,100,precision,0.6629858657243817
nk_cells,7000,4,9,raw,0.01,100,recall,0.668596881959911
nk_cells,7000,4,9,raw,0.01,100,f1,0.6657795520070969
nk_cells,7000,4,9,raw,0.05,100,precision,0.7908604887983707
nk_cells,7000,4,9,raw,0.05,100,recall,0.7892530487804879
nk_cells,7000,4,9,raw,0.05,100,f1,0.7900559511698881
nk_cells,7000,4,9,bh,-1.0,100,mae,0.026720072967416693
nk_cells,7000,4,9,bh,0.01,100,precision,0.0
nk_cells,7000,4,9,bh,0.01,100,recall,0.0
nk_cells,7000,4,9,bh,0.01,100,f1,0.0
nk_cells,7000,4,9,bh,0.05,100,precision,0.0
nk_cells,7000,4,9,bh,0.05,100,recall,0.0
nk_cells,7000,4,9,bh,0.05,100,f1,0.0
nk_cells,7000,5,6,raw,-1.0,100,mae,0.047966236794885146
nk_cells,7000,5,6,raw,0.01,100,precision,0.6815052776502983
nk_cells,7000,5,6,raw,0.01,100,recall,0.6716417910447762
nk_cells,7000,5,6,raw,0.01,100,f1,0.6765375854214123
nk_cells,7000,5,6,raw,0.05,100,precision,0.814550095724314
nk_cells,7000,5,6,raw,0.05,100,recall,0.8203084832904884
nk_cells,7000,5,6,raw,0.05,100,f1,0.8174191482548832
nk_cells,7000,5,6,bh,-1.0,100,mae,0.023821264581151094
nk_cells,7000,5,6,bh,0.01,100,precision,0.0
nk_cells,7000,5,6,bh,0.01,100,recall,0.0
nk_cells,7000,5,6,bh,0.01,100,f1,0.0
nk_cells,7000,5,6,bh,0.05,100,precision,0.0
nk_cells,7000,5,6,bh,0.05,100,recall,0.0
nk_cells,7000,5,6,bh,0.05,100,f1,0.0
nk_cells,7000,5,7,raw,-1.0,100,mae,0.0531492647521465
nk_cells,7000,5,7,raw,0.01,100,precision,0.6475447452960074
nk_cells,7000,5,7,raw,0.01,100,recall,0.6687203791469194
nk_cells,7000,5,7,raw,0.01,100,f1,0.657962228957799
nk_cells,7000,5,7,raw,0.05,100,precision,0.8001276324186344
nk_cells,7000,5,7,raw,0.05,100,recall,0.8272631301134864
nk_cells,7000,5,7,raw,0.05,100,f1,0.8134691494193214
nk_cells,7000,5,7,bh,-1.0,100,mae,0.02643724769436873
nk_cells,7000,5,7,bh,0.01,100,precision,0.0
nk_cells,7000,5,7,bh,0.01,100,recall,0.0
nk_cells,7000,5,7,bh,0.01,100,f1,0.0
nk_cells,7000,5,7,bh,0.05,100,precision,0.0
nk_cells,7000,5,7,bh,0.05,100,recall,0.0
nk_cells,7000,5,7,bh,0.05,100,f1,0.0
nk_cells,7000,5,8,raw,-1.0,100,mae,0.04862470933732652
nk_cells,7000,5,8,raw,0.01,100,precision,0.6659017898118403
nk_cells,7000,5,8,raw,0.01,100,recall,0.6714484035168903
nk_cells,7000,5,8,raw,0.01,100,f1,0.6686635944700461
nk_cells,7000,5,8,raw,0.05,100,precision,0.8059987236758137
nk_cells,7000,5,8,raw,0.05,100,recall,0.8217306441119063
nk_cells,7000,5,8,raw,0.05,100,f1,0.8137886597938144
nk_cells,7000,5,8,bh,-1.0,100,mae,0.025032097578379885
nk_cells,7000,5,8,bh,0.01,100,precision,0.0
nk_cells,7000,5,8,bh,0.01,100,recall,0.0
nk_cells,7000,5,8,bh,0.01,100,f1,0.0
nk_cells,7000,5,8,bh,0.05,100,precision,0.0
nk_cells,7000,5,8,bh,0.05,100,recall,0.0
nk_cells,7000,5,8,bh,0.05,100,f1,0.0
nk_cells,7000,5,9,raw,-1.0,100,mae,0.05529189109652559
nk_cells,7000,5,9,raw,0.01,100,precision,0.6727856815052776
nk_cells,7000,5,9,raw,0.01,100,recall,0.6530066815144766
nk_cells,7000,5,9,raw,0.01,100,f1,0.6627486437613019
nk_cells,7000,5,9,raw,0.05,100,precision,0.805360561582642
nk_cells,7000,5,9,raw,0.05,100,recall,0.8015752032520326
nk_cells,7000,5,9,raw,0.05,100,f1,0.8034634239511046
nk_cells,7000,5,9,bh,-1.0,100,mae,0.027549134110356928
nk_cells,7000,5,9,bh,0.01,100,precision,0.0
nk_cells,7000,5,9,bh,0.01,100,recall,0.0
nk_cells,7000,5,9,bh,0.01,100,f1,0.0
nk_cells,7000,5,9,bh,0.05,100,precision,0.0
nk_cells,7000,5,9,bh,0.05,100,recall,0.0
nk_cells,7000,5,9,bh,0.05,100,f1,0.0
nk_cells,7000,6,7,raw,-1.0,100,mae,0.048158212712674404
nk_cells,7000,6,7,raw,0.01,100,precision,0.6580732700135685
nk_cells,7000,6,7,raw,0.01,100,recall,0.6895734597156398
nk_cells,7000,6,7,raw,0.01,100,f1,0.6734552186993752
nk_cells,7000,6,7,raw,0.05,100,precision,0.8137532133676093
nk_cells,7000,6,7,raw,0.05,100,recall,0.8354447083663236
nk_cells,7000,6,7,raw,0.05,100,f1,0.8244563094152885
nk_cells,7000,6,7,bh,-1.0,100,mae,0.024697543391394888
nk_cells,7000,6,7,bh,0.01,100,precision,0.0
nk_cells,7000,6,7,bh,0.01,100,recall,0.0
nk_cells,7000,6,7,bh,0.01,100,f1,0.0
nk_cells,7000,6,7,bh,0.05,100,precision,0.0
nk_cells,7000,6,7,bh,0.05,100,recall,0.0
nk_cells,7000,6,7,bh,0.05,100,f1,0.0
nk_cells,7000,6,8,raw,-1.0,100,mae,0.04371115078246212
nk_cells,7000,6,8,raw,0.01,100,precision,0.6824966078697422
nk_cells,7000,6,8,raw,0.01,100,recall,0.6982878297084683
nk_cells,7000,6,8,raw,0.01,100,f1,0.6903019213174748
nk_cells,7000,6,8,raw,0.05,100,precision,0.822107969151671
nk_cells,7000,6,8,raw,0.05,100,recall,0.8322706571242681
nk_cells,7000,6,8,raw,0.05,100,f1,0.8271580989330747
nk_cells,7000,6,8,bh,-1.0,100,mae,0.023074191070414585
nk_cells,7000,6,8,bh,0.01,100,precision,0.0
nk_cells,7000,6,8,bh,0.01,100,recall,0.0
nk_cells,7000,6,8,bh,0.01,100,f1,0.0
nk_cells,7000,6,8,bh,0.05,100,precision,0.0
nk_cells,7000,6,8,bh,0.05,100,recall,0.0
nk_cells,7000,6,8,bh,0.05,100,f1,0.0
nk_cells,7000,6,9,raw,-1.0,100,mae,0.0501888634560435
nk_cells,7000,6,9,raw,0.01,100,precision,0.6580732700135685
nk_cells,7000,6,9,raw,0.01,100,recall,0.6481069042316259
nk_cells,7000,6,9,raw,0.01,100,f1,0.6530520646319569
nk_cells,7000,6,9,raw,0.05,100,precision,0.8107969151670951
nk_cells,7000,6,9,raw,0.05,100,recall,0.8013211382113821
nk_cells,7000,6,9,raw,0.05,100,f1,0.8060311781242013
nk_cells,7000,6,9,bh,-1.0,100,mae,0.025765659502783297
nk_cells,7000,6,9,bh,0.01,100,precision,0.0
nk_cells,7000,6,9,bh,0.01,100,recall,0.0
nk_cells,7000,6,9,bh,0.01,100,f1,0.0
nk_cells,7000,6,9,bh,0.05,100,precision,0.0
nk_cells,7000,6,9,bh,0.05,100,recall,0.0
nk_cells,7000,6,9,bh,0.05,100,f1,0.0
nk_cells,7000,7,8,raw,-1.0,100,mae,0.04349072834194492
nk_cells,7000,7,8,raw,0.01,100,precision,0.6867298578199053
nk_cells,7000,7,8,raw,0.01,100,recall,0.6705229060620084
nk_cells,7000,7,8,raw,0.01,100,f1,0.6785296183563568
nk_cells,7000,7,8,raw,0.05,100,precision,0.8297703879651623
nk_cells,7000,7,8,raw,0.05,100,recall,0.818217306441119
nk_cells,7000,7,8,raw,0.05,100,f1,0.8239533512415645
nk_cells,7000,7,8,bh,-1.0,100,mae,0.021560632786784068
nk_cells,7000,7,8,bh,0.01,100,precision,0.0
nk_cells,7000,7,8,bh,0.01,100,recall,0.0
nk_cells,7000,7,8,bh,0.01,100,f1,0.0
nk_cells,7000,7,8,bh,0.05,100,precision,0.0
nk_cells,7000,7,8,bh,0.05,100,recall,0.0
nk_cells,7000,7,8,bh,0.05,100,f1,0.0
nk_cells,7000,7,9,raw,-1.0,100,mae,0.048683644359438664
nk_cells,7000,7,9,raw,0.01,100,precision,0.7151658767772512
nk_cells,7000,7,9,raw,0.01,100,recall,0.6721603563474388
nk_cells,7000,7,9,raw,0.01,100,f1,0.6929965556831228
nk_cells,7000,7,9,raw,0.05,100,precision,0.8394035365531802
nk_cells,7000,7,9,raw,0.05,100,recall,0.8080538617886179
nk_cells,7000,7,9,raw,0.05,100,f1,0.8234304207119741
nk_cells,7000,7,9,bh,-1.0,100,mae,0.02542999651332875
nk_cells,7000,7,9,bh,0.01,100,precision,0.0
nk_cells,7000,7,9,bh,0.01,100,recall,0.0
nk_cells,7000,7,9,bh,0.01,100,f1,0.0
nk_cells,7000,7,9,bh,0.05,100,precision,0.0
nk_cells,7000,7,9,bh,0.05,100,recall,0.0
nk_cells,7000,7,9,bh,0.05,100,f1,0.0
nk_cells,7000,8,9,raw,-1.0,100,mae,0.046837590187804194
nk_cells,7000,8,9,raw,0.01,100,precision,0.6797778806108283
nk_cells,7000,8,9,raw,0.01,100,recall,0.6543429844097995
nk_cells,7000,8,9,raw,0.01,100,f1,0.666817975487971
nk_cells,7000,8,9,raw,0.05,100,precision,0.8247234873129473
nk_cells,7000,8,9,raw,0.05,100,recall,0.8051321138211383
nk_cells,7000,8,9,raw,0.05,100,f1,0.8148100533521887
nk_cells,7000,8,9,bh,-1.0,100,mae,0.024363321191548278
nk_cells,7000,8,9,bh,0.01,100,precision,0.0
nk_cells,7000,8,9,bh,0.01,100,recall,0.0
nk_cells,7000,8,9,bh,0.01,100,f1,0.0
nk_cells,7000,8,9,bh,0.05,100,precision,0.0
nk_cells,7000,8,9,bh,0.05,100,recall,0.0
nk_cells,7000,8,9,bh,0.05,100,f1,0.0
nk_cells,10000,-1,0,raw,-1.0,100,mae,0.049238299791819075
nk_cells,10000,-1,0,raw,0.01,100,precision,0.7140029688273132
nk_cells,10000,-1,0,raw,0.01,100,recall,0.6727272727272727
nk_cells,10000,-1,0,raw,0.01,100,f1,0.6927508401344215
nk_cells,10000,-1,0,raw,0.05,100,precision,0.8215833005120126
nk_cells,10000,-1,0,raw,0.05,100,recall,0.8123052959501558
nk_cells,10000,-1,0,raw,0.05,100,f1,0.8169179557470139
nk_cells,10000,-1,0,bh,-1.0,100,mae,0.024203904249103157
nk_cells,10000,-1,0,bh,0.01,100,precision,0.0
nk_cells,10000,-1,0,bh,0.01,100,recall,0.0
nk_cells,10000,-1,0,bh,0.01,100,f1,0.0
nk_cells,10000,-1,0,bh,0.05,100,precision,0.0
nk_cells,10000,-1,0,bh,0.05,100,recall,0.0
nk_cells,10000,-1,0,bh,0.05,100,f1,0.0
nk_cells,10000,-1,1,raw,-1.0,100,mae,0.04680707748767656
nk_cells,10000,-1,1,raw,0.01,100,precision,0.7491340920336467
nk_cells,10000,-1,1,raw,0.01,100,recall,0.6702080566622399
nk_cells,10000,-1,1,raw,0.01,100,f1,0.7074766355140187
nk_cells,10000,-1,1,raw,0.05,100,precision,0.8389129578574241
nk_cells,10000,-1,1,raw,0.05,100,recall,0.8218649517684887
nk_cells,10000,-1,1,raw,0.05,100,f1,0.8303014553014553
nk_cells,10000,-1,1,bh,-1.0,100,mae,0.02344845771437813
nk_cells,10000,-1,1,bh,0.01,100,precision,0.0
nk_cells,10000,-1,1,bh,0.01,100,recall,0.0
nk_cells,10000,-1,1,bh,0.01,100,f1,0.0
nk_cells,10000,-1,1,bh,0.05,100,precision,0.0
nk_cells,10000,-1,1,bh,0.05,100,recall,0.0
nk_cells,10000,-1,1,bh,0.05,100,f1,0.0
nk_cells,10000,-1,2,raw,-1.0,100,mae,0.046503894197910234
nk_cells,10000,-1,2,raw,0.01,100,precision,0.7169717961405245
nk_cells,10000,-1,2,raw,0.01,100,recall,0.679324894514768
nk_cells,10000,-1,2,raw,0.01,100,f1,0.6976408281174772
nk_cells,10000,-1,2,raw,0.05,100,precision,0.8328738348431141
nk_cells,10000,-1,2,raw,0.05,100,recall,0.8246457818796308
nk_cells,10000,-1,2,raw,0.05,100,f1,0.8287393860222078
nk_cells,10000,-1,2,bh,-1.0,100,mae,0.022586340084004033
nk_cells,10000,-1,2,bh,0.01,100,precision,0.0
nk_cells,10000,-1,2,bh,0.01,100,recall,0.0
nk_cells,10000,-1,2,bh,0.01,100,f1,0.0
nk_cells,10000,-1,2,bh,0.05,100,precision,0.0
nk_cells,10000,-1,2,bh,0.05,100,recall,0.0
nk_cells,10000,-1,2,bh,0.05,100,f1,0.0
nk_cells,10000,-1,3,raw,-1.0,100,mae,0.047769896247436494
nk_cells,10000,-1,3,raw,0.01,100,precision,0.7298367144977734
nk_cells,10000,-1,3,raw,0.01,100,recall,0.6918386491557224
nk_cells,10000,-1,3,raw,0.01,100,f1,0.7103298820130026
nk_cells,10000,-1,3,raw,0.05,100,precision,0.840882237101221
nk_cells,10000,-1,3,raw,0.05,100,recall,0.828911608645011
nk_cells,10000,-1,3,raw,0.05,100,f1,0.8348540145985401
nk_cells,10000,-1,3,bh,-1.0,100,mae,0.0230906136935688
nk_cells,10000,-1,3,bh,0.01,100,precision,0.0
nk_cells,10000,-1,3,bh,0.01,100,recall,0.0
nk_cells,10000,-1,3,bh,0.01,100,f1,0.0
nk_cells,10000,-1,3,bh,0.05,100,precision,0.0
nk_cells,10000,-1,3,bh,0.05,100,recall,0.0
nk_cells,10000,-1,3,bh,0.05,100,f1,0.0
nk_cells,10000,-1,4,raw,-1.0,100,mae,0.04704820442378656
nk_cells,10000,-1,4,raw,0.01,100,precision,0.7041068777832756
nk_cells,10000,-1,4,raw,0.01,100,recall,0.6750474383301708
nk_cells,10000,-1,4,raw,0.01,100,f1,0.6892710099297651
nk_cells,10000,-1,4,raw,0.05,100,precision,0.8301168439017986
nk_cells,10000,-1,4,raw,0.05,100,recall,0.823843648208469
nk_cells,10000,-1,4,raw,0.05,100,f1,0.826968349463772
nk_cells,10000,-1,4,bh,-1.0,100,mae,0.022668563375272493
nk_cells,10000,-1,4,bh,0.01,100,precision,0.0
nk_cells,10000,-1,4,bh,0.01,100,recall,0.0
nk_cells,10000,-1,4,bh,0.01,100,f1,0.0
nk_cells,10000,-1,4,bh,0.05,100,precision,0.0
nk_cells,10000,-1,4,bh,0.05,100,recall,0.0
nk_cells,10000,-1,4,bh,0.05,100,f1,0.0
nk_cells,10000,-1,5,raw,-1.0,100,mae,0.04847139008034477
nk_cells,10000,-1,5,raw,0.01,100,precision,0.723404255319149
nk_cells,10000,-1,5,raw,0.01,100,recall,0.6168776371308017
nk_cells,10000,-1,5,raw,0.01,100,f1,0.6659075381462082
nk_cells,10000,-1,5,raw,0.05,100,precision,0.8299855586188788
nk_cells,10000,-1,5,raw,0.05,100,recall,0.7958207452165156
nk_cells,10000,-1,5,raw,0.05,100,f1,0.8125441809652336
nk_cells,10000,-1,5,bh,-1.0,100,mae,0.02638539158654464
nk_cells,10000,-1,5,bh,0.01,100,precision,0.0
nk_cells,10000,-1,5,bh,0.01,100,recall,0.0
nk_cells,10000,-1,5,bh,0.01,100,f1,0.0
nk_cells,10000,-1,5,bh,0.05,100,precision,0.0
nk_cells,10000,-1,5,bh,0.05,100,recall,0.0
nk_cells,10000,-1,5,bh,0.05,100,f1,0.0
nk_cells,10000,-1,6,raw,-1.0,100,mae,0.04716610003382502
nk_cells,10000,-1,6,raw,0.01,100,precision,0.7169717961405245
nk_cells,10000,-1,6,raw,0.01,100,recall,0.630822812363953
nk_cells,10000,-1,6,raw,0.01,100,f1,0.6711440481704493
nk_cells,10000,-1,6,raw,0.05,100,precision,0.8119994748588684
nk_cells,10000,-1,6,raw,0.05,100,recall,0.7984766331009553
nk_cells,10000,-1,6,raw,0.05,100,f1,0.8051812796979757
nk_cells,10000,-1,6,bh,-1.0,100,mae,0.025191868555099167
nk_cells,10000,-1,6,bh,0.01,100,precision,0.0
nk_cells,10000,-1,6,bh,0.01,100,recall,0.0
nk_cells,10000,-1,6,bh,0.01,100,f1,0.0
nk_cells,10000,-1,6,bh,0.05,100,precision,0.0
nk_cells,10000,-1,6,bh,0.05,100,recall,0.0
nk_cells,10000,-1,6,bh,0.05,100,f1,0.0
nk_cells,10000,-1,7,raw,-1.0,100,mae,0.055647082335088936
nk_cells,10000,-1,7,raw,0.01,100,precision,0.7248886689757545
nk_cells,10000,-1,7,raw,0.01,100,recall,0.6738730450781969
nk_cells,10000,-1,7,raw,0.01,100,f1,0.698450536352801
nk_cells,10000,-1,7,raw,0.05,100,precision,0.8247341473020874
nk_cells,10000,-1,7,raw,0.05,100,recall,0.8045594262295082
nk_cells,10000,-1,7,raw,0.05,100,f1,0.8145218800648298
nk_cells,10000,-1,7,bh,-1.0,100,mae,0.026481577727117633
nk_cells,10000,-1,7,bh,0.01,100,precision,0.0
nk_cells,10000,-1,7,bh,0.01,100,recall,0.0
nk_cells,10000,-1,7,bh,0.01,100,f1,0.0
nk_cells,10000,-1,7,bh,0.05,100,precision,0.0
nk_cells,10000,-1,7,bh,0.05,100,recall,0.0
nk_cells,10000,-1,7,bh,0.05,100,f1,0.0
nk_cells,10000,-1,8,raw,-1.0,100,mae,0.045589996708139874
nk_cells,10000,-1,8,raw,0.01,100,precision,0.7144977733795151
nk_cells,10000,-1,8,raw,0.01,100,recall,0.6587591240875912
nk_cells,10000,-1,8,raw,0.01,100,f1,0.6854972703536673
nk_cells,10000,-1,8,raw,0.05,100,precision,0.8277537088092425
nk_cells,10000,-1,8,raw,0.05,100,recall,0.8091632443531828
nk_cells,10000,-1,8,raw,0.05,100,f1,0.818352910636641
nk_cells,10000,-1,8,bh,-1.0,100,mae,0.02299441042714635
nk_cells,10000,-1,8,bh,0.01,100,precision,0.0
nk_cells,10000,-1,8,bh,0.01,100,recall,0.0
nk_cells,10000,-1,8,bh,0.01,100,f1,0.0
nk_cells,10000,-1,8,bh,0.05,100,precision,0.0
nk_cells,10000,-1,8,bh,0.05,100,recall,0.0
nk_cells,10000,-1,8,bh,0.05,100,f1,0.0
nk_cells,10000,-1,9,raw,-1.0,100,mae,0.0473900894405131
nk_cells,10000,-1,9,raw,0.01,100,precision,0.7214250371103414
nk_cells,10000,-1,9,raw,0.01,100,recall,0.6141533277169334
nk_cells,10000,-1,9,raw,0.01,100,f1,0.663481228668942
nk_cells,10000,-1,9,raw,0.05,100,precision,0.8356308257844296
nk_cells,10000,-1,9,raw,0.05,100,recall,0.7943342069137651
nk_cells,10000,-1,9,raw,0.05,100,f1,0.8144593730006398
nk_cells,10000,-1,9,bh,-1.0,100,mae,0.026667938353425086
nk_cells,10000,-1,9,bh,0.01,100,precision,0.0
nk_cells,10000,-1,9,bh,0.01,100,recall,0.0
nk_cells,10000,-1,9,bh,0.01,100,f1,0.0
nk_cells,10000,-1,9,bh,0.05,100,precision,0.0
nk_cells,10000,-1,9,bh,0.05,100,recall,0.0
nk_cells,10000,-1,9,bh,0.05,100,f1,0.0
nk_cells,10000,0,1,raw,-1.0,100,mae,0.04720045150539231
nk_cells,10000,0,1,raw,0.01,100,precision,0.6717948717948717
nk_cells,10000,0,1,raw,0.01,100,recall,0.6378928729526339
nk_cells,10000,0,1,raw,0.01,100,f1,0.6544050862851952
nk_cells,10000,0,1,raw,0.05,100,precision,0.8045171339563862
nk_cells,10000,0,1,raw,0.05,100,recall,0.7971704180064308
nk_cells,10000,0,1,raw,0.05,100,f1,0.8008269268040571
nk_cells,10000,0,1,bh,-1.0,100,mae,0.024374784792272394
nk_cells,10000,0,1,bh,0.01,100,precision,0.0
nk_cells,10000,0,1,bh,0.01,100,recall,0.0
nk_cells,10000,0,1,bh,0.01,100,f1,0.0
nk_cells,10000,0,1,bh,0.05,100,precision,0.44919786096256686
nk_cells,10000,0,1,bh,0.05,100,recall,0.4221105527638191
nk_cells,10000,0,1,bh,0.05,100,f1,0.43523316062176165
nk_cells,10000,0,2,raw,-1.0,100,mae,0.04965286384822042
nk_cells,10000,0,2,raw,0.01,100,precision,0.6932400932400933
nk_cells,10000,0,2,raw,0.01,100,recall,0.6971401781528364
nk_cells,10000,0,2,raw,0.01,100,f1,0.6951846657316503
nk_cells,10000,0,2,raw,0.05,100,precision,0.8171079958463136
nk_cells,10000,0,2,raw,0.05,100,recall,0.8182763551280384
nk_cells,10000,0,2,raw,0.05,100,f1,0.8176917581347015
nk_cells,10000,0,2,bh,-1.0,100,mae,0.024342335096705938
nk_cells,10000,0,2,bh,0.01,100,precision,0.0
nk_cells,10000,0,2,bh,0.01,100,recall,0.0
nk_cells,10000,0,2,bh,0.01,100,f1,0.0
nk_cells,10000,0,2,bh,0.05,100,precision,0.5614973262032086
nk_cells,10000,0,2,bh,0.05,100,recall,0.6441717791411042
nk_cells,10000,0,2,bh,0.05,100,f1,0.6
nk_cells,10000,0,3,raw,-1.0,100,mae,0.045338982229109225
nk_cells,10000,0,3,raw,0.01,100,precision,0.6937062937062937
nk_cells,10000,0,3,raw,0.01,100,recall,0.6979362101313321
nk_cells,10000,0,3,raw,0.01,100,f1,0.6958148234743979
nk_cells,10000,0,3,raw,0.05,100,precision,0.8243769470404985
nk_cells,10000,0,3,raw,0.05,100,recall,0.8219231266985894
nk_cells,10000,0,3,raw,0.05,100,f1,0.8231482081524204
nk_cells,10000,0,3,bh,-1.0,100,mae,0.02246045366867666
nk_cells,10000,0,3,bh,0.01,100,precision,0.0
nk_cells,10000,0,3,bh,0.01,100,recall,0.0
nk_cells,10000,0,3,bh,0.01,100,f1,0.0
nk_cells,10000,0,3,bh,0.05,100,precision,0.0
nk_cells,10000,0,3,bh,0.05,100,recall,0.0
nk_cells,10000,0,3,bh,0.05,100,f1,0.0
nk_cells,10000,0,4,raw,-1.0,100,mae,0.047272421751184214
nk_cells,10000,0,4,raw,0.01,100,precision,0.6606060606060606
nk_cells,10000,0,4,raw,0.01,100,recall,0.6722011385199241
nk_cells,10000,0,4,raw,0.01,100,f1,0.666353162473548
nk_cells,10000,0,4,raw,0.05,100,precision,0.8073727933541017
nk_cells,10000,0,4,raw,0.05,100,recall,0.8104234527687296
nk_cells,10000,0,4,raw,0.05,100,f1,0.8088952467650693
nk_cells,10000,0,4,bh,-1.0,100,mae,0.023668178622475854
nk_cells,10000,0,4,bh,0.01,100,precision,0.0
nk_cells,10000,0,4,bh,0.01,100,recall,0.0
nk_cells,10000,0,4,bh,0.01,100,f1,0.0
nk_cells,10000,0,4,bh,0.05,100,precision,0.0
nk_cells,10000,0,4,bh,0.05,100,recall,0.0
nk_cells,10000,0,4,bh,0.05,100,f1,0.0
nk_cells,10000,0,5,raw,-1.0,100,mae,0.053231933052083215
nk_cells,10000,0,5,raw,0.01,100,precision,0.7142191142191142
nk_cells,10000,0,5,raw,0.01,100,recall,0.6464135021097046
nk_cells,10000,0,5,raw,0.01,100,f1,0.6786267995570321
nk_cells,10000,0,5,raw,0.05,100,precision,0.8164589823468328
nk_cells,10000,0,5,raw,0.05,100,recall,0.7917925478348439
nk_cells,10000,0,5,raw,0.05,100,f1,0.8039366053169734
nk_cells,10000,0,5,bh,-1.0,100,mae,0.027631520640018878
nk_cells,10000,0,5,bh,0.01,100,precision,0.0
nk_cells,10000,0,5,bh,0.01,100,recall,0.0
nk_cells,10000,0,5,bh,0.01,100,f1,0.0
nk_cells,10000,0,5,bh,0.05,100,precision,0.6363636363636364
nk_cells,10000,0,5,bh,0.05,100,recall,0.3814102564102564
nk_cells,10000,0,5,bh,0.05,100,f1,0.47695390781563124
nk_cells,10000,0,6,raw,-1.0,100,mae,0.04864781256669316
nk_cells,10000,0,6,raw,0.01,100,precision,0.7058275058275059
nk_cells,10000,0,6,raw,0.01,100,recall,0.6591205920766217
nk_cells,10000,0,6,raw,0.01,100,f1,0.6816749212066636
nk_cells,10000,0,6,raw,0.05,100,precision,0.8137331256490135
nk_cells,10000,0,6,raw,0.05,100,recall,0.8093209398399174
nk_cells,10000,0,6,raw,0.05,100,f1,0.8115210355987055
nk_cells,10000,0,6,bh,-1.0,100,mae,0.025023192150206076
nk_cells,10000,0,6,bh,0.01,100,precision,0.0
nk_cells,10000,0,6,bh,0.01,100,recall,0.0
nk_cells,10000,0,6,bh,0.01,100,f1,0.0
nk_cells,10000,0,6,bh,0.05,100,precision,0.5614973262032086
nk_cells,10000,0,6,bh,0.05,100,recall,0.5223880597014925
nk_cells,10000,0,6,bh,0.05,100,f1,0.5412371134020618
nk_cells,10000,0,7,raw,-1.0,100,mae,0.04796178440551645
nk_cells,10000,0,7,raw,0.01,100,precision,0.6773892773892773
nk_cells,10000,0,7,raw,0.01,100,recall,0.6683532658693653
nk_cells,10000,0,7,raw,0.01,100,f1,0.6728409354017134
nk_cells,10000,0,7,raw,0.05,100,precision,0.8254153686396677
nk_cells,10000,0,7,raw,0.05,100,recall,0.8144211065573771
nk_cells,10000,0,7,raw,0.05,100,f1,0.8198813821557503
nk_cells,10000,0,7,bh,-1.0,100,mae,0.02388759909973044
nk_cells,10000,0,7,bh,0.01,100,precision,0.0
nk_cells,10000,0,7,bh,0.01,100,recall,0.0
nk_cells,10000,0,7,bh,0.01,100,f1,0.0
nk_cells,10000,0,7,bh,0.05,100,precision,0.0
nk_cells,10000,0,7,bh,0.05,100,recall,0.0
nk_cells,10000,0,7,bh,0.05,100,f1,0.0
nk_cells,10000,0,8,raw,-1.0,100,mae,0.05212449003861076
nk_cells,10000,0,8,raw,0.01,100,precision,0.6568764568764569
nk_cells,10000,0,8,raw,0.01,100,recall,0.6427919708029197
nk_cells,10000,0,8,raw,0.01,100,f1,0.6497578971639382
nk_cells,10000,0,8,raw,0.05,100,precision,0.8016614745586709
nk_cells,10000,0,8,raw,0.05,100,recall,0.7926078028747433
nk_cells,10000,0,8,raw,0.05,100,f1,0.7971089313371192
nk_cells,10000,0,8,bh,-1.0,100,mae,0.026434600129343667
nk_cells,10000,0,8,bh,0.01,100,precision,0.0
nk_cells,10000,0,8,bh,0.01,100,recall,0.0
nk_cells,10000,0,8,bh,0.01,100,f1,0.0
nk_cells,10000,0,8,bh,0.05,100,precision,0.4117647058823529
nk_cells,10000,0,8,bh,0.05,100,recall,0.48427672955974843
nk_cells,10000,0,8,bh,0.05,100,f1,0.44508670520231214
nk_cells,10000,0,9,raw,-1.0,100,mae,0.049334249140702044
nk_cells,10000,0,9,raw,0.01,100,precision,0.7081585081585081
nk_cells,10000,0,9,raw,0.01,100,recall,0.6398483572030329
nk_cells,10000,0,9,raw,0.01,100,f1,0.6722726266873202
nk_cells,10000,0,9,raw,0.05,100,precision,0.8228193146417445
nk_cells,10000,0,9,raw,0.05,100,recall,0.791089479595657
nk_cells,10000,0,9,raw,0.05,100,f1,0.806642489024623
nk_cells,10000,0,9,bh,-1.0,100,mae,0.027189927585014324
nk_cells,10000,0,9,bh,0.01,100,precision,0.0
nk_cells,10000,0,9,bh,0.01,100,recall,0.0
nk_cells,10000,0,9,bh,0.01,100,f1,0.0
nk_cells,10000,0,9,bh,0.05,100,precision,0.679144385026738
nk_cells,10000,0,9,bh,0.05,100,recall,0.33421052631578946
nk_cells,10000,0,9,bh,0.05,100,f1,0.4479717813051146
nk_cells,10000,1,2,raw,-1.0,100,mae,0.04266132757442081
nk_cells,10000,1,2,raw,0.01,100,precision,0.6879150066401063
nk_cells,10000,1,2,raw,0.01,100,recall,0.7285513361462729
nk_cells,10000,1,2,raw,0.01,100,f1,0.7076502732240437
nk_cells,10000,1,2,raw,0.05,100,precision,0.8227652733118971
nk_cells,10000,1,2,raw,0.05,100,recall,0.8315351618354349
nk_cells,10000,1,2,raw,0.05,100,f1,0.8271269718127747
nk_cells,10000,1,2,bh,-1.0,100,mae,0.021868572607662992
nk_cells,10000,1,2,bh,0.01,100,precision,0.0
nk_cells,10000,1,2,bh,0.01,100,recall,0.0
nk_cells,10000,1,2,bh,0.01,100,f1,0.0
nk_cells,10000,1,2,bh,0.05,100,precision,0.49748743718592964
nk_cells,10000,1,2,bh,0.05,100,recall,0.6073619631901841
nk_cells,10000,1,2,bh,0.05,100,f1,0.5469613259668509
nk_cells,10000,1,3,raw,-1.0,100,mae,0.04410560841249068
nk_cells,10000,1,3,raw,0.01,100,precision,0.6586985391766268
nk_cells,10000,1,3,raw,0.01,100,recall,0.6979362101313321
nk_cells,10000,1,3,raw,0.01,100,f1,0.677749943065361
nk_cells,10000,1,3,raw,0.05,100,precision,0.8156913183279743
nk_cells,10000,1,3,raw,0.05,100,recall,0.8207583797075191
nk_cells,10000,1,3,raw,0.05,100,f1,0.8182170042575152
nk_cells,10000,1,3,bh,-1.0,100,mae,0.022539790889522175
nk_cells,10000,1,3,bh,0.01,100,precision,0.0
nk_cells,10000,1,3,bh,0.01,100,recall,0.0
nk_cells,10000,1,3,bh,0.01,100,f1,0.0
nk_cells,10000,1,3,bh,0.05,100,precision,0.0
nk_cells,10000,1,3,bh,0.05,100,recall,0.0
nk_cells,10000,1,3,bh,0.05,100,f1,0.0
nk_cells,10000,1,4,raw,-1.0,100,mae,0.04540599223518146
nk_cells,10000,1,4,raw,0.01,100,precision,0.6356795042054006
nk_cells,10000,1,4,raw,0.01,100,recall,0.681214421252372
nk_cells,10000,1,4,raw,0.01,100,f1,0.6576597206320128
nk_cells,10000,1,4,raw,0.05,100,precision,0.8014147909967846
nk_cells,10000,1,4,raw,0.05,100,recall,0.8118566775244299
nk_cells,10000,1,4,raw,0.05,100,f1,0.8066019417475728
nk_cells,10000,1,4,bh,-1.0,100,mae,0.0235436472586268
nk_cells,10000,1,4,bh,0.01,100,precision,0.0
nk_cells,10000,1,4,bh,0.01,100,recall,0.0
nk_cells,10000,1,4,bh,0.01,100,f1,0.0
nk_cells,10000,1,4,bh,0.05,100,precision,0.0
nk_cells,10000,1,4,bh,0.05,100,recall,0.0
nk_cells,10000,1,4,bh,0.05,100,f1,0.0
nk_cells,10000,1,5,raw,-1.0,100,mae,0.049422820709391066
nk_cells,10000,1,5,raw,0.01,100,precision,0.6702080566622399
nk_cells,10000,1,5,raw,0.01,100,recall,0.6388185654008439
nk_cells,10000,1,5,raw,0.01,100,f1,0.6541369626269172
nk_cells,10000,1,5,raw,0.05,100,precision,0.8255948553054663
nk_cells,10000,1,5,raw,0.05,100,recall,0.8080312185297079
nk_cells,10000,1,5,raw,0.05,100,f1,0.8167186207774031
nk_cells,10000,1,5,bh,-1.0,100,mae,0.026567260061864474
nk_cells,10000,1,5,bh,0.01,100,precision,0.0
nk_cells,10000,1,5,bh,0.01,100,recall,0.0
nk_cells,10000,1,5,bh,0.01,100,f1,0.0
nk_cells,10000,1,5,bh,0.05,100,precision,0.5376884422110553
nk_cells,10000,1,5,bh,0.05,100,recall,0.34294871794871795
nk_cells,10000,1,5,bh,0.05,100,f1,0.4187866927592955
nk_cells,10000,1,6,raw,-1.0,100,mae,0.044814234977893594
nk_cells,10000,1,6,raw,0.01,100,precision,0.6958831341301461
nk_cells,10000,1,6,raw,0.01,100,recall,0.6843709185894645
nk_cells,10000,1,6,raw,0.01,100,f1,0.6900790166812993
nk_cells,10000,1,6,raw,0.05,100,precision,0.8149196141479099
nk_cells,10000,1,6,raw,0.05,100,recall,0.8179705654531371
nk_cells,10000,1,6,raw,0.05,100,f1,0.8164422395464209
nk_cells,10000,1,6,bh,-1.0,100,mae,0.023348010605711744
nk_cells,10000,1,6,bh,0.01,100,precision,0.0
nk_cells,10000,1,6,bh,0.01,100,recall,0.0
nk_cells,10000,1,6,bh,0.01,100,f1,0.0
nk_cells,10000,1,6,bh,0.05,100,precision,0.4623115577889447
nk_cells,10000,1,6,bh,0.05,100,recall,0.4577114427860697
nk_cells,10000,1,6,bh,0.05,100,f1,0.46
nk_cells,10000,1,7,raw,-1.0,100,mae,0.04765712028986835
nk_cells,10000,1,7,raw,0.01,100,precision,0.6733067729083665
nk_cells,10000,1,7,raw,0.01,100,recall,0.6996320147194113
nk_cells,10000,1,7,raw,0.01,100,f1,0.6862170087976539
nk_cells,10000,1,7,raw,0.05,100,precision,0.8223794212218649
nk_cells,10000,1,7,raw,0.05,100,recall,0.8189036885245902
nk_cells,10000,1,7,raw,0.05,100,f1,0.8206378746069435
nk_cells,10000,1,7,bh,-1.0,100,mae,0.02446065955142257
nk_cells,10000,1,7,bh,0.01,100,precision,0.0
nk_cells,10000,1,7,bh,0.01,100,recall,0.0
nk_cells,10000,1,7,bh,0.01,100,f1,0.0
nk_cells,10000,1,7,bh,0.05,100,precision,0.0
nk_cells,10000,1,7,bh,0.05,100,recall,0.0
nk_cells,10000,1,7,bh,0.05,100,f1,0.0
nk_cells,10000,1,8,raw,-1.0,100,mae,0.04576836244909293
nk_cells,10000,1,8,raw,0.01,100,precision,0.6750774679061532
nk_cells,10000,1,8,raw,0.01,100,recall,0.6957116788321168
nk_cells,10000,1,8,raw,0.01,100,f1,0.6852392720736913
nk_cells,10000,1,8,raw,0.05,100,precision,0.8190353697749196
nk_cells,10000,1,8,raw,0.05,100,recall,0.8172484599589322
nk_cells,10000,1,8,raw,0.05,100,f1,0.8181409391661849
nk_cells,10000,1,8,bh,-1.0,100,mae,0.023881343393981444
nk_cells,10000,1,8,bh,0.01,100,precision,0.0
nk_cells,10000,1,8,bh,0.01,100,recall,0.0
nk_cells,10000,1,8,bh,0.01,100,f1,0.0
nk_cells,10000,1,8,bh,0.05,100,precision,0.3969849246231156
nk_cells,10000,1,8,bh,0.05,100,recall,0.4968553459119497
nk_cells,10000,1,8,bh,0.05,100,f1,0.441340782122905
nk_cells,10000,1,9,raw,-1.0,100,mae,0.048332142383948604
nk_cells,10000,1,9,raw,0.01,100,precision,0.6821602478972997
nk_cells,10000,1,9,raw,0.01,100,recall,0.6491154170176917
nk_cells,10000,1,9,raw,0.01,100,f1,0.6652277142240449
nk_cells,10000,1,9,raw,0.05,100,precision,0.819807073954984
nk_cells,10000,1,9,raw,0.05,100,recall,0.7954573817546488
nk_cells,10000,1,9,raw,0.05,100,f1,0.807448695211553
nk_cells,10000,1,9,bh,-1.0,100,mae,0.02747593554581993
nk_cells,10000,1,9,bh,0.01,100,precision,0.0
nk_cells,10000,1,9,bh,0.01,100,recall,0.0
nk_cells,10000,1,9,bh,0.01,100,f1,0.0
nk_cells,10000,1,9,bh,0.05,100,precision,0.6080402010050251
nk_cells,10000,1,9,bh,0.05,100,recall,0.31842105263157894
nk_cells,10000,1,9,bh,0.05,100,f1,0.41796200345423146
nk_cells,10000,2,3,raw,-1.0,100,mae,0.04356142202792475
nk_cells,10000,2,3,raw,0.01,100,precision,0.6943272386310361
nk_cells,10000,2,3,raw,0.01,100,recall,0.6946529080675422
nk_cells,10000,2,3,raw,0.01,100,f1,0.6944900351699883
nk_cells,10000,2,3,raw,0.05,100,precision,0.828675419212271
nk_cells,10000,2,3,raw,0.05,100,recall,0.8250291186747768
nk_cells,10000,2,3,raw,0.05,100,f1,0.8268482490272373
nk_cells,10000,2,3,bh,-1.0,100,mae,0.02209751811568695
nk_cells,10000,2,3,bh,0.01,100,precision,0.0
nk_cells,10000,2,3,bh,0.01,100,recall,0.0
nk_cells,10000,2,3,bh,0.01,100,f1,0.0
nk_cells,10000,2,3,bh,0.05,100,precision,0.0
nk_cells,10000,2,3,bh,0.05,100,recall,0.0
nk_cells,10000,2,3,bh,0.05,100,f1,0.0
nk_cells,10000,2,4,raw,-1.0,100,mae,0.04301551899200298
nk_cells,10000,2,4,raw,0.01,100,precision,0.6652601969057665
nk_cells,10000,2,4,raw,0.01,100,recall,0.6731499051233396
nk_cells,10000,2,4,raw,0.01,100,f1,0.6691817967460505
nk_cells,10000,2,4,raw,0.05,100,precision,0.8150266476017158
nk_cells,10000,2,4,raw,0.05,100,recall,0.8169381107491857
nk_cells,10000,2,4,raw,0.05,100,f1,0.8159812597605414
nk_cells,10000,2,4,bh,-1.0,100,mae,0.02192442724560086
nk_cells,10000,2,4,bh,0.01,100,precision,0.0
nk_cells,10000,2,4,bh,0.01,100,recall,0.0
nk_cells,10000,2,4,bh,0.01,100,f1,0.0
nk_cells,10000,2,4,bh,0.05,100,precision,0.0
nk_cells,10000,2,4,bh,0.05,100,recall,0.0
nk_cells,10000,2,4,bh,0.05,100,f1,0.0
nk_cells,10000,2,5,raw,-1.0,100,mae,0.04747145976874854
nk_cells,10000,2,5,raw,0.01,100,precision,0.726207219878106
nk_cells,10000,2,5,raw,0.01,100,recall,0.6535864978902953
nk_cells,10000,2,5,raw,0.01,100,f1,0.6879857872529425
nk_cells,10000,2,5,raw,0.05,100,precision,0.83803457688808
nk_cells,10000,2,5,raw,0.05,100,recall,0.8115558912386707
nk_cells,10000,2,5,raw,0.05,100,f1,0.8245827204706785
nk_cells,10000,2,5,bh,-1.0,100,mae,0.024415954186594025
nk_cells,10000,2,5,bh,0.01,100,precision,0.0
nk_cells,10000,2,5,bh,0.01,100,recall,0.0
nk_cells,10000,2,5,bh,0.01,100,f1,0.0
nk_cells,10000,2,5,bh,0.05,100,precision,0.7239263803680982
nk_cells,10000,2,5,bh,0.05,100,recall,0.3782051282051282
nk_cells,10000,2,5,bh,0.05,100,f1,0.4968421052631579
nk_cells,10000,2,6,raw,-1.0,100,mae,0.04769773892221826
nk_cells,10000,2,6,raw,0.01,100,precision,0.69901547116737
nk_cells,10000,2,6,raw,0.01,100,recall,0.6491075315629081
nk_cells,10000,2,6,raw,0.01,100,f1,0.67313769751693
nk_cells,10000,2,6,raw,0.05,100,precision,0.8074873261406473
nk_cells,10000,2,6,raw,0.05,100,recall,0.8019623031241931
nk_cells,10000,2,6,raw,0.05,100,f1,0.8047153313038409
nk_cells,10000,2,6,bh,-1.0,100,mae,0.02504379444046157
nk_cells,10000,2,6,bh,0.01,100,precision,0.0
nk_cells,10000,2,6,bh,0.01,100,recall,0.0
nk_cells,10000,2,6,bh,0.01,100,f1,0.0
nk_cells,10000,2,6,bh,0.05,100,precision,0.6134969325153374
nk_cells,10000,2,6,bh,0.05,100,recall,0.4975124378109453
nk_cells,10000,2,6,bh,0.05,100,f1,0.5494505494505495
nk_cells,10000,2,7,raw,-1.0,100,mae,0.051658086536660985
nk_cells,10000,2,7,raw,0.01,100,precision,0.6727613689639006
nk_cells,10000,2,7,raw,0.01,100,recall,0.6600735970561178
nk_cells,10000,2,7,raw,0.01,100,f1,0.6663570931042488
nk_cells,10000,2,7,raw,0.05,100,precision,0.8158065774080333
nk_cells,10000,2,7,raw,0.05,100,recall,0.8037909836065574
nk_cells,10000,2,7,raw,0.05,100,f1,0.8097542094058447
nk_cells,10000,2,7,bh,-1.0,100,mae,0.0256041058742135
nk_cells,10000,2,7,bh,0.01,100,precision,0.0
nk_cells,10000,2,7,bh,0.01,100,recall,0.0
nk_cells,10000,2,7,bh,0.01,100,f1,0.0
nk_cells,10000,2,7,bh,0.05,100,precision,0.0
nk_cells,10000,2,7,bh,0.05,100,recall,0.0
nk_cells,10000,2,7,bh,0.05,100,f1,0.0
nk_cells,10000,2,8,raw,-1.0,100,mae,0.04333990944744463
nk_cells,10000,2,8,raw,0.01,100,precision,0.7229254571026723
nk_cells,10000,2,8,raw,0.01,100,recall,0.7034671532846716
nk_cells,10000,2,8,raw,0.01,100,f1,0.7130635838150289
nk_cells,10000,2,8,raw,0.05,100,precision,0.8362147406733395
nk_cells,10000,2,8,raw,0.05,100,recall,0.8255903490759754
nk_cells,10000,2,8,raw,0.05,100,f1,0.8308685824991928
nk_cells,10000,2,8,bh,-1.0,100,mae,0.021790831303771695
nk_cells,10000,2,8,bh,0.01,100,precision,0.0
nk_cells,10000,2,8,bh,0.01,100,recall,0.0
nk_cells,10000,2,8,bh,0.01,100,f1,0.0
nk_cells,10000,2,8,bh,0.05,100,precision,0.4723926380368098
nk_cells,10000,2,8,bh,0.05,100,recall,0.48427672955974843
nk_cells,10000,2,8,bh,0.05,100,f1,0.4782608695652174
nk_cells,10000,2,9,raw,-1.0,100,mae,0.050819238198452736
nk_cells,10000,2,9,raw,0.01,100,precision,0.6582278481012658
nk_cells,10000,2,9,raw,0.01,100,recall,0.5914069081718618
nk_cells,10000,2,9,raw,0.01,100,f1,0.6230308409141335
nk_cells,10000,2,9,raw,0.05,100,precision,0.8103470687638112
nk_cells,10000,2,9,raw,0.05,100,recall,0.7779857731186821
nk_cells,10000,2,9,raw,0.05,100,f1,0.7938367502865147
nk_cells,10000,2,9,bh,-1.0,100,mae,0.028241494423102687
nk_cells,10000,2,9,bh,0.01,100,precision,0.0
nk_cells,10000,2,9,bh,0.01,100,recall,0.0
nk_cells,10000,2,9,bh,0.01,100,f1,0.0
nk_cells,10000,2,9,bh,0.05,100,precision,0.7300613496932515
nk_cells,10000,2,9,bh,0.05,100,recall,0.3131578947368421
nk_cells,10000,2,9,bh,0.05,100,f1,0.43830570902394106
nk_cells,10000,3,4,raw,-1.0,100,mae,0.04784067287378989
nk_cells,10000,3,4,raw,0.01,100,precision,0.6604127579737336
nk_cells,10000,3,4,raw,0.01,100,recall,0.6679316888045541
nk_cells,10000,3,4,raw,0.01,100,f1,0.6641509433962264
nk_cells,10000,3,4,raw,0.05,100,precision,0.8137698977610974
nk_cells,10000,3,4,raw,0.05,100,recall,0.8192833876221498
nk_cells,10000,3,4,raw,0.05,100,f1,0.8165173354109856
nk_cells,10000,3,4,bh,-1.0,100,mae,0.023796023017254808
nk_cells,10000,3,4,bh,0.01,100,precision,0.0
nk_cells,10000,3,4,bh,0.01,100,recall,0.0
nk_cells,10000,3,4,bh,0.01,100,f1,0.0
nk_cells,10000,3,4,bh,0.05,100,precision,0.0
nk_cells,10000,3,4,bh,0.05,100,recall,0.0
nk_cells,10000,3,4,bh,0.05,100,f1,0.0
nk_cells,10000,3,5,raw,-1.0,100,mae,0.051672782811315154
nk_cells,10000,3,5,raw,0.01,100,precision,0.7162288930581614
nk_cells,10000,3,5,raw,0.01,100,recall,0.6443037974683544
nk_cells,10000,3,5,raw,0.01,100,f1,0.6783651710350955
nk_cells,10000,3,5,raw,0.05,100,precision,0.8216642940339071
nk_cells,10000,3,5,raw,0.05,100,recall,0.7992195367573011
nk_cells,10000,3,5,raw,0.05,100,f1,0.8102865164954375
nk_cells,10000,3,5,bh,-1.0,100,mae,0.02692364962439681
nk_cells,10000,3,5,bh,0.01,100,precision,0.0
nk_cells,10000,3,5,bh,0.01,100,recall,0.0
nk_cells,10000,3,5,bh,0.01,100,f1,0.0
nk_cells,10000,3,5,bh,0.05,100,precision,0.0
nk_cells,10000,3,5,bh,0.05,100,recall,0.0
nk_cells,10000,3,5,bh,0.05,100,f1,0.0
nk_cells,10000,3,6,raw,-1.0,100,mae,0.04554221635915886
nk_cells,10000,3,6,raw,0.01,100,precision,0.6979362101313321
nk_cells,10000,3,6,raw,0.01,100,recall,0.6478014801915541
nk_cells,10000,3,6,raw,0.01,100,f1,0.6719349740347709
nk_cells,10000,3,6,raw,0.05,100,precision,0.81519347741685
nk_cells,10000,3,6,raw,0.05,100,recall,0.8131939065324039
nk_cells,10000,3,6,raw,0.05,100,f1,0.8141924642926388
nk_cells,10000,3,6,bh,-1.0,100,mae,0.023527136951065168
nk_cells,10000,3,6,bh,0.01,100,precision,0.0
nk_cells,10000,3,6,bh,0.01,100,recall,0.0
nk_cells,10000,3,6,bh,0.01,100,f1,0.0
nk_cells,10000,3,6,bh,0.05,100,precision,0.0
nk_cells,10000,3,6,bh,0.05,100,recall,0.0
nk_cells,10000,3,6,bh,0.05,100,f1,0.0
nk_cells,10000,3,7,raw,-1.0,100,mae,0.05056128070127529
nk_cells,10000,3,7,raw,0.01,100,precision,0.6524390243902439
nk_cells,10000,3,7,raw,0.01,100,recall,0.639834406623735
nk_cells,10000,3,7,raw,0.01,100,f1,0.6460752438457965
nk_cells,10000,3,7,raw,0.05,100,precision,0.804193089167853
nk_cells,10000,3,7,raw,0.05,100,recall,0.7958504098360656
nk_cells,10000,3,7,raw,0.05,100,f1,0.8
nk_cells,10000,3,7,bh,-1.0,100,mae,0.02593596965559517
nk_cells,10000,3,7,bh,0.01,100,precision,0.0
nk_cells,10000,3,7,bh,0.01,100,recall,0.0
nk_cells,10000,3,7,bh,0.01,100,f1,0.0
nk_cells,10000,3,7,bh,0.05,100,precision,0.0
nk_cells,10000,3,7,bh,0.05,100,recall,0.0
nk_cells,10000,3,7,bh,0.05,100,f1,0.0
nk_cells,10000,3,8,raw,-1.0,100,mae,0.04757465383428981
nk_cells,10000,3,8,raw,0.01,100,precision,0.7143527204502814
nk_cells,10000,3,8,raw,0.01,100,recall,0.6947992700729927
nk_cells,10000,3,8,raw,0.01,100,f1,0.7044403330249769
nk_cells,10000,3,8,raw,0.05,100,precision,0.8296881066390579
nk_cells,10000,3,8,raw,0.05,100,recall,0.8227669404517454
nk_cells,10000,3,8,raw,0.05,100,f1,0.8262130291900251
nk_cells,10000,3,8,bh,-1.0,100,mae,0.02392550362709382
nk_cells,10000,3,8,bh,0.01,100,precision,0.0
nk_cells,10000,3,8,bh,0.01,100,recall,0.0
nk_cells,10000,3,8,bh,0.01,100,f1,0.0
nk_cells,10000,3,8,bh,0.05,100,precision,0.0
nk_cells,10000,3,8,bh,0.05,100,recall,0.0
nk_cells,10000,3,8,bh,0.05,100,f1,0.0
nk_cells,10000,3,9,raw,-1.0,100,mae,0.04598057243922493
nk_cells,10000,3,9,raw,0.01,100,precision,0.699343339587242
nk_cells,10000,3,9,raw,0.01,100,recall,0.6280539174389217
nk_cells,10000,3,9,raw,0.01,100,f1,0.6617842876165113
nk_cells,10000,3,9,raw,0.05,100,precision,0.8296881066390579
nk_cells,10000,3,9,raw,0.05,100,recall,0.8000748783227256
nk_cells,10000,3,9,raw,0.05,100,f1,0.8146124523506989
nk_cells,10000,3,9,bh,-1.0,100,mae,0.02690554866377306
nk_cells,10000,3,9,bh,0.01,100,precision,0.0
nk_cells,10000,3,9,bh,0.01,100,recall,0.0
nk_cells,10000,3,9,bh,0.01,100,f1,0.0
nk_cells,10000,3,9,bh,0.05,100,precision,0.0
nk_cells,10000,3,9,bh,0.05,100,recall,0.0
nk_cells,10000,3,9,bh,0.05,100,f1,0.0
nk_cells,10000,4,5,raw,-1.0,100,mae,0.05004734716788678
nk_cells,10000,4,5,raw,0.01,100,precision,0.6755218216318786
nk_cells,10000,4,5,raw,0.01,100,recall,0.60084388185654
nk_cells,10000,4,5,raw,0.01,100,f1,0.6359982134881643
nk_cells,10000,4,5,raw,0.05,100,precision,0.8101628664495114
nk_cells,10000,4,5,raw,0.05,100,recall,0.7827291037260826
nk_cells,10000,4,5,raw,0.05,100,f1,0.7962097445419041
nk_cells,10000,4,5,bh,-1.0,100,mae,0.027006992749136875
nk_cells,10000,4,5,bh,0.01,100,precision,0.0
nk_cells,10000,4,5,bh,0.01,100,recall,0.0
nk_cells,10000,4,5,bh,0.01,100,f1,0.0
nk_cells,10000,4,5,bh,0.05,100,precision,0.0
nk_cells,10000,4,5,bh,0.05,100,recall,0.0
nk_cells,10000,4,5,bh,0.05,100,f1,0.0
nk_cells,10000,4,6,raw,-1.0,100,mae,0.048243026703970265
nk_cells,10000,4,6,raw,0.01,100,precision,0.650853889943074
nk_cells,10000,4,6,raw,0.01,100,recall,0.5973008271658685
nk_cells,10000,4,6,raw,0.01,100,f1,0.6229284903518729
nk_cells,10000,4,6,raw,0.05,100,precision,0.7940065146579804
nk_cells,10000,4,6,raw,0.05,100,recall,0.7867286341337465
nk_cells,10000,4,6,raw,0.05,100,f1,0.790350820309967
nk_cells,10000,4,6,bh,-1.0,100,mae,0.025531508817464642
nk_cells,10000,4,6,bh,0.01,100,precision,0.0
nk_cells,10000,4,6,bh,0.01,100,recall,0.0
nk_cells,10000,4,6,bh,0.01,100,f1,0.0
nk_cells,10000,4,6,bh,0.05,100,precision,0.0
nk_cells,10000,4,6,bh,0.05,100,recall,0.0
nk_cells,10000,4,6,bh,0.05,100,f1,0.0
nk_cells,10000,4,7,raw,-1.0,100,mae,0.05024627320128743
nk_cells,10000,4,7,raw,0.01,100,precision,0.6750474383301708
nk_cells,10000,4,7,raw,0.01,100,recall,0.6545538178472861
nk_cells,10000,4,7,raw,0.01,100,f1,0.6646426903316207
nk_cells,10000,4,7,raw,0.05,100,precision,0.8171986970684039
nk_cells,10000,4,7,raw,0.05,100,recall,0.8032786885245902
nk_cells,10000,4,7,raw,0.05,100,f1,0.81017890589679
nk_cells,10000,4,7,bh,-1.0,100,mae,0.025449863339340482
nk_cells,10000,4,7,bh,0.01,100,precision,0.0
nk_cells,10000,4,7,bh,0.01,100,recall,0.0
nk_cells,10000,4,7,bh,0.01,100,f1,0.0
nk_cells,10000,4,7,bh,0.05,100,precision,0.0
nk_cells,10000,4,7,bh,0.05,100,recall,0.0
nk_cells,10000,4,7,bh,0.05,100,f1,0.0
nk_cells,10000,4,8,raw,-1.0,100,mae,0.046334335682063715
nk_cells,10000,4,8,raw,0.01,100,precision,0.6802656546489564
nk_cells,10000,4,8,raw,0.01,100,recall,0.6541970802919708
nk_cells,10000,4,8,raw,0.01,100,f1,0.6669767441860465
nk_cells,10000,4,8,raw,0.05,100,precision,0.827100977198697
nk_cells,10000,4,8,raw,0.05,100,recall,0.8146817248459959
nk_cells,10000,4,8,raw,0.05,100,f1,0.8208443783539148
nk_cells,10000,4,8,bh,-1.0,100,mae,0.023610283577956925
nk_cells,10000,4,8,bh,0.01,100,precision,0.0
nk_cells,10000,4,8,bh,0.01,100,recall,0.0
nk_cells,10000,4,8,bh,0.01,100,f1,0.0
nk_cells,10000,4,8,bh,0.05,100,precision,0.0
nk_cells,10000,4,8,bh,0.05,100,recall,0.0
nk_cells,10000,4,8,bh,0.05,100,f1,0.0
nk_cells,10000,4,9,raw,-1.0,100,mae,0.05190179174345662
nk_cells,10000,4,9,raw,0.01,100,precision,0.6750474383301708
nk_cells,10000,4,9,raw,0.01,100,recall,0.5994102780117945
nk_cells,10000,4,9,raw,0.01,100,f1,0.6349843819723338
nk_cells,10000,4,9,raw,0.05,100,precision,0.8076872964169381
nk_cells,10000,4,9,raw,0.05,100,recall,0.7736178709596905
nk_cells,10000,4,9,raw,0.05,100,f1,0.7902855685874554
nk_cells,10000,4,9,bh,-1.0,100,mae,0.029149220253737507
nk_cells,10000,4,9,bh,0.01,100,precision,0.0
nk_cells,10000,4,9,bh,0.01,100,recall,0.0
nk_cells,10000,4,9,bh,0.01,100,f1,0.0
nk_cells,10000,4,9,bh,0.05,100,precision,0.0
nk_cells,10000,4,9,bh,0.05,100,recall,0.0
nk_cells,10000,4,9,bh,0.05,100,f1,0.0
nk_cells,10000,5,6,raw,-1.0,100,mae,0.051806187569289876
nk_cells,10000,5,6,raw,0.01,100,precision,0.6611814345991561
nk_cells,10000,5,6,raw,0.01,100,recall,0.6821941663038746
nk_cells,10000,5,6,raw,0.01,100,f1,0.6715234626098135
nk_cells,10000,5,6,raw,0.05,100,precision,0.7978348439073515
nk_cells,10000,5,6,raw,0.05,100,recall,0.8182287632326362
nk_cells,10000,5,6,raw,0.05,100,f1,0.8079031230082855
nk_cells,10000,5,6,bh,-1.0,100,mae,0.027177416696751878
nk_cells,10000,5,6,bh,0.01,100,precision,0.0
nk_cells,10000,5,6,bh,0.01,100,recall,0.0
nk_cells,10000,5,6,bh,0.01,100,f1,0.0
nk_cells,10000,5,6,bh,0.05,100,precision,0.3814102564102564
nk_cells,10000,5,6,bh,0.05,100,recall,0.5920398009950248
nk_cells,10000,5,6,bh,0.05,100,f1,0.46393762183235865
nk_cells,10000,5,7,raw,-1.0,100,mae,0.05566657943671217
nk_cells,10000,5,7,raw,0.01,100,precision,0.6240506329113924
nk_cells,10000,5,7,raw,0.01,100,recall,0.6803127874885004
nk_cells,10000,5,7,raw,0.01,100,f1,0.6509683098591549
nk_cells,10000,5,7,raw,0.05,100,precision,0.7935548841893253
nk_cells,10000,5,7,raw,0.05,100,recall,0.8073770491803278
nk_cells,10000,5,7,raw,0.05,100,f1,0.8004062976130015
nk_cells,10000,5,7,bh,-1.0,100,mae,0.028869154726665364
nk_cells,10000,5,7,bh,0.01,100,precision,0.0
nk_cells,10000,5,7,bh,0.01,100,recall,0.0
nk_cells,10000,5,7,bh,0.01,100,f1,0.0
nk_cells,10000,5,7,bh,0.05,100,precision,0.0
nk_cells,10000,5,7,bh,0.05,100,recall,0.0
nk_cells,10000,5,7,bh,0.05,100,f1,0.0
nk_cells,10000,5,8,raw,-1.0,100,mae,0.04718043137185176
nk_cells,10000,5,8,raw,0.01,100,precision,0.6434599156118144
nk_cells,10000,5,8,raw,0.01,100,recall,0.6957116788321168
nk_cells,10000,5,8,raw,0.01,100,f1,0.6685664182376151
nk_cells,10000,5,8,raw,0.05,100,precision,0.807527693856999
nk_cells,10000,5,8,raw,0.05,100,recall,0.8232802874743327
nk_cells,10000,5,8,raw,0.05,100,f1,0.8153279105236401
nk_cells,10000,5,8,bh,-1.0,100,mae,0.025009270636219428
nk_cells,10000,5,8,bh,0.01,100,precision,0.0
nk_cells,10000,5,8,bh,0.01,100,recall,0.0
nk_cells,10000,5,8,bh,0.01,100,f1,0.0
nk_cells,10000,5,8,bh,0.05,100,precision,0.2948717948717949
nk_cells,10000,5,8,bh,0.05,100,recall,0.5786163522012578
nk_cells,10000,5,8,bh,0.05,100,f1,0.39065817409766457
nk_cells,10000,5,9,raw,-1.0,100,mae,0.05179567686743501
nk_cells,10000,5,9,raw,0.01,100,precision,0.6654008438818565
nk_cells,10000,5,9,raw,0.01,100,recall,0.6642796967144061
nk_cells,10000,5,9,raw,0.01,100,f1,0.6648397976391232
nk_cells,10000,5,9,raw,0.05,100,precision,0.8085347432024169
nk_cells,10000,5,9,raw,0.05,100,recall,0.801572444777237
nk_cells,10000,5,9,raw,0.05,100,f1,0.8050385410791502
nk_cells,10000,5,9,bh,-1.0,100,mae,0.028266163725067517
nk_cells,10000,5,9,bh,0.01,100,precision,0.0
nk_cells,10000,5,9,bh,0.01,100,recall,0.0
nk_cells,10000,5,9,bh,0.01,100,f1,0.0
nk_cells,10000,5,9,bh,0.05,100,precision,0.5576923076923077
nk_cells,10000,5,9,bh,0.05,100,recall,0.45789473684210524
nk_cells,10000,5,9,bh,0.05,100,f1,0.5028901734104047
nk_cells,10000,6,7,raw,-1.0,100,mae,0.04914632126963334
nk_cells,10000,6,7,raw,0.01,100,precision,0.6634740966478014
nk_cells,10000,6,7,raw,0.01,100,recall,0.7010119595216191
nk_cells,10000,6,7,raw,0.01,100,f1,0.6817266830686647
nk_cells,10000,6,7,raw,0.05,100,precision,0.8166795765556416
nk_cells,10000,6,7,raw,0.05,100,recall,0.8101946721311475
nk_cells,10000,6,7,raw,0.05,100,f1,0.8134241995628134
nk_cells,10000,6,7,bh,-1.0,100,mae,0.025840689154815275
nk_cells,10000,6,7,bh,0.01,100,precision,0.0
nk_cells,10000,6,7,bh,0.01,100,recall,0.0
nk_cells,10000,6,7,bh,0.01,100,f1,0.0
nk_cells,10000,6,7,bh,0.05,100,precision,0.0
nk_cells,10000,6,7,bh,0.05,100,recall,0.0
nk_cells,10000,6,7,bh,0.05,100,f1,0.0
nk_cells,10000,6,8,raw,-1.0,100,mae,0.04730596693677318
nk_cells,10000,6,8,raw,0.01,100,precision,0.6669569003047453
nk_cells,10000,6,8,raw,0.01,100,recall,0.698905109489051
nk_cells,10000,6,8,raw,0.01,100,f1,0.6825573624415238
nk_cells,10000,6,8,raw,0.05,100,precision,0.809708236509166
nk_cells,10000,6,8,raw,0.05,100,recall,0.8049281314168378
nk_cells,10000,6,8,raw,0.05,100,f1,0.8073111082507402
nk_cells,10000,6,8,bh,-1.0,100,mae,0.024591197761260095
nk_cells,10000,6,8,bh,0.01,100,precision,0.0
nk_cells,10000,6,8,bh,0.01,100,recall,0.0
nk_cells,10000,6,8,bh,0.01,100,f1,0.0
nk_cells,10000,6,8,bh,0.05,100,precision,0.3880597014925373
nk_cells,10000,6,8,bh,0.05,100,recall,0.49056603773584906
nk_cells,10000,6,8,bh,0.05,100,f1,0.43333333333333335
nk_cells,10000,6,9,raw,-1.0,100,mae,0.050184941451043054
nk_cells,10000,6,9,raw,0.01,100,precision,0.6721811057901611
nk_cells,10000,6,9,raw,0.01,100,recall,0.6503791069924179
nk_cells,10000,6,9,raw,0.01,100,f1,0.6611004067651467
nk_cells,10000,6,9,raw,0.05,100,precision,0.8139684998709011
nk_cells,10000,6,9,raw,0.05,100,recall,0.786846374641208
nk_cells,10000,6,9,raw,0.05,100,f1,0.8001776762484929
nk_cells,10000,6,9,bh,-1.0,100,mae,0.029324580993621414
nk_cells,10000,6,9,bh,0.01,100,precision,0.0
nk_cells,10000,6,9,bh,0.01,100,recall,0.0
nk_cells,10000,6,9,bh,0.01,100,f1,0.0
nk_cells,10000,6,9,bh,0.05,100,precision,0.6567164179104478
nk_cells,10000,6,9,bh,0.05,100,recall,0.3473684210526316
nk_cells,10000,6,9,bh,0.05,100,f1,0.45438898450946646
nk_cells,10000,7,8,raw,-1.0,100,mae,0.051778440528456905
nk_cells,10000,7,8,raw,0.01,100,precision,0.6743330266789328
nk_cells,10000,7,8,raw,0.01,100,recall,0.6687956204379562
nk_cells,10000,7,8,raw,0.01,100,f1,0.6715529088410445
nk_cells,10000,7,8,raw,0.05,100,precision,0.8165983606557377
nk_cells,10000,7,8,raw,0.05,100,recall,0.8182751540041068
nk_cells,10000,7,8,raw,0.05,100,f1,0.8174358974358974
nk_cells,10000,7,8,bh,-1.0,100,mae,0.026219663798106283
nk_cells,10000,7,8,bh,0.01,100,precision,0.0
nk_cells,10000,7,8,bh,0.01,100,recall,0.0
nk_cells,10000,7,8,bh,0.01,100,f1,0.0
nk_cells,10000,7,8,bh,0.05,100,precision,0.0
nk_cells,10000,7,8,bh,0.05,100,recall,0.0
nk_cells,10000,7,8,bh,0.05,100,f1,0.0
nk_cells,10000,7,9,raw,-1.0,100,mae,0.05451874702906014
nk_cells,10000,7,9,raw,0.01,100,precision,0.6734130634774609
nk_cells,10000,7,9,raw,0.01,100,recall,0.6166807076663858
nk_cells,10000,7,9,raw,0.01,100,f1,0.6437994722955145
nk_cells,10000,7,9,raw,0.05,100,precision,0.8082735655737705
nk_cells,10000,7,9,raw,0.05,100,recall,0.7875951578684638
nk_cells,10000,7,9,raw,0.05,100,f1,0.7978003918842045
nk_cells,10000,7,9,bh,-1.0,100,mae,0.029345657087212252
nk_cells,10000,7,9,bh,0.01,100,precision,0.0
nk_cells,10000,7,9,bh,0.01,100,recall,0.0
nk_cells,10000,7,9,bh,0.01,100,f1,0.0
nk_cells,10000,7,9,bh,0.05,100,precision,0.0
nk_cells,10000,7,9,bh,0.05,100,recall,0.0
nk_cells,10000,7,9,bh,0.05,100,f1,0.0
nk_cells,10000,8,9,raw,-1.0,100,mae,0.05263676620637715
nk_cells,10000,8,9,raw,0.01,100,precision,0.6268248175182481
nk_cells,10000,8,9,raw,0.01,100,recall,0.5787700084245998
nk_cells,10000,8,9,raw,0.01,100,f1,0.6018396846254928
nk_cells,10000,8,9,raw,0.05,100,precision,0.7885010266940452
nk_cells,10000,8,9,raw,0.05,100,recall,0.7667540247098465
nk_cells,10000,8,9,raw,0.05,100,f1,0.777475482442265
nk_cells,10000,8,9,bh,-1.0,100,mae,0.029277921238799513
nk_cells,10000,8,9,bh,0.01,100,precision,0.0
nk_cells,10000,8,9,bh,0.01,100,recall,0.0
nk_cells,10000,8,9,bh,0.01,100,f1,0.0
nk_cells,10000,8,9,bh,0.05,100,precision,0.5031446540880503
nk_cells,10000,8,9,bh,0.05,100,recall,0.21052631578947367
nk_cells,10000,8,9,bh,0.05,100,f1,0.29684601113172543
dc,1000,-1,0,raw,-1.0,100,mae,0.04252979528383976
dc,1000,-1,0,raw,0.01,100,precision,0.7055100521221147
dc,1000,-1,0,raw,0.01,100,recall,0.7428459427675421
dc,1000,-1,0,raw,0.01,100,f1,0.7236967729616193
dc,1000,-1,0,raw,0.05,100,precision,0.8464410154305625
dc,1000,-1,0,raw,0.05,100,recall,0.8425616251703208
dc,1000,-1,0,raw,0.05,100,f1,0.8444968651064623
dc,1000,-1,0,bh,-1.0,100,mae,0.02372969148946423
dc,1000,-1,0,bh,0.01,100,precision,0.0
dc,1000,-1,0,bh,0.01,100,recall,0.0
dc,1000,-1,0,bh,0.01,100,f1,0.0
dc,1000,-1,0,bh,0.05,100,precision,0.0
dc,1000,-1,0,bh,0.05,100,recall,0.0
dc,1000,-1,0,bh,0.05,100,f1,0.0
dc,1000,-1,1,raw,-1.0,100,mae,0.04228248422002752
dc,1000,-1,1,raw,0.01,100,precision,0.7475800446760983
dc,1000,-1,1,raw,0.01,100,recall,0.766704849179076
dc,1000,-1,1,raw,0.01,100,f1,0.7570216776625824
dc,1000,-1,1,raw,0.05,100,precision,0.8496764559482329
dc,1000,-1,1,raw,0.05,100,recall,0.845782237086585
dc,1000,-1,1,raw,0.05,100,f1,0.847724874293873
dc,1000,-1,1,bh,-1.0,100,mae,0.02312412393739063
dc,1000,-1,1,bh,0.01,100,precision,0.0
dc,1000,-1,1,bh,0.01,100,recall,0.0
dc,1000,-1,1,bh,0.01,100,f1,0.0
dc,1000,-1,1,bh,0.05,100,precision,0.0
dc,1000,-1,1,bh,0.05,100,recall,0.0
dc,1000,-1,1,bh,0.05,100,f1,0.0
dc,1000,-1,2,raw,-1.0,100,mae,0.04363981147148537
dc,1000,-1,2,raw,0.01,100,precision,0.7803425167535368
dc,1000,-1,2,raw,0.01,100,recall,0.7073911576105298
dc,1000,-1,2,raw,0.01,100,f1,0.74207824393698
dc,1000,-1,2,raw,0.05,100,precision,0.8522896963663514
dc,1000,-1,2,raw,0.05,100,recall,0.8273737617782073
dc,1000,-1,2,raw,0.05,100,f1,0.8396469290180213
dc,1000,-1,2,bh,-1.0,100,mae,0.025395804369007315
dc,1000,-1,2,bh,0.01,100,precision,0.0
dc,1000,-1,2,bh,0.01,100,recall,0.0
dc,1000,-1,2,bh,0.01,100,f1,0.0
dc,1000,-1,2,bh,0.05,100,precision,0.0
dc,1000,-1,2,bh,0.05,100,recall,0.0
dc,1000,-1,2,bh,0.05,100,f1,0.0
dc,1000,-1,3,raw,-1.0,100,mae,0.04388738036301845
dc,1000,-1,3,raw,0.01,100,precision,0.7163067758749069
dc,1000,-1,3,raw,0.01,100,recall,0.7468944099378882
dc,1000,-1,3,raw,0.01,100,f1,0.7312808817939946
dc,1000,-1,3,raw,0.05,100,precision,0.8326281732205078
dc,1000,-1,3,raw,0.05,100,recall,0.8466405162596482
dc,1000,-1,3,raw,0.05,100,f1,0.8395758830541439
dc,1000,-1,3,bh,-1.0,100,mae,0.02397150559644679
dc,1000,-1,3,bh,0.01,100,precision,0.0
dc,1000,-1,3,bh,0.01,100,recall,0.0
dc,1000,-1,3,bh,0.01,100,f1,0.0
dc,1000,-1,3,bh,0.05,100,precision,0.0
dc,1000,-1,3,bh,0.05,100,recall,0.0
dc,1000,-1,3,bh,0.05,100,f1,0.0
dc,1000,-1,4,raw,-1.0,100,mae,0.049766761580287984
dc,1000,-1,4,raw,0.01,100,precision,0.6790766939687267
dc,1000,-1,4,raw,0.01,100,recall,0.6572972972972972
dc,1000,-1,4,raw,0.01,100,f1,0.6680095220655557
dc,1000,-1,4,raw,0.05,100,precision,0.8216774514683922
dc,1000,-1,4,raw,0.05,100,recall,0.8069167786875229
dc,1000,-1,4,raw,0.05,100,f1,0.8142302238115791
dc,1000,-1,4,bh,-1.0,100,mae,0.02884246362865075
dc,1000,-1,4,bh,0.01,100,precision,0.0
dc,1000,-1,4,bh,0.01,100,recall,0.0
dc,1000,-1,4,bh,0.01,100,f1,0.0
dc,1000,-1,4,bh,0.05,100,precision,0.0
dc,1000,-1,4,bh,0.05,100,recall,0.0
dc,1000,-1,4,bh,0.05,100,f1,0.0
dc,1000,-1,5,raw,-1.0,100,mae,0.04638400760325808
dc,1000,-1,5,raw,0.01,100,precision,0.7226358897989575
dc,1000,-1,5,raw,0.01,100,recall,0.7357846853677028
dc,1000,-1,5,raw,0.01,100,f1,0.7291510142749812
dc,1000,-1,5,raw,0.05,100,precision,0.8371080139372822
dc,1000,-1,5,raw,0.05,100,recall,0.8359637131850379
dc,1000,-1,5,raw,0.05,100,f1,0.8365354722377666
dc,1000,-1,5,bh,-1.0,100,mae,0.025123045722328582
dc,1000,-1,5,bh,0.01,100,precision,0.0
dc,1000,-1,5,bh,0.01,100,recall,0.0
dc,1000,-1,5,bh,0.01,100,f1,0.0
dc,1000,-1,5,bh,0.05,100,precision,0.0
dc,1000,-1,5,bh,0.05,100,recall,0.0
dc,1000,-1,5,bh,0.05,100,f1,0.0
dc,1000,-1,6,raw,-1.0,100,mae,0.04668050948223187
dc,1000,-1,6,raw,0.01,100,precision,0.6902457185405808
dc,1000,-1,6,raw,0.01,100,recall,0.7276295133437991
dc,1000,-1,6,raw,0.01,100,f1,0.7084447841039359
dc,1000,-1,6,raw,0.05,100,precision,0.8346192135390742
dc,1000,-1,6,raw,0.05,100,recall,0.8358673978065803
dc,1000,-1,6,raw,0.05,100,f1,0.8352428393524284
dc,1000,-1,6,bh,-1.0,100,mae,0.02561709211788723
dc,1000,-1,6,bh,0.01,100,precision,0.0
dc,1000,-1,6,bh,0.01,100,recall,0.0
dc,1000,-1,6,bh,0.01,100,f1,0.0
dc,1000,-1,6,bh,0.05,100,precision,0.0
dc,1000,-1,6,bh,0.05,100,recall,0.0
dc,1000,-1,6,bh,0.05,100,f1,0.0
dc,1000,-1,7,raw,-1.0,100,mae,0.04884950553867547
dc,1000,-1,7,raw,0.01,100,precision,0.672747580044676
dc,1000,-1,7,raw,0.01,100,recall,0.6883809523809524
dc,1000,-1,7,raw,0.01,100,f1,0.6804744869139522
dc,1000,-1,7,raw,0.05,100,precision,0.8321304131408661
dc,1000,-1,7,raw,0.05,100,recall,0.8248427285062292
dc,1000,-1,7,raw,0.05,100,f1,0.8284705445084557
dc,1000,-1,7,bh,-1.0,100,mae,0.027110208024192225
dc,1000,-1,7,bh,0.01,100,precision,0.0
dc,1000,-1,7,bh,0.01,100,recall,0.0
dc,1000,-1,7,bh,0.01,100,f1,0.0
dc,1000,-1,7,bh,0.05,100,precision,0.0
dc,1000,-1,7,bh,0.05,100,recall,0.0
dc,1000,-1,7,bh,0.05,100,f1,0.0
dc,1000,-1,8,raw,-1.0,100,mae,0.04249743111993347
dc,1000,-1,8,raw,0.01,100,precision,0.7844378257632166
dc,1000,-1,8,raw,0.01,100,recall,0.7253012048192771
dc,1000,-1,8,raw,0.01,100,f1,0.7537113217671257
dc,1000,-1,8,raw,0.05,100,precision,0.8631159780985564
dc,1000,-1,8,raw,0.05,100,recall,0.8373777616805506
dc,1000,-1,8,raw,0.05,100,f1,0.8500520865249096
dc,1000,-1,8,bh,-1.0,100,mae,0.024220438192026367
dc,1000,-1,8,bh,0.01,100,precision,0.0
dc,1000,-1,8,bh,0.01,100,recall,0.0
dc,1000,-1,8,bh,0.01,100,f1,0.0
dc,1000,-1,8,bh,0.05,100,precision,0.0
dc,1000,-1,8,bh,0.05,100,recall,0.0
dc,1000,-1,8,bh,0.05,100,f1,0.0
dc,1000,-1,9,raw,-1.0,100,mae,0.04843832460344503
dc,1000,-1,9,raw,0.01,100,precision,0.6679076693968726
dc,1000,-1,9,raw,0.01,100,recall,0.7230955259975816
dc,1000,-1,9,raw,0.01,100,f1,0.694406812463712
dc,1000,-1,9,raw,0.05,100,precision,0.81172224987556
dc,1000,-1,9,raw,0.05,100,recall,0.8221578018653894
dc,1000,-1,9,raw,0.05,100,f1,0.8169067000626175
dc,1000,-1,9,bh,-1.0,100,mae,0.02699213785539562
dc,1000,-1,9,bh,0.01,100,precision,0.0
dc,1000,-1,9,bh,0.01,100,recall,0.0
dc,1000,-1,9,bh,0.01,100,f1,0.0
dc,1000,-1,9,bh,0.05,100,precision,0.0
dc,1000,-1,9,bh,0.05,100,recall,0.0
dc,1000,-1,9,bh,0.05,100,f1,0.0
dc,1000,0,1,raw,-1.0,100,mae,0.04398070042808494
dc,1000,0,1,raw,0.01,100,precision,0.737749901999216
dc,1000,0,1,raw,0.01,100,recall,0.7185948835433371
dc,1000,0,1,raw,0.01,100,f1,0.7280464216634429
dc,1000,0,1,raw,0.05,100,precision,0.8519757215409389
dc,1000,0,1,raw,0.05,100,recall,0.8519757215409389
dc,1000,0,1,raw,0.05,100,f1,0.8519757215409389
dc,1000,0,1,bh,-1.0,100,mae,0.023593854418434538
dc,1000,0,1,bh,0.01,100,precision,0.0
dc,1000,0,1,bh,0.01,100,recall,0.0
dc,1000,0,1,bh,0.01,100,f1,0.0
dc,1000,0,1,bh,0.05,100,precision,0.0
dc,1000,0,1,bh,0.05,100,recall,0.0
dc,1000,0,1,bh,0.05,100,f1,0.0
dc,1000,0,2,raw,-1.0,100,mae,0.045766917308231375
dc,1000,0,2,raw,0.01,100,precision,0.7800862406899255
dc,1000,0,2,raw,0.01,100,recall,0.6716166047924401
dc,1000,0,2,raw,0.01,100,f1,0.7217990569459557
dc,1000,0,2,raw,0.05,100,precision,0.8434287129939304
dc,1000,0,2,raw,0.05,100,recall,0.8225416767335105
dc,1000,0,2,raw,0.05,100,f1,0.8328542596783072
dc,1000,0,2,bh,-1.0,100,mae,0.026900966354953308
dc,1000,0,2,bh,0.01,100,precision,0.0
dc,1000,0,2,bh,0.01,100,recall,0.0
dc,1000,0,2,bh,0.01,100,f1,0.0
dc,1000,0,2,bh,0.05,100,precision,0.0
dc,1000,0,2,bh,0.05,100,recall,0.0
dc,1000,0,2,bh,0.05,100,f1,0.0
dc,1000,0,3,raw,-1.0,100,mae,0.04509347130137959
dc,1000,0,3,raw,0.01,100,precision,0.7169737357898863
dc,1000,0,3,raw,0.01,100,recall,0.7100155279503105
dc,1000,0,3,raw,0.01,100,f1,0.7134776672518042
dc,1000,0,3,raw,0.05,100,precision,0.8368636194723151
dc,1000,0,3,raw,0.05,100,recall,0.8548652410477035
dc,1000,0,3,raw,0.05,100,f1,0.8457686529794692
dc,1000,0,3,bh,-1.0,100,mae,0.024521901872868013
dc,1000,0,3,bh,0.01,100,precision,0.0
dc,1000,0,3,bh,0.01,100,recall,0.0
dc,1000,0,3,bh,0.01,100,f1,0.0
dc,1000,0,3,bh,0.05,100,precision,0.0
dc,1000,0,3,bh,0.05,100,recall,0.0
dc,1000,0,3,bh,0.05,100,f1,0.0
dc,1000,0,4,raw,-1.0,100,mae,0.04459655586402758
dc,1000,0,4,raw,0.01,100,precision,0.7350058800470404
dc,1000,0,4,raw,0.01,100,recall,0.6756756756756757
dc,1000,0,4,raw,0.01,100,f1,0.7040931280510703
dc,1000,0,4,raw,0.05,100,precision,0.8490028490028491
dc,1000,0,4,raw,0.05,100,recall,0.8375901258707076
dc,1000,0,4,raw,0.05,100,f1,0.843257874015748
dc,1000,0,4,bh,-1.0,100,mae,0.025382127413287714
dc,1000,0,4,bh,0.01,100,precision,0.0
dc,1000,0,4,bh,0.01,100,recall,0.0
dc,1000,0,4,bh,0.01,100,f1,0.0
dc,1000,0,4,bh,0.05,100,precision,0.0
dc,1000,0,4,bh,0.05,100,recall,0.0
dc,1000,0,4,bh,0.05,100,f1,0.0
dc,1000,0,5,raw,-1.0,100,mae,0.04647527861643783
dc,1000,0,5,raw,0.01,100,precision,0.7373578988631909
dc,1000,0,5,raw,0.01,100,recall,0.7130401819560273
dc,1000,0,5,raw,0.01,100,f1,0.7249951821160147
dc,1000,0,5,raw,0.05,100,precision,0.845906106775672
dc,1000,0,5,raw,0.05,100,recall,0.8486392444389214
dc,1000,0,5,raw,0.05,100,f1,0.8472704714640199
dc,1000,0,5,bh,-1.0,100,mae,0.025367275081570086
dc,1000,0,5,bh,0.01,100,precision,0.0
dc,1000,0,5,bh,0.01,100,recall,0.0
dc,1000,0,5,bh,0.01,100,f1,0.0
dc,1000,0,5,bh,0.05,100,precision,0.0
dc,1000,0,5,bh,0.05,100,recall,0.0
dc,1000,0,5,bh,0.05,100,f1,0.0
dc,1000,0,6,raw,-1.0,100,mae,0.043201599335206155
dc,1000,0,6,raw,0.01,100,precision,0.7397099176793415
dc,1000,0,6,raw,0.01,100,recall,0.7405808477237049
dc,1000,0,6,raw,0.01,100,f1,0.7401451264953912
dc,1000,0,6,raw,0.05,100,precision,0.8503654155828069
dc,1000,0,6,raw,0.05,100,recall,0.8555583250249252
dc,1000,0,6,raw,0.05,100,f1,0.8529539665776231
dc,1000,0,6,bh,-1.0,100,mae,0.02323419013098761
dc,1000,0,6,bh,0.01,100,precision,0.0
dc,1000,0,6,bh,0.01,100,recall,0.0
dc,1000,0,6,bh,0.01,100,f1,0.0
dc,1000,0,6,bh,0.05,100,precision,0.0
dc,1000,0,6,bh,0.05,100,recall,0.0
dc,1000,0,6,bh,0.05,100,f1,0.0
dc,1000,0,7,raw,-1.0,100,mae,0.045666554475421756
dc,1000,0,7,raw,0.01,100,precision,0.7142297138377107
dc,1000,0,7,raw,0.01,100,recall,0.6940952380952381
dc,1000,0,7,raw,0.01,100,f1,0.7040185471406492
dc,1000,0,7,raw,0.05,100,precision,0.839836492010405
dc,1000,0,7,raw,0.05,100,recall,0.8363142962871593
dc,1000,0,7,raw,0.05,100,f1,0.8380716934487021
dc,1000,0,7,bh,-1.0,100,mae,0.02499599134704046
dc,1000,0,7,bh,0.01,100,precision,0.0
dc,1000,0,7,bh,0.01,100,recall,0.0
dc,1000,0,7,bh,0.01,100,f1,0.0
dc,1000,0,7,bh,0.05,100,precision,0.0
dc,1000,0,7,bh,0.05,100,recall,0.0
dc,1000,0,7,bh,0.05,100,f1,0.0
dc,1000,0,8,raw,-1.0,100,mae,0.04377552384181108
dc,1000,0,8,raw,0.01,100,precision,0.7840062720501764
dc,1000,0,8,raw,0.01,100,recall,0.6884681583476764
dc,1000,0,8,raw,0.01,100,f1,0.7331378299120235
dc,1000,0,8,raw,0.05,100,precision,0.8483835005574136
dc,1000,0,8,raw,0.05,100,recall,0.8268743208982253
dc,1000,0,8,raw,0.05,100,f1,0.8374908290535583
dc,1000,0,8,bh,-1.0,100,mae,0.025550049859161622
dc,1000,0,8,bh,0.01,100,precision,0.0
dc,1000,0,8,bh,0.01,100,recall,0.0
dc,1000,0,8,bh,0.01,100,f1,0.0
dc,1000,0,8,bh,0.05,100,precision,0.0
dc,1000,0,8,bh,0.05,100,recall,0.0
dc,1000,0,8,bh,0.05,100,f1,0.0
dc,1000,0,9,raw,-1.0,100,mae,0.04402021591877472
dc,1000,0,9,raw,0.01,100,precision,0.7016856134849079
dc,1000,0,9,raw,0.01,100,recall,0.7214832728738412
dc,1000,0,9,raw,0.01,100,f1,0.7114467408585056
dc,1000,0,9,raw,0.05,100,precision,0.8326520500433544
dc,1000,0,9,raw,0.05,100,recall,0.8472397277539703
dc,1000,0,9,raw,0.05,100,f1,0.8398825513837695
dc,1000,0,9,bh,-1.0,100,mae,0.024084446138016486
dc,1000,0,9,bh,0.01,100,precision,0.0
dc,1000,0,9,bh,0.01,100,recall,0.0
dc,1000,0,9,bh,0.01,100,f1,0.0
dc,1000,0,9,bh,0.05,100,precision,0.0
dc,1000,0,9,bh,0.05,100,recall,0.0
dc,1000,0,9,bh,0.05,100,f1,0.0
dc,1000,1,2,raw,-1.0,100,mae,0.04589231656972322
dc,1000,1,2,raw,0.01,100,precision,0.7919053073692249
dc,1000,1,2,raw,0.01,100,recall,0.6999662504218698
dc,1000,1,2,raw,0.01,100,f1,0.7431028305266929
dc,1000,1,2,raw,0.05,100,precision,0.8517279821627648
dc,1000,1,2,raw,0.05,100,recall,0.8306354191833776
dc,1000,1,2,raw,0.05,100,f1,0.841049477096202
dc,1000,1,2,bh,-1.0,100,mae,0.026223623435828115
dc,1000,1,2,bh,0.01,100,precision,0.0
dc,1000,1,2,bh,0.01,100,recall,0.0
dc,1000,1,2,bh,0.01,100,f1,0.0
dc,1000,1,2,bh,0.05,100,precision,0.0
dc,1000,1,2,bh,0.05,100,recall,0.0
dc,1000,1,2,bh,0.05,100,f1,0.0
dc,1000,1,3,raw,-1.0,100,mae,0.045384585937975695
dc,1000,1,3,raw,0.01,100,precision,0.7563955708285606
dc,1000,1,3,raw,0.01,100,recall,0.7690217391304348
dc,1000,1,3,raw,0.01,100,f1,0.7626564003849856
dc,1000,1,3,raw,0.05,100,precision,0.852223460919113
dc,1000,1,3,raw,0.05,100,recall,0.8705554852587625
dc,1000,1,3,raw,0.05,100,f1,0.8612919379068603
dc,1000,1,3,bh,-1.0,100,mae,0.02410161689039328
dc,1000,1,3,bh,0.01,100,precision,0.0
dc,1000,1,3,bh,0.01,100,recall,0.0
dc,1000,1,3,bh,0.01,100,f1,0.0
dc,1000,1,3,bh,0.05,100,precision,0.0
dc,1000,1,3,bh,0.05,100,recall,0.0
dc,1000,1,3,bh,0.05,100,f1,0.0
dc,1000,1,4,raw,-1.0,100,mae,0.04601855716377783
dc,1000,1,4,raw,0.01,100,precision,0.7369224894998091
dc,1000,1,4,raw,0.01,100,recall,0.6954954954954955
dc,1000,1,4,raw,0.01,100,f1,0.7156099369670004
dc,1000,1,4,raw,0.05,100,precision,0.8445435401957141
dc,1000,1,4,raw,0.05,100,recall,0.8331907613344739
dc,1000,1,4,raw,0.05,100,f1,0.8388287401574803
dc,1000,1,4,bh,-1.0,100,mae,0.026000795359038972
dc,1000,1,4,bh,0.01,100,precision,0.0
dc,1000,1,4,bh,0.01,100,recall,0.0
dc,1000,1,4,bh,0.01,100,f1,0.0
dc,1000,1,4,bh,0.05,100,precision,0.0
dc,1000,1,4,bh,0.05,100,recall,0.0
dc,1000,1,4,bh,0.05,100,f1,0.0
dc,1000,1,5,raw,-1.0,100,mae,0.04500358441596437
dc,1000,1,5,raw,0.01,100,precision,0.7392134402443681
dc,1000,1,5,raw,0.01,100,recall,0.7338893100833965
dc,1000,1,5,raw,0.01,100,f1,0.7365417538520068
dc,1000,1,5,raw,0.05,100,precision,0.8482596308683266
dc,1000,1,5,raw,0.05,100,recall,0.8510003728097427
dc,1000,1,5,raw,0.05,100,f1,0.8496277915632754
dc,1000,1,5,bh,-1.0,100,mae,0.025105793488971403
dc,1000,1,5,bh,0.01,100,precision,0.0
dc,1000,1,5,bh,0.01,100,recall,0.0
dc,1000,1,5,bh,0.01,100,f1,0.0
dc,1000,1,5,bh,0.05,100,precision,0.0
dc,1000,1,5,bh,0.05,100,recall,0.0
dc,1000,1,5,bh,0.05,100,f1,0.0
dc,1000,1,6,raw,-1.0,100,mae,0.04543103563736825
dc,1000,1,6,raw,0.01,100,precision,0.7300496372661321
dc,1000,1,6,raw,0.01,100,recall,0.750392464678179
dc,1000,1,6,raw,0.01,100,f1,0.740081285078382
dc,1000,1,6,raw,0.05,100,precision,0.856682769726248
dc,1000,1,6,raw,0.05,100,recall,0.861914257228315
dc,1000,1,6,raw,0.05,100,f1,0.8592905510343543
dc,1000,1,6,bh,-1.0,100,mae,0.0241944147931089
dc,1000,1,6,bh,0.01,100,precision,0.0
dc,1000,1,6,bh,0.01,100,recall,0.0
dc,1000,1,6,bh,0.01,100,f1,0.0
dc,1000,1,6,bh,0.05,100,precision,0.0
dc,1000,1,6,bh,0.05,100,recall,0.0
dc,1000,1,6,bh,0.05,100,f1,0.0
dc,1000,1,7,raw,-1.0,100,mae,0.044019374586211954
dc,1000,1,7,raw,0.01,100,precision,0.6838487972508591
dc,1000,1,7,raw,0.01,100,recall,0.6822857142857143
dc,1000,1,7,raw,0.01,100,f1,0.683066361556064
dc,1000,1,7,raw,0.05,100,precision,0.836615880094141
dc,1000,1,7,raw,0.05,100,recall,0.8331071913161465
dc,1000,1,7,raw,0.05,100,f1,0.8348578491965389
dc,1000,1,7,bh,-1.0,100,mae,0.02502187740498804
dc,1000,1,7,bh,0.01,100,precision,0.0
dc,1000,1,7,bh,0.01,100,recall,0.0
dc,1000,1,7,bh,0.01,100,f1,0.0
dc,1000,1,7,bh,0.05,100,precision,0.0
dc,1000,1,7,bh,0.05,100,recall,0.0
dc,1000,1,7,bh,0.05,100,f1,0.0
dc,1000,1,8,raw,-1.0,100,mae,0.0417193749078181
dc,1000,1,8,raw,0.01,100,precision,0.796869033982436
dc,1000,1,8,raw,0.01,100,recall,0.7184165232358003
dc,1000,1,8,raw,0.01,100,f1,0.7556118754525706
dc,1000,1,8,raw,0.05,100,precision,0.8606465997770345
dc,1000,1,8,raw,0.05,100,recall,0.8388265121332851
dc,1000,1,8,raw,0.05,100,f1,0.8495964783565664
dc,1000,1,8,bh,-1.0,100,mae,0.024179983490952083
dc,1000,1,8,bh,0.01,100,precision,0.0
dc,1000,1,8,bh,0.01,100,recall,0.0
dc,1000,1,8,bh,0.01,100,f1,0.0
dc,1000,1,8,bh,0.05,100,precision,0.0
dc,1000,1,8,bh,0.05,100,recall,0.0
dc,1000,1,8,bh,0.05,100,f1,0.0
dc,1000,1,9,raw,-1.0,100,mae,0.04614665683139855
dc,1000,1,9,raw,0.01,100,precision,0.7216494845360825
dc,1000,1,9,raw,0.01,100,recall,0.7617896009673518
dc,1000,1,9,raw,0.01,100,f1,0.7411764705882353
dc,1000,1,9,raw,0.05,100,precision,0.8364920104050538
dc,1000,1,9,raw,0.05,100,recall,0.8511469624401311
dc,1000,1,9,raw,0.05,100,f1,0.8437558568126444
dc,1000,1,9,bh,-1.0,100,mae,0.024814418222812572
dc,1000,1,9,bh,0.01,100,precision,0.0
dc,1000,1,9,bh,0.01,100,recall,0.0
dc,1000,1,9,bh,0.01,100,f1,0.0
dc,1000,1,9,bh,0.05,100,precision,0.0
dc,1000,1,9,bh,0.05,100,recall,0.0
dc,1000,1,9,bh,0.05,100,f1,0.0
dc,1000,2,3,raw,-1.0,100,mae,0.04669292592247265
dc,1000,2,3,raw,0.01,100,precision,0.6739790752615592
dc,1000,2,3,raw,0.01,100,recall,0.7752329192546584
dc,1000,2,3,raw,0.01,100,f1,0.7210687849792381
dc,1000,2,3,raw,0.05,100,precision,0.8150519449142305
dc,1000,2,3,raw,0.05,100,recall,0.8537264330001265
dc,1000,2,3,raw,0.05,100,f1,0.8339410419627958
dc,1000,2,3,bh,-1.0,100,mae,0.027680729210951643
dc,1000,2,3,bh,0.01,100,precision,0.0
dc,1000,2,3,bh,0.01,100,recall,0.0
dc,1000,2,3,bh,0.01,100,f1,0.0
dc,1000,2,3,bh,0.05,100,precision,0.0
dc,1000,2,3,bh,0.05,100,recall,0.0
dc,1000,2,3,bh,0.05,100,f1,0.0
dc,1000,2,4,raw,-1.0,100,mae,0.04541498246927553
dc,1000,2,4,raw,0.01,100,precision,0.7316908538643268
dc,1000,2,4,raw,0.01,100,recall,0.7812612612612613
dc,1000,2,4,raw,0.01,100,f1,0.7556639944231439
dc,1000,2,4,raw,0.05,100,precision,0.8473061125875816
dc,1000,2,4,raw,0.05,100,recall,0.8571428571428571
dc,1000,2,4,raw,0.05,100,f1,0.8521960998724257
dc,1000,2,4,bh,-1.0,100,mae,0.025580761746118636
dc,1000,2,4,bh,0.01,100,precision,0.0
dc,1000,2,4,bh,0.01,100,recall,0.0
dc,1000,2,4,bh,0.01,100,f1,0.0
dc,1000,2,4,bh,0.05,100,precision,0.0
dc,1000,2,4,bh,0.05,100,recall,0.0
dc,1000,2,4,bh,0.05,100,f1,0.0
dc,1000,2,5,raw,-1.0,100,mae,0.04094186149090454
dc,1000,2,5,raw,0.01,100,precision,0.6965912926088423
dc,1000,2,5,raw,0.01,100,recall,0.7824109173616376
dc,1000,2,5,raw,0.01,100,f1,0.7370112479914301
dc,1000,2,5,raw,0.05,100,precision,0.8409035999033583
dc,1000,2,5,raw,0.05,100,recall,0.8650428731204175
dc,1000,2,5,raw,0.05,100,f1,0.852802450229709
dc,1000,2,5,bh,-1.0,100,mae,0.024341476973290085
dc,1000,2,5,bh,0.01,100,precision,0.0
dc,1000,2,5,bh,0.01,100,recall,0.0
dc,1000,2,5,bh,0.01,100,f1,0.0
dc,1000,2,5,bh,0.05,100,precision,0.0
dc,1000,2,5,bh,0.05,100,recall,0.0
dc,1000,2,5,bh,0.05,100,f1,0.0
dc,1000,2,6,raw,-1.0,100,mae,0.04608492744707582
dc,1000,2,6,raw,0.01,100,precision,0.6517043536955788
dc,1000,2,6,raw,0.01,100,recall,0.7578492935635793
dc,1000,2,6,raw,0.01,100,f1,0.7007802576664852
dc,1000,2,6,raw,0.05,100,precision,0.8190384150761053
dc,1000,2,6,raw,0.05,100,recall,0.8449651046859422
dc,1000,2,6,raw,0.05,100,f1,0.8317997791682002
dc,1000,2,6,bh,-1.0,100,mae,0.027595102919377994
dc,1000,2,6,bh,0.01,100,precision,0.0
dc,1000,2,6,bh,0.01,100,recall,0.0
dc,1000,2,6,bh,0.01,100,f1,0.0
dc,1000,2,6,bh,0.05,100,precision,0.0
dc,1000,2,6,bh,0.05,100,recall,0.0
dc,1000,2,6,bh,0.05,100,f1,0.0
dc,1000,2,7,raw,-1.0,100,mae,0.04531289626170024
dc,1000,2,7,raw,0.01,100,precision,0.631117111036112
dc,1000,2,7,raw,0.01,100,recall,0.7123809523809523
dc,1000,2,7,raw,0.01,100,f1,0.6692913385826772
dc,1000,2,7,raw,0.05,100,precision,0.8117902875090601
dc,1000,2,7,raw,0.05,100,recall,0.8289132848155915
dc,1000,2,7,raw,0.05,100,f1,0.8202624351541044
dc,1000,2,7,bh,-1.0,100,mae,0.02768968245129591
dc,1000,2,7,bh,0.01,100,precision,0.0
dc,1000,2,7,bh,0.01,100,recall,0.0
dc,1000,2,7,bh,0.01,100,f1,0.0
dc,1000,2,7,bh,0.05,100,precision,0.0
dc,1000,2,7,bh,0.05,100,recall,0.0
dc,1000,2,7,bh,0.05,100,f1,0.0
dc,1000,2,8,raw,-1.0,100,mae,0.043095591432298
dc,1000,2,8,raw,0.01,100,precision,0.76172797840027
dc,1000,2,8,raw,0.01,100,recall,0.7769363166953528
dc,1000,2,8,raw,0.01,100,f1,0.7692569870483981
dc,1000,2,8,raw,0.05,100,precision,0.8485141338487557
dc,1000,2,8,raw,0.05,100,recall,0.8480019316672703
dc,1000,2,8,raw,0.05,100,f1,0.8482579554374736
dc,1000,2,8,bh,-1.0,100,mae,0.024405882100846855
dc,1000,2,8,bh,0.01,100,precision,0.0
dc,1000,2,8,bh,0.01,100,recall,0.0
dc,1000,2,8,bh,0.01,100,f1,0.0
dc,1000,2,8,bh,0.05,100,precision,0.0
dc,1000,2,8,bh,0.05,100,recall,0.0
dc,1000,2,8,bh,0.05,100,f1,0.0
dc,1000,2,9,raw,-1.0,100,mae,0.045548374390113625
dc,1000,2,9,raw,0.01,100,precision,0.6544043199460007
dc,1000,2,9,raw,0.01,100,recall,0.7815397017331721
dc,1000,2,9,raw,0.01,100,f1,0.7123438648052902
dc,1000,2,9,raw,0.05,100,precision,0.8151727470403479
dc,1000,2,9,raw,0.05,100,recall,0.8505167632972019
dc,1000,2,9,raw,0.05,100,f1,0.8324697754749568
dc,1000,2,9,bh,-1.0,100,mae,0.027533403070343347
dc,1000,2,9,bh,0.01,100,precision,0.0
dc,1000,2,9,bh,0.01,100,recall,0.0
dc,1000,2,9,bh,0.01,100,f1,0.0
dc,1000,2,9,bh,0.05,100,precision,0.0
dc,1000,2,9,bh,0.05,100,recall,0.0
dc,1000,2,9,bh,0.05,100,f1,0.0
dc,1000,3,4,raw,-1.0,100,mae,0.04817021091352447
dc,1000,3,4,raw,0.01,100,precision,0.7527173913043478
dc,1000,3,4,raw,0.01,100,recall,0.6987387387387387
dc,1000,3,4,raw,0.01,100,f1,0.724724350588675
dc,1000,3,4,raw,0.05,100,precision,0.8487915981272934
dc,1000,3,4,raw,0.05,100,recall,0.8197482585848711
dc,1000,3,4,raw,0.05,100,f1,0.8340171577769488
dc,1000,3,4,bh,-1.0,100,mae,0.02655520234203324
dc,1000,3,4,bh,0.01,100,precision,0.0
dc,1000,3,4,bh,0.01,100,recall,0.0
dc,1000,3,4,bh,0.01,100,f1,0.0
dc,1000,3,4,bh,0.05,100,precision,0.0
dc,1000,3,4,bh,0.05,100,recall,0.0
dc,1000,3,4,bh,0.05,100,f1,0.0
dc,1000,3,5,raw,-1.0,100,mae,0.04560656203574472
dc,1000,3,5,raw,0.01,100,precision,0.7492236024844721
dc,1000,3,5,raw,0.01,100,recall,0.731614859742229
dc,1000,3,5,raw,0.01,100,f1,0.7403145377828922
dc,1000,3,5,raw,0.05,100,precision,0.856636720232823
dc,1000,3,5,raw,0.05,100,recall,0.8413073194979496
dc,1000,3,5,raw,0.05,100,f1,0.8489028213166144
dc,1000,3,5,bh,-1.0,100,mae,0.024441767961737144
dc,1000,3,5,bh,0.01,100,precision,0.0
dc,1000,3,5,bh,0.01,100,recall,0.0
dc,1000,3,5,bh,0.01,100,f1,0.0
dc,1000,3,5,bh,0.05,100,precision,0.0
dc,1000,3,5,bh,0.05,100,recall,0.0
dc,1000,3,5,bh,0.05,100,f1,0.0
dc,1000,3,6,raw,-1.0,100,mae,0.04251919720752495
dc,1000,3,6,raw,0.01,100,precision,0.734860248447205
dc,1000,3,6,raw,0.01,100,recall,0.7429356357927787
dc,1000,3,6,raw,0.01,100,f1,0.7388758782201406
dc,1000,3,6,raw,0.05,100,precision,0.8647349107933696
dc,1000,3,6,raw,0.05,100,recall,0.8516949152542372
dc,1000,3,6,raw,0.05,100,f1,0.8581653795441703
dc,1000,3,6,bh,-1.0,100,mae,0.022347086025156056
dc,1000,3,6,bh,0.01,100,precision,0.0
dc,1000,3,6,bh,0.01,100,recall,0.0
dc,1000,3,6,bh,0.01,100,f1,0.0
dc,1000,3,6,bh,0.05,100,precision,0.0
dc,1000,3,6,bh,0.05,100,recall,0.0
dc,1000,3,6,bh,0.05,100,f1,0.0
dc,1000,3,7,raw,-1.0,100,mae,0.047809808469420796
dc,1000,3,7,raw,0.01,100,precision,0.6933229813664596
dc,1000,3,7,raw,0.01,100,recall,0.6803809523809524
dc,1000,3,7,raw,0.01,100,f1,0.6867910017304365
dc,1000,3,7,raw,0.05,100,precision,0.8430975578894091
dc,1000,3,7,raw,0.05,100,recall,0.8218823239176021
dc,1000,3,7,raw,0.05,100,f1,0.8323547782635853
dc,1000,3,7,bh,-1.0,100,mae,0.0267860653138082
dc,1000,3,7,bh,0.01,100,precision,0.0
dc,1000,3,7,bh,0.01,100,recall,0.0
dc,1000,3,7,bh,0.01,100,f1,0.0
dc,1000,3,7,bh,0.05,100,precision,0.0
dc,1000,3,7,bh,0.05,100,recall,0.0
dc,1000,3,7,bh,0.05,100,f1,0.0
dc,1000,3,8,raw,-1.0,100,mae,0.04737393035250925
dc,1000,3,8,raw,0.01,100,precision,0.7872670807453416
dc,1000,3,8,raw,0.01,100,recall,0.6981067125645439
dc,1000,3,8,raw,0.01,100,f1,0.7400109469074986
dc,1000,3,8,raw,0.05,100,precision,0.8565101860053145
dc,1000,3,8,raw,0.05,100,recall,0.8172159845466619
dc,1000,3,8,raw,0.05,100,f1,0.8364018287408872
dc,1000,3,8,bh,-1.0,100,mae,0.02720187940518671
dc,1000,3,8,bh,0.01,100,precision,0.0
dc,1000,3,8,bh,0.01,100,recall,0.0
dc,1000,3,8,bh,0.01,100,f1,0.0
dc,1000,3,8,bh,0.05,100,precision,0.0
dc,1000,3,8,bh,0.05,100,recall,0.0
dc,1000,3,8,bh,0.05,100,f1,0.0
dc,1000,3,9,raw,-1.0,100,mae,0.044032401671054745
dc,1000,3,9,raw,0.01,100,precision,0.7395186335403726
dc,1000,3,9,raw,0.01,100,recall,0.7678355501813785
dc,1000,3,9,raw,0.01,100,f1,0.7534111133082856
dc,1000,3,9,raw,0.05,100,precision,0.8586612678729596
dc,1000,3,9,raw,0.05,100,recall,0.8553062767834636
dc,1000,3,9,raw,0.05,100,f1,0.856980488728926
dc,1000,3,9,bh,-1.0,100,mae,0.02332513208510822
dc,1000,3,9,bh,0.01,100,precision,0.0
dc,1000,3,9,bh,0.01,100,recall,0.0
dc,1000,3,9,bh,0.01,100,f1,0.0
dc,1000,3,9,bh,0.05,100,precision,0.0
dc,1000,3,9,bh,0.05,100,recall,0.0
dc,1000,3,9,bh,0.05,100,f1,0.0
dc,1000,4,5,raw,-1.0,100,mae,0.04679087331663434
dc,1000,4,5,raw,0.01,100,precision,0.6832432432432433
dc,1000,4,5,raw,0.01,100,recall,0.7187263078089462
dc,1000,4,5,raw,0.01,100,f1,0.7005357472750785
dc,1000,4,5,raw,0.05,100,precision,0.8303800562141024
dc,1000,4,5,raw,0.05,100,recall,0.8444140673542935
dc,1000,4,5,raw,0.05,100,f1,0.8373382624768947
dc,1000,4,5,bh,-1.0,100,mae,0.02683278967776045
dc,1000,4,5,bh,0.01,100,precision,0.0
dc,1000,4,5,bh,0.01,100,recall,0.0
dc,1000,4,5,bh,0.01,100,f1,0.0
dc,1000,4,5,bh,0.05,100,precision,0.0
dc,1000,4,5,bh,0.05,100,recall,0.0
dc,1000,4,5,bh,0.05,100,f1,0.0
dc,1000,4,6,raw,-1.0,100,mae,0.04443753043978531
dc,1000,4,6,raw,0.01,100,precision,0.6742342342342342
dc,1000,4,6,raw,0.01,100,recall,0.7343014128728415
dc,1000,4,6,raw,0.01,100,f1,0.7029870373849333
dc,1000,4,6,raw,0.05,100,precision,0.8312354882072589
dc,1000,4,6,raw,0.05,100,recall,0.8477068793619142
dc,1000,4,6,raw,0.05,100,f1,0.839390386869871
dc,1000,4,6,bh,-1.0,100,mae,0.025263653001266928
dc,1000,4,6,bh,0.01,100,precision,0.0
dc,1000,4,6,bh,0.01,100,recall,0.0
dc,1000,4,6,bh,0.01,100,f1,0.0
dc,1000,4,6,bh,0.05,100,precision,0.0
dc,1000,4,6,bh,0.05,100,recall,0.0
dc,1000,4,6,bh,0.05,100,f1,0.0
dc,1000,4,7,raw,-1.0,100,mae,0.042325473600008705
dc,1000,4,7,raw,0.01,100,precision,0.6536936936936937
dc,1000,4,7,raw,0.01,100,recall,0.691047619047619
dc,1000,4,7,raw,0.01,100,f1,0.6718518518518518
dc,1000,4,7,raw,0.05,100,precision,0.8350238298912379
dc,1000,4,7,raw,0.05,100,recall,0.8428518564203774
dc,1000,4,7,raw,0.05,100,f1,0.8389195825659914
dc,1000,4,7,bh,-1.0,100,mae,0.025380924222622323
dc,1000,4,7,bh,0.01,100,precision,0.0
dc,1000,4,7,bh,0.01,100,recall,0.0
dc,1000,4,7,bh,0.01,100,f1,0.0
dc,1000,4,7,bh,0.05,100,precision,0.0
dc,1000,4,7,bh,0.05,100,recall,0.0
dc,1000,4,7,bh,0.05,100,f1,0.0
dc,1000,4,8,raw,-1.0,100,mae,0.04828008623224533
dc,1000,4,8,raw,0.01,100,precision,0.7445045045045044
dc,1000,4,8,raw,0.01,100,recall,0.7111876075731497
dc,1000,4,8,raw,0.01,100,f1,0.7274647887323944
dc,1000,4,8,raw,0.05,100,precision,0.8378345350116094
dc,1000,4,8,raw,0.05,100,recall,0.8277194253289871
dc,1000,4,8,raw,0.05,100,f1,0.8327462650309729
dc,1000,4,8,bh,-1.0,100,mae,0.027651074123056847
dc,1000,4,8,bh,0.01,100,precision,0.0
dc,1000,4,8,bh,0.01,100,recall,0.0
dc,1000,4,8,bh,0.01,100,f1,0.0
dc,1000,4,8,bh,0.05,100,precision,0.0
dc,1000,4,8,bh,0.05,100,recall,0.0
dc,1000,4,8,bh,0.05,100,f1,0.0
dc,1000,4,9,raw,-1.0,100,mae,0.04994008965809724
dc,1000,4,9,raw,0.01,100,precision,0.6828828828828829
dc,1000,4,9,raw,0.01,100,recall,0.7638049173720274
dc,1000,4,9,raw,0.01,100,f1,0.7210806697108066
dc,1000,4,9,raw,0.05,100,precision,0.8181595991690089
dc,1000,4,9,raw,0.05,100,recall,0.8438366523821528
dc,1000,4,9,raw,0.05,100,f1,0.8307997766333685
dc,1000,4,9,bh,-1.0,100,mae,0.027604856034885914
dc,1000,4,9,bh,0.01,100,precision,0.0
dc,1000,4,9,bh,0.01,100,recall,0.0
dc,1000,4,9,bh,0.01,100,f1,0.0
dc,1000,4,9,bh,0.05,100,precision,0.0
dc,1000,4,9,bh,0.05,100,recall,0.0
dc,1000,4,9,bh,0.05,100,f1,0.0
dc,1000,5,6,raw,-1.0,100,mae,0.043214558570648716
dc,1000,5,6,raw,0.01,100,precision,0.7202426080363912
dc,1000,5,6,raw,0.01,100,recall,0.7456828885400314
dc,1000,5,6,raw,0.01,100,f1,0.732741997686078
dc,1000,5,6,raw,0.05,100,precision,0.8477693550391451
dc,1000,5,6,raw,0.05,100,recall,0.8501994017946162
dc,1000,5,6,raw,0.05,100,f1,0.8489826395370543
dc,1000,5,6,bh,-1.0,100,mae,0.02354140068346088
dc,1000,5,6,bh,0.01,100,precision,0.0
dc,1000,5,6,bh,0.01,100,recall,0.0
dc,1000,5,6,bh,0.01,100,f1,0.0
dc,1000,5,6,bh,0.05,100,precision,0.0
dc,1000,5,6,bh,0.05,100,recall,0.0
dc,1000,5,6,bh,0.05,100,f1,0.0
dc,1000,5,7,raw,-1.0,100,mae,0.04403964798699854
dc,1000,5,7,raw,0.01,100,precision,0.7058377558756633
dc,1000,5,7,raw,0.01,100,recall,0.7093333333333334
dc,1000,5,7,raw,0.01,100,f1,0.7075812274368231
dc,1000,5,7,raw,0.05,100,precision,0.8466509258108612
dc,1000,5,7,raw,0.05,100,recall,0.8403848525965215
dc,1000,5,7,raw,0.05,100,f1,0.8435062523214064
dc,1000,5,7,bh,-1.0,100,mae,0.024964510835636486
dc,1000,5,7,bh,0.01,100,precision,0.0
dc,1000,5,7,bh,0.01,100,recall,0.0
dc,1000,5,7,bh,0.01,100,f1,0.0
dc,1000,5,7,bh,0.05,100,precision,0.0
dc,1000,5,7,bh,0.05,100,recall,0.0
dc,1000,5,7,bh,0.05,100,f1,0.0
dc,1000,5,8,raw,-1.0,100,mae,0.04139293787346599
dc,1000,5,8,raw,0.01,100,precision,0.7816527672479151
dc,1000,5,8,raw,0.01,100,recall,0.7098106712564544
dc,1000,5,8,raw,0.01,100,f1,0.7440014432617716
dc,1000,5,8,raw,0.05,100,precision,0.868398160805269
dc,1000,5,8,raw,0.05,100,recall,0.8436556803090668
dc,1000,5,8,raw,0.05,100,f1,0.8558481322718923
dc,1000,5,8,bh,-1.0,100,mae,0.02446046756231486
dc,1000,5,8,bh,0.01,100,precision,0.0
dc,1000,5,8,bh,0.01,100,recall,0.0
dc,1000,5,8,bh,0.01,100,f1,0.0
dc,1000,5,8,bh,0.05,100,precision,0.0
dc,1000,5,8,bh,0.05,100,recall,0.0
dc,1000,5,8,bh,0.05,100,f1,0.0
dc,1000,5,9,raw,-1.0,100,mae,0.04687147840409906
dc,1000,5,9,raw,0.01,100,precision,0.6811978771796816
dc,1000,5,9,raw,0.01,100,recall,0.7243047158403869
dc,1000,5,9,raw,0.01,100,f1,0.7020902520023442
dc,1000,5,9,raw,0.05,100,precision,0.8292531378153349
dc,1000,5,9,raw,0.05,100,recall,0.8410637761532644
dc,1000,5,9,raw,0.05,100,f1,0.8351167010825356
dc,1000,5,9,bh,-1.0,100,mae,0.026000258003186515
dc,1000,5,9,bh,0.01,100,precision,0.0
dc,1000,5,9,bh,0.01,100,recall,0.0
dc,1000,5,9,bh,0.01,100,f1,0.0
dc,1000,5,9,bh,0.05,100,precision,0.0
dc,1000,5,9,bh,0.05,100,recall,0.0
dc,1000,5,9,bh,0.05,100,f1,0.0
dc,1000,6,7,raw,-1.0,100,mae,0.04487587827486496
dc,1000,6,7,raw,0.01,100,precision,0.7452904238618524
dc,1000,6,7,raw,0.01,100,recall,0.7234285714285714
dc,1000,6,7,raw,0.01,100,f1,0.7341967910303498
dc,1000,6,7,raw,0.05,100,precision,0.8477068793619142
dc,1000,6,7,raw,0.05,100,recall,0.8390280004934008
dc,1000,6,7,raw,0.05,100,f1,0.8433451118963486
dc,1000,6,7,bh,-1.0,100,mae,0.023951340879703922
dc,1000,6,7,bh,0.01,100,precision,0.0
dc,1000,6,7,bh,0.01,100,recall,0.0
dc,1000,6,7,bh,0.01,100,f1,0.0
dc,1000,6,7,bh,0.05,100,precision,0.0
dc,1000,6,7,bh,0.05,100,recall,0.0
dc,1000,6,7,bh,0.05,100,f1,0.0
dc,1000,6,8,raw,-1.0,100,mae,0.04318996994800796
dc,1000,6,8,raw,0.01,100,precision,0.7982731554160125
dc,1000,6,8,raw,0.01,100,recall,0.7001721170395869
dc,1000,6,8,raw,0.01,100,f1,0.746011369888135
dc,1000,6,8,raw,0.05,100,precision,0.8607926221335992
dc,1000,6,8,raw,0.05,100,recall,0.8338766147531088
dc,1000,6,8,raw,0.05,100,f1,0.8471208683387502
dc,1000,6,8,bh,-1.0,100,mae,0.02542641128261696
dc,1000,6,8,bh,0.01,100,precision,0.0
dc,1000,6,8,bh,0.01,100,recall,0.0
dc,1000,6,8,bh,0.01,100,f1,0.0
dc,1000,6,8,bh,0.05,100,precision,0.0
dc,1000,6,8,bh,0.05,100,recall,0.0
dc,1000,6,8,bh,0.05,100,f1,0.0
dc,1000,6,9,raw,-1.0,100,mae,0.0428741445598507
dc,1000,6,9,raw,0.01,100,precision,0.7346938775510204
dc,1000,6,9,raw,0.01,100,recall,0.75453446191052
dc,1000,6,9,raw,0.01,100,f1,0.7444820043746272
dc,1000,6,9,raw,0.05,100,precision,0.8510717846460618
dc,1000,6,9,raw,0.05,100,recall,0.8607259894126544
dc,1000,6,9,raw,0.05,100,f1,0.8558716631156786
dc,1000,6,9,bh,-1.0,100,mae,0.022486157892163176
dc,1000,6,9,bh,0.01,100,precision,0.0
dc,1000,6,9,bh,0.01,100,recall,0.0
dc,1000,6,9,bh,0.01,100,f1,0.0
dc,1000,6,9,bh,0.05,100,precision,0.0
dc,1000,6,9,bh,0.05,100,recall,0.0
dc,1000,6,9,bh,0.05,100,f1,0.0
dc,1000,7,8,raw,-1.0,100,mae,0.04137189098951688
dc,1000,7,8,raw,0.01,100,precision,0.7565714285714286
dc,1000,7,8,raw,0.01,100,recall,0.6836488812392427
dc,1000,7,8,raw,0.01,100,f1,0.7182640144665461
dc,1000,7,8,raw,0.05,100,precision,0.8465523621561614
dc,1000,7,8,raw,0.05,100,recall,0.8285645297597489
dc,1000,7,8,raw,0.05,100,f1,0.8374618669920684
dc,1000,7,8,bh,-1.0,100,mae,0.024787101394859713
dc,1000,7,8,bh,0.01,100,precision,0.0
dc,1000,7,8,bh,0.01,100,recall,0.0
dc,1000,7,8,bh,0.01,100,f1,0.0
dc,1000,7,8,bh,0.05,100,precision,0.0
dc,1000,7,8,bh,0.05,100,recall,0.0
dc,1000,7,8,bh,0.05,100,f1,0.0
dc,1000,7,9,raw,-1.0,100,mae,0.043385254091729324
dc,1000,7,9,raw,0.01,100,precision,0.6487619047619048
dc,1000,7,9,raw,0.01,100,recall,0.6864167674324869
dc,1000,7,9,raw,0.01,100,f1,0.6670583627105366
dc,1000,7,9,raw,0.05,100,precision,0.8183051683730109
dc,1000,7,9,raw,0.05,100,recall,0.8361482228384169
dc,1000,7,9,raw,0.05,100,f1,0.8271304781497413
dc,1000,7,9,bh,-1.0,100,mae,0.02476677003410201
dc,1000,7,9,bh,0.01,100,precision,0.0
dc,1000,7,9,bh,0.01,100,recall,0.0
dc,1000,7,9,bh,0.01,100,f1,0.0
dc,1000,7,9,bh,0.05,100,precision,0.0
dc,1000,7,9,bh,0.05,100,recall,0.0
dc,1000,7,9,bh,0.05,100,f1,0.0
dc,1000,8,9,raw,-1.0,100,mae,0.04311652975720677
dc,1000,8,9,raw,0.01,100,precision,0.6698795180722892
dc,1000,8,9,raw,0.01,100,recall,0.7843611446997178
dc,1000,8,9,raw,0.01,100,f1,0.7226141849238767
dc,1000,8,9,raw,0.05,100,precision,0.8123868163708801
dc,1000,8,9,raw,0.05,100,recall,0.8481220065540711
dc,1000,8,9,raw,0.05,100,f1,0.8298698896220016
dc,1000,8,9,bh,-1.0,100,mae,0.026150938261417084
dc,1000,8,9,bh,0.01,100,precision,0.0
dc,1000,8,9,bh,0.01,100,recall,0.0
dc,1000,8,9,bh,0.01,100,f1,0.0
dc,1000,8,9,bh,0.05,100,precision,0.0
dc,1000,8,9,bh,0.05,100,recall,0.0
dc,1000,8,9,bh,0.05,100,f1,0.0
dc,3000,-1,0,raw,-1.0,100,mae,0.04239009985302218
dc,3000,-1,0,raw,0.01,100,precision,0.7490377213240954
dc,3000,-1,0,raw,0.01,100,recall,0.7220779220779221
dc,3000,-1,0,raw,0.01,100,f1,0.735310787832987
dc,3000,-1,0,raw,0.05,100,precision,0.8375166727294774
dc,3000,-1,0,raw,0.05,100,recall,0.8596141879278159
dc,3000,-1,0,raw,0.05,100,f1,0.848421569831716
dc,3000,-1,0,bh,-1.0,100,mae,0.023724135526411835
dc,3000,-1,0,bh,0.01,100,precision,0.0
dc,3000,-1,0,bh,0.01,100,recall,0.0
dc,3000,-1,0,bh,0.01,100,f1,0.0
dc,3000,-1,0,bh,0.05,100,precision,0.0
dc,3000,-1,0,bh,0.05,100,recall,0.0
dc,3000,-1,0,bh,0.05,100,f1,0.0
dc,3000,-1,1,raw,-1.0,100,mae,0.04648666195064615
dc,3000,-1,1,raw,0.01,100,precision,0.7301770592763664
dc,3000,-1,1,raw,0.01,100,recall,0.7298961138899577
dc,3000,-1,1,raw,0.01,100,f1,0.7300365595535886
dc,3000,-1,1,raw,0.05,100,precision,0.8338789862980478
dc,3000,-1,1,raw,0.05,100,recall,0.84974669467441
dc,3000,-1,1,raw,0.05,100,f1,0.8417380660954712
dc,3000,-1,1,bh,-1.0,100,mae,0.02548354965172358
dc,3000,-1,1,bh,0.01,100,precision,0.0
dc,3000,-1,1,bh,0.01,100,recall,0.0
dc,3000,-1,1,bh,0.01,100,f1,0.0
dc,3000,-1,1,bh,0.05,100,precision,0.0
dc,3000,-1,1,bh,0.05,100,recall,0.0
dc,3000,-1,1,bh,0.05,100,f1,0.0
dc,3000,-1,2,raw,-1.0,100,mae,0.04724591388575253
dc,3000,-1,2,raw,0.01,100,precision,0.7528868360277137
dc,3000,-1,2,raw,0.01,100,recall,0.7209730925175083
dc,3000,-1,2,raw,0.01,100,f1,0.736584447373376
dc,3000,-1,2,raw,0.05,100,precision,0.8366678792288105
dc,3000,-1,2,raw,0.05,100,recall,0.8479783704067838
dc,3000,-1,2,raw,0.05,100,f1,0.84228515625
dc,3000,-1,2,bh,-1.0,100,mae,0.02618297688772688
dc,3000,-1,2,bh,0.01,100,precision,0.0
dc,3000,-1,2,bh,0.01,100,recall,0.0
dc,3000,-1,2,bh,0.01,100,f1,0.0
dc,3000,-1,2,bh,0.05,100,precision,0.0
dc,3000,-1,2,bh,0.05,100,recall,0.0
dc,3000,-1,2,bh,0.05,100,f1,0.0
dc,3000,-1,3,raw,-1.0,100,mae,0.04360343099387234
dc,3000,-1,3,raw,0.01,100,precision,0.7086220169361047
dc,3000,-1,3,raw,0.01,100,recall,0.6970844377129876
dc,3000,-1,3,raw,0.01,100,f1,0.7028058789845391
dc,3000,-1,3,raw,0.05,100,precision,0.8196920092154723
dc,3000,-1,3,raw,0.05,100,recall,0.8389178456192604
dc,3000,-1,3,raw,0.05,100,f1,0.8291934989267096
dc,3000,-1,3,bh,-1.0,100,mae,0.02546535633870974
dc,3000,-1,3,bh,0.01,100,precision,0.0
dc,3000,-1,3,bh,0.01,100,recall,0.0
dc,3000,-1,3,bh,0.01,100,f1,0.0
dc,3000,-1,3,bh,0.05,100,precision,0.0
dc,3000,-1,3,bh,0.05,100,recall,0.0
dc,3000,-1,3,bh,0.05,100,f1,0.0
dc,3000,-1,4,raw,-1.0,100,mae,0.04099023956475675
dc,3000,-1,4,raw,0.01,100,precision,0.7321016166281755
dc,3000,-1,4,raw,0.01,100,recall,0.7377812257564003
dc,3000,-1,4,raw,0.01,100,f1,0.7349304482225657
dc,3000,-1,4,raw,0.05,100,precision,0.8303625560809992
dc,3000,-1,4,raw,0.05,100,recall,0.8694768918232605
dc,3000,-1,4,raw,0.05,100,f1,0.849469701668424
dc,3000,-1,4,bh,-1.0,100,mae,0.024144213718085495
dc,3000,-1,4,bh,0.01,100,precision,0.0
dc,3000,-1,4,bh,0.01,100,recall,0.0
dc,3000,-1,4,bh,0.01,100,f1,0.0
dc,3000,-1,4,bh,0.05,100,precision,0.0
dc,3000,-1,4,bh,0.05,100,recall,0.0
dc,3000,-1,4,bh,0.05,100,f1,0.0
dc,3000,-1,5,raw,-1.0,100,mae,0.04798958174285476
dc,3000,-1,5,raw,0.01,100,precision,0.737490377213241
dc,3000,-1,5,raw,0.01,100,recall,0.7033773861967695
dc,3000,-1,5,raw,0.01,100,f1,0.7200300638857572
dc,3000,-1,5,raw,0.05,100,precision,0.8202982902873772
dc,3000,-1,5,raw,0.05,100,recall,0.8414179104477612
dc,3000,-1,5,raw,0.05,100,f1,0.8307238902191932
dc,3000,-1,5,bh,-1.0,100,mae,0.028445419913668106
dc,3000,-1,5,bh,0.01,100,precision,0.0
dc,3000,-1,5,bh,0.01,100,recall,0.0
dc,3000,-1,5,bh,0.01,100,f1,0.0
dc,3000,-1,5,bh,0.05,100,precision,0.0
dc,3000,-1,5,bh,0.05,100,recall,0.0
dc,3000,-1,5,bh,0.05,100,f1,0.0
dc,3000,-1,6,raw,-1.0,100,mae,0.044921740793203505
dc,3000,-1,6,raw,0.01,100,precision,0.7313317936874519
dc,3000,-1,6,raw,0.01,100,recall,0.7126781695423856
dc,3000,-1,6,raw,0.01,100,f1,0.7218844984802432
dc,3000,-1,6,raw,0.05,100,precision,0.8258760761489027
dc,3000,-1,6,raw,0.05,100,recall,0.8467180507210343
dc,3000,-1,6,raw,0.05,100,f1,0.8361672088883433
dc,3000,-1,6,bh,-1.0,100,mae,0.02601995916426051
dc,3000,-1,6,bh,0.01,100,precision,0.0
dc,3000,-1,6,bh,0.01,100,recall,0.0
dc,3000,-1,6,bh,0.01,100,f1,0.0
dc,3000,-1,6,bh,0.05,100,precision,0.0
dc,3000,-1,6,bh,0.05,100,recall,0.0
dc,3000,-1,6,bh,0.05,100,f1,0.0
dc,3000,-1,7,raw,-1.0,100,mae,0.046776499548937575
dc,3000,-1,7,raw,0.01,100,precision,0.73094688221709
dc,3000,-1,7,raw,0.01,100,recall,0.7226027397260274
dc,3000,-1,7,raw,0.01,100,f1,0.7267508610792193
dc,3000,-1,7,raw,0.05,100,precision,0.8281799442221414
dc,3000,-1,7,raw,0.05,100,recall,0.8479205462445686
dc,3000,-1,7,raw,0.05,100,f1,0.8379339958287326
dc,3000,-1,7,bh,-1.0,100,mae,0.0268097008825772
dc,3000,-1,7,bh,0.01,100,precision,0.0
dc,3000,-1,7,bh,0.01,100,recall,0.0
dc,3000,-1,7,bh,0.01,100,f1,0.0
dc,3000,-1,7,bh,0.05,100,precision,0.0
dc,3000,-1,7,bh,0.05,100,recall,0.0
dc,3000,-1,7,bh,0.05,100,f1,0.0
dc,3000,-1,8,raw,-1.0,100,mae,0.043611582874350255
dc,3000,-1,8,raw,0.01,100,precision,0.7559661277906081
dc,3000,-1,8,raw,0.01,100,recall,0.7479055597867479
dc,3000,-1,8,raw,0.01,100,f1,0.7519142419601837
dc,3000,-1,8,raw,0.05,100,precision,0.8289074815084273
dc,3000,-1,8,raw,0.05,100,recall,0.8597660671613634
dc,3000,-1,8,raw,0.05,100,f1,0.8440548215829115
dc,3000,-1,8,bh,-1.0,100,mae,0.024648679303642534
dc,3000,-1,8,bh,0.01,100,precision,0.0
dc,3000,-1,8,bh,0.01,100,recall,0.0
dc,3000,-1,8,bh,0.01,100,f1,0.0
dc,3000,-1,8,bh,0.05,100,precision,0.0
dc,3000,-1,8,bh,0.05,100,recall,0.0
dc,3000,-1,8,bh,0.05,100,f1,0.0
dc,3000,-1,9,raw,-1.0,100,mae,0.04419858616337828
dc,3000,-1,9,raw,0.01,100,precision,0.7567359507313318
dc,3000,-1,9,raw,0.01,100,recall,0.7110307414104883
dc,3000,-1,9,raw,0.01,100,f1,0.7331717322394182
dc,3000,-1,9,raw,0.05,100,precision,0.8432157148053838
dc,3000,-1,9,raw,0.05,100,recall,0.8574599260172626
dc,3000,-1,9,raw,0.05,100,f1,0.8502781683682827
dc,3000,-1,9,bh,-1.0,100,mae,0.025255070777966078
dc,3000,-1,9,bh,0.01,100,precision,0.0
dc,3000,-1,9,bh,0.01,100,recall,0.0
dc,3000,-1,9,bh,0.01,100,f1,0.0
dc,3000,-1,9,bh,0.05,100,precision,0.0
dc,3000,-1,9,bh,0.05,100,recall,0.0
dc,3000,-1,9,bh,0.05,100,f1,0.0
dc,3000,0,1,raw,-1.0,100,mae,0.044602120089112685
dc,3000,0,1,raw,0.01,100,precision,0.6883116883116883
dc,3000,0,1,raw,0.01,100,recall,0.7137360523278183
dc,3000,0,1,raw,0.01,100,f1,0.7007933509633547
dc,3000,0,1,raw,0.05,100,precision,0.8373366521468575
dc,3000,0,1,raw,0.05,100,recall,0.8313357222290869
dc,3000,0,1,raw,0.05,100,f1,0.8343253968253969
dc,3000,0,1,bh,-1.0,100,mae,0.02590234653733457
dc,3000,0,1,bh,0.01,100,precision,0.0
dc,3000,0,1,bh,0.01,100,recall,0.0
dc,3000,0,1,bh,0.01,100,f1,0.0
dc,3000,0,1,bh,0.05,100,precision,0.0
dc,3000,0,1,bh,0.05,100,recall,0.0
dc,3000,0,1,bh,0.05,100,f1,0.0
dc,3000,0,2,raw,-1.0,100,mae,0.04562010483481243
dc,3000,0,2,raw,0.01,100,precision,0.6827458256029685
dc,3000,0,2,raw,0.01,100,recall,0.6782159970512348
dc,3000,0,2,raw,0.01,100,f1,0.6804733727810651
dc,3000,0,2,raw,0.05,100,precision,0.8414436838830118
dc,3000,0,2,raw,0.05,100,recall,0.8308959075826472
dc,3000,0,2,raw,0.05,100,f1,0.8361365322780113
dc,3000,0,2,bh,-1.0,100,mae,0.02648329165738405
dc,3000,0,2,bh,0.01,100,precision,0.0
dc,3000,0,2,bh,0.01,100,recall,0.0
dc,3000,0,2,bh,0.01,100,f1,0.0
dc,3000,0,2,bh,0.05,100,precision,0.0
dc,3000,0,2,bh,0.05,100,recall,0.0
dc,3000,0,2,bh,0.05,100,f1,0.0
dc,3000,0,3,raw,-1.0,100,mae,0.041028093077492354
dc,3000,0,3,raw,0.01,100,precision,0.687569573283859
dc,3000,0,3,raw,0.01,100,recall,0.7016281711472927
dc,3000,0,3,raw,0.01,100,f1,0.6945277361319341
dc,3000,0,3,raw,0.05,100,precision,0.8345986309894213
dc,3000,0,3,raw,0.05,100,recall,0.8322164308761479
dc,3000,0,3,raw,0.05,100,f1,0.8334058286211397
dc,3000,0,3,bh,-1.0,100,mae,0.024349449050520604
dc,3000,0,3,bh,0.01,100,precision,0.0
dc,3000,0,3,bh,0.01,100,recall,0.0
dc,3000,0,3,bh,0.01,100,f1,0.0
dc,3000,0,3,bh,0.05,100,precision,0.0
dc,3000,0,3,bh,0.05,100,recall,0.0
dc,3000,0,3,bh,0.05,100,f1,0.0
dc,3000,0,4,raw,-1.0,100,mae,0.04350289716972187
dc,3000,0,4,raw,0.01,100,precision,0.7313543599257885
dc,3000,0,4,raw,0.01,100,recall,0.7645461598138091
dc,3000,0,4,raw,0.01,100,f1,0.7475820216195714
dc,3000,0,4,raw,0.05,100,precision,0.8521468574984443
dc,3000,0,4,raw,0.05,100,recall,0.8693499238191975
dc,3000,0,4,raw,0.05,100,f1,0.8606624347935391
dc,3000,0,4,bh,-1.0,100,mae,0.023724699182244964
dc,3000,0,4,bh,0.01,100,precision,0.0
dc,3000,0,4,bh,0.01,100,recall,0.0
dc,3000,0,4,bh,0.01,100,f1,0.0
dc,3000,0,4,bh,0.05,100,precision,0.0
dc,3000,0,4,bh,0.05,100,recall,0.0
dc,3000,0,4,bh,0.05,100,f1,0.0
dc,3000,0,5,raw,-1.0,100,mae,0.047072112716074
dc,3000,0,5,raw,0.01,100,precision,0.6931354359925789
dc,3000,0,5,raw,0.01,100,recall,0.6857562408223201
dc,3000,0,5,raw,0.01,100,f1,0.6894260933751615
dc,3000,0,5,raw,0.05,100,precision,0.8227753578095831
dc,3000,0,5,raw,0.05,100,recall,0.8222636815920398
dc,3000,0,5,raw,0.05,100,f1,0.8225194401244168
dc,3000,0,5,bh,-1.0,100,mae,0.027938699124361158
dc,3000,0,5,bh,0.01,100,precision,0.0
dc,3000,0,5,bh,0.01,100,recall,0.0
dc,3000,0,5,bh,0.01,100,f1,0.0
dc,3000,0,5,bh,0.05,100,precision,0.0
dc,3000,0,5,bh,0.05,100,recall,0.0
dc,3000,0,5,bh,0.05,100,f1,0.0
dc,3000,0,6,raw,-1.0,100,mae,0.04315635851271481
dc,3000,0,6,raw,0.01,100,precision,0.738404452690167
dc,3000,0,6,raw,0.01,100,recall,0.746436609152288
dc,3000,0,6,raw,0.01,100,f1,0.7423988061928745
dc,3000,0,6,raw,0.05,100,precision,0.8475420037336652
dc,3000,0,6,raw,0.05,100,recall,0.8465937344604675
dc,3000,0,6,raw,0.05,100,f1,0.8470676037066982
dc,3000,0,6,bh,-1.0,100,mae,0.024021687392553264
dc,3000,0,6,bh,0.01,100,precision,0.0
dc,3000,0,6,bh,0.01,100,recall,0.0
dc,3000,0,6,bh,0.01,100,f1,0.0
dc,3000,0,6,bh,0.05,100,precision,0.0
dc,3000,0,6,bh,0.05,100,recall,0.0
dc,3000,0,6,bh,0.05,100,f1,0.0
dc,3000,0,7,raw,-1.0,100,mae,0.04320124590788387
dc,3000,0,7,raw,0.01,100,precision,0.6927643784786642
dc,3000,0,7,raw,0.01,100,recall,0.7104261796042618
dc,3000,0,7,raw,0.01,100,f1,0.701484125493143
dc,3000,0,7,raw,0.05,100,precision,0.8328562538892346
dc,3000,0,7,raw,0.05,100,recall,0.830788330229671
dc,3000,0,7,raw,0.05,100,f1,0.8318210068365445
dc,3000,0,7,bh,-1.0,100,mae,0.025400316582369305
dc,3000,0,7,bh,0.01,100,precision,0.0
dc,3000,0,7,bh,0.01,100,recall,0.0
dc,3000,0,7,bh,0.01,100,f1,0.0
dc,3000,0,7,bh,0.05,100,precision,0.0
dc,3000,0,7,bh,0.05,100,recall,0.0
dc,3000,0,7,bh,0.05,100,f1,0.0
dc,3000,0,8,raw,-1.0,100,mae,0.0458994821356111
dc,3000,0,8,raw,0.01,100,precision,0.6801484230055659
dc,3000,0,8,raw,0.01,100,recall,0.698019801980198
dc,3000,0,8,raw,0.01,100,f1,0.6889682390528096
dc,3000,0,8,raw,0.05,100,precision,0.8230242688238955
dc,3000,0,8,raw,0.05,100,recall,0.831719280593636
dc,3000,0,8,raw,0.05,100,f1,0.8273489303140248
dc,3000,0,8,bh,-1.0,100,mae,0.026029462462255196
dc,3000,0,8,bh,0.01,100,precision,0.0
dc,3000,0,8,bh,0.01,100,recall,0.0
dc,3000,0,8,bh,0.01,100,f1,0.0
dc,3000,0,8,bh,0.05,100,precision,0.0
dc,3000,0,8,bh,0.05,100,recall,0.0
dc,3000,0,8,bh,0.05,100,f1,0.0
dc,3000,0,9,raw,-1.0,100,mae,0.04362684558449547
dc,3000,0,9,raw,0.01,100,precision,0.7369202226345084
dc,3000,0,9,raw,0.01,100,recall,0.7182640144665461
dc,3000,0,9,raw,0.01,100,f1,0.7274725274725274
dc,3000,0,9,raw,0.05,100,precision,0.844803982576229
dc,3000,0,9,raw,0.05,100,recall,0.8369913686806412
dc,3000,0,9,raw,0.05,100,f1,0.8408795292660266
dc,3000,0,9,bh,-1.0,100,mae,0.024936906570797297
dc,3000,0,9,bh,0.01,100,precision,0.0
dc,3000,0,9,bh,0.01,100,recall,0.0
dc,3000,0,9,bh,0.01,100,f1,0.0
dc,3000,0,9,bh,0.05,100,precision,0.0
dc,3000,0,9,bh,0.05,100,recall,0.0
dc,3000,0,9,bh,0.05,100,f1,0.0
dc,3000,1,2,raw,-1.0,100,mae,0.04281166658931961
dc,3000,1,2,raw,0.01,100,precision,0.7687572143131974
dc,3000,1,2,raw,0.01,100,recall,0.7364541098415038
dc,3000,1,2,raw,0.01,100,f1,0.7522590361445783
dc,3000,1,2,raw,0.05,100,precision,0.8653157049301866
dc,3000,1,2,raw,0.05,100,recall,0.8606365982548851
dc,3000,1,2,raw,0.05,100,f1,0.862969808995687
dc,3000,1,2,bh,-1.0,100,mae,0.02364430140330865
dc,3000,1,2,bh,0.01,100,precision,0.0
dc,3000,1,2,bh,0.01,100,recall,0.0
dc,3000,1,2,bh,0.01,100,f1,0.0
dc,3000,1,2,bh,0.05,100,precision,0.0
dc,3000,1,2,bh,0.05,100,recall,0.0
dc,3000,1,2,bh,0.05,100,f1,0.0
dc,3000,1,3,raw,-1.0,100,mae,0.04406443997696851
dc,3000,1,3,raw,0.01,100,precision,0.7375913813005002
dc,3000,1,3,raw,0.01,100,recall,0.7258614161302537
dc,3000,1,3,raw,0.01,100,f1,0.731679389312977
dc,3000,1,3,raw,0.05,100,precision,0.8517237118497467
dc,3000,1,3,raw,0.05,100,recall,0.8554231819310002
dc,3000,1,3,raw,0.05,100,f1,0.8535694384248653
dc,3000,1,3,bh,-1.0,100,mae,0.02472814699859998
dc,3000,1,3,bh,0.01,100,precision,0.0
dc,3000,1,3,bh,0.01,100,recall,0.0
dc,3000,1,3,bh,0.01,100,f1,0.0
dc,3000,1,3,bh,0.05,100,precision,0.0
dc,3000,1,3,bh,0.05,100,recall,0.0
dc,3000,1,3,bh,0.05,100,f1,0.0
dc,3000,1,4,raw,-1.0,100,mae,0.04606587373930275
dc,3000,1,4,raw,0.01,100,precision,0.7352828010773375
dc,3000,1,4,raw,0.01,100,recall,0.7412723041117145
dc,3000,1,4,raw,0.01,100,f1,0.738265404674522
dc,3000,1,4,raw,0.05,100,precision,0.8378845916223897
dc,3000,1,4,raw,0.05,100,recall,0.8609700355510411
dc,3000,1,4,raw,0.05,100,f1,0.8492704615191934
dc,3000,1,4,bh,-1.0,100,mae,0.026225981288715026
dc,3000,1,4,bh,0.01,100,precision,0.0
dc,3000,1,4,bh,0.01,100,recall,0.0
dc,3000,1,4,bh,0.01,100,f1,0.0
dc,3000,1,4,bh,0.05,100,precision,0.0
dc,3000,1,4,bh,0.05,100,recall,0.0
dc,3000,1,4,bh,0.05,100,f1,0.0
dc,3000,1,5,raw,-1.0,100,mae,0.04624576279306944
dc,3000,1,5,raw,0.01,100,precision,0.7641400538668719
dc,3000,1,5,raw,0.01,100,recall,0.7290748898678414
dc,3000,1,5,raw,0.01,100,f1,0.7461957542739057
dc,3000,1,5,raw,0.05,100,precision,0.8459162238971951
dc,3000,1,5,raw,0.05,100,recall,0.8514925373134329
dc,3000,1,5,raw,0.05,100,f1,0.84869522097564
dc,3000,1,5,bh,-1.0,100,mae,0.02691465584025258
dc,3000,1,5,bh,0.01,100,precision,0.0
dc,3000,1,5,bh,0.01,100,recall,0.0
dc,3000,1,5,bh,0.01,100,f1,0.0
dc,3000,1,5,bh,0.05,100,precision,0.0
dc,3000,1,5,bh,0.05,100,recall,0.0
dc,3000,1,5,bh,0.05,100,f1,0.0
dc,3000,1,6,raw,-1.0,100,mae,0.04513678115390607
dc,3000,1,6,raw,0.01,100,precision,0.7606771835321278
dc,3000,1,6,raw,0.01,100,recall,0.7415603900975244
dc,3000,1,6,raw,0.01,100,f1,0.750997150997151
dc,3000,1,6,raw,0.05,100,precision,0.8438156431483999
dc,3000,1,6,raw,0.05,100,recall,0.8489557434112381
dc,3000,1,6,raw,0.05,100,f1,0.8463778893226745
dc,3000,1,6,bh,-1.0,100,mae,0.025512870855265244
dc,3000,1,6,bh,0.01,100,precision,0.0
dc,3000,1,6,bh,0.01,100,recall,0.0
dc,3000,1,6,bh,0.01,100,f1,0.0
dc,3000,1,6,bh,0.05,100,precision,0.0
dc,3000,1,6,bh,0.05,100,recall,0.0
dc,3000,1,6,bh,0.05,100,f1,0.0
dc,3000,1,7,raw,-1.0,100,mae,0.04545562785935073
dc,3000,1,7,raw,0.01,100,precision,0.7348980377068103
dc,3000,1,7,raw,0.01,100,recall,0.7267884322678844
dc,3000,1,7,raw,0.01,100,f1,0.7308207384733116
dc,3000,1,7,raw,0.05,100,precision,0.84295069813419
dc,3000,1,7,raw,0.05,100,recall,0.846927374301676
dc,3000,1,7,raw,0.05,100,f1,0.8449343571959376
dc,3000,1,7,bh,-1.0,100,mae,0.026214682776112556
dc,3000,1,7,bh,0.01,100,precision,0.0
dc,3000,1,7,bh,0.01,100,recall,0.0
dc,3000,1,7,bh,0.01,100,f1,0.0
dc,3000,1,7,bh,0.05,100,precision,0.0
dc,3000,1,7,bh,0.05,100,recall,0.0
dc,3000,1,7,bh,0.05,100,f1,0.0
dc,3000,1,8,raw,-1.0,100,mae,0.04151975421749939
dc,3000,1,8,raw,0.01,100,precision,0.7849172758753367
dc,3000,1,8,raw,0.01,100,recall,0.7768469154607769
dc,3000,1,8,raw,0.01,100,f1,0.7808612440191387
dc,3000,1,8,raw,0.05,100,precision,0.8509823304089954
dc,3000,1,8,raw,0.05,100,recall,0.8661803546723682
dc,3000,1,8,raw,0.05,100,f1,0.8585140862627774
dc,3000,1,8,bh,-1.0,100,mae,0.02286258203888199
dc,3000,1,8,bh,0.01,100,precision,0.0
dc,3000,1,8,bh,0.01,100,recall,0.0
dc,3000,1,8,bh,0.01,100,f1,0.0
dc,3000,1,8,bh,0.05,100,precision,0.0
dc,3000,1,8,bh,0.05,100,recall,0.0
dc,3000,1,8,bh,0.05,100,f1,0.0
dc,3000,1,9,raw,-1.0,100,mae,0.048368451816993285
dc,3000,1,9,raw,0.01,100,precision,0.7464409388226241
dc,3000,1,9,raw,0.01,100,recall,0.701627486437613
dc,3000,1,9,raw,0.01,100,f1,0.7233407904548844
dc,3000,1,9,raw,0.05,100,precision,0.844062770295317
dc,3000,1,9,raw,0.05,100,recall,0.8422934648581998
dc,3000,1,9,raw,0.05,100,f1,0.8431771894093686
dc,3000,1,9,bh,-1.0,100,mae,0.027079481297512704
dc,3000,1,9,bh,0.01,100,precision,0.0
dc,3000,1,9,bh,0.01,100,recall,0.0
dc,3000,1,9,bh,0.01,100,f1,0.0
dc,3000,1,9,bh,0.05,100,precision,0.0
dc,3000,1,9,bh,0.05,100,recall,0.0
dc,3000,1,9,bh,0.05,100,f1,0.0
dc,3000,2,3,raw,-1.0,100,mae,0.0460729438321992
dc,3000,2,3,raw,0.01,100,precision,0.7371913011426465
dc,3000,2,3,raw,0.01,100,recall,0.7572889057175313
dc,3000,2,3,raw,0.01,100,f1,0.7471049682480388
dc,3000,2,3,raw,0.05,100,precision,0.8501904878948016
dc,3000,2,3,raw,0.05,100,recall,0.8585256887565152
dc,3000,2,3,raw,0.05,100,f1,0.8543377585674591
dc,3000,2,3,bh,-1.0,100,mae,0.02532329831552759
dc,3000,2,3,bh,0.01,100,precision,0.0
dc,3000,2,3,bh,0.01,100,recall,0.0
dc,3000,2,3,bh,0.01,100,f1,0.0
dc,3000,2,3,bh,0.05,100,precision,0.0
dc,3000,2,3,bh,0.05,100,recall,0.0
dc,3000,2,3,bh,0.05,100,f1,0.0
dc,3000,2,4,raw,-1.0,100,mae,0.045464544685859046
dc,3000,2,4,raw,0.01,100,precision,0.7375598967932179
dc,3000,2,4,raw,0.01,100,recall,0.7761830876648564
dc,3000,2,4,raw,0.01,100,f1,0.7563787563787564
dc,3000,2,4,raw,0.05,100,precision,0.8508049649748064
dc,3000,2,4,raw,0.05,100,recall,0.8789994921279838
dc,3000,2,4,raw,0.05,100,f1,0.8646724536314244
dc,3000,2,4,bh,-1.0,100,mae,0.02548260713444135
dc,3000,2,4,bh,0.01,100,precision,0.0
dc,3000,2,4,bh,0.01,100,recall,0.0
dc,3000,2,4,bh,0.01,100,f1,0.0
dc,3000,2,4,bh,0.05,100,precision,0.0
dc,3000,2,4,bh,0.05,100,recall,0.0
dc,3000,2,4,bh,0.05,100,f1,0.0
dc,3000,2,5,raw,-1.0,100,mae,0.04339854314172723
dc,3000,2,5,raw,0.01,100,precision,0.759307040176926
dc,3000,2,5,raw,0.01,100,recall,0.7562408223201175
dc,3000,2,5,raw,0.01,100,f1,0.7577708295015634
dc,3000,2,5,raw,0.05,100,precision,0.8511736512228094
dc,3000,2,5,raw,0.05,100,recall,0.8614427860696517
dc,3000,2,5,raw,0.05,100,f1,0.8562774309204426
dc,3000,2,5,bh,-1.0,100,mae,0.025484422274485042
dc,3000,2,5,bh,0.01,100,precision,0.0
dc,3000,2,5,bh,0.01,100,recall,0.0
dc,3000,2,5,bh,0.01,100,f1,0.0
dc,3000,2,5,bh,0.05,100,precision,0.0
dc,3000,2,5,bh,0.05,100,recall,0.0
dc,3000,2,5,bh,0.05,100,f1,0.0
dc,3000,2,6,raw,-1.0,100,mae,0.04641404186714382
dc,3000,2,6,raw,0.01,100,precision,0.6988573534832289
dc,3000,2,6,raw,0.01,100,recall,0.7111777944486122
dc,3000,2,6,raw,0.01,100,f1,0.7049637479085332
dc,3000,2,6,raw,0.05,100,precision,0.8291753717586334
dc,3000,2,6,raw,0.05,100,recall,0.8387618100447538
dc,3000,2,6,raw,0.05,100,f1,0.8339410419627958
dc,3000,2,6,bh,-1.0,100,mae,0.026994473339614144
dc,3000,2,6,bh,0.01,100,precision,0.0
dc,3000,2,6,bh,0.01,100,recall,0.0
dc,3000,2,6,bh,0.01,100,f1,0.0
dc,3000,2,6,bh,0.05,100,precision,0.0
dc,3000,2,6,bh,0.05,100,recall,0.0
dc,3000,2,6,bh,0.05,100,f1,0.0
dc,3000,2,7,raw,-1.0,100,mae,0.043976964551029486
dc,3000,2,7,raw,0.01,100,precision,0.7268706229266495
dc,3000,2,7,raw,0.01,100,recall,0.7503805175038052
dc,3000,2,7,raw,0.01,100,f1,0.7384384946639206
dc,3000,2,7,raw,0.05,100,precision,0.8496989062307976
dc,3000,2,7,raw,0.05,100,recall,0.858348851644941
dc,3000,2,7,raw,0.05,100,f1,0.854001976284585
dc,3000,2,7,bh,-1.0,100,mae,0.025218515710511955
dc,3000,2,7,bh,0.01,100,precision,0.0
dc,3000,2,7,bh,0.01,100,recall,0.0
dc,3000,2,7,bh,0.01,100,f1,0.0
dc,3000,2,7,bh,0.05,100,precision,0.0
dc,3000,2,7,bh,0.05,100,recall,0.0
dc,3000,2,7,bh,0.05,100,f1,0.0
dc,3000,2,8,raw,-1.0,100,mae,0.04498839067662233
dc,3000,2,8,raw,0.01,100,precision,0.7449318098046444
dc,3000,2,8,raw,0.01,100,recall,0.7696115765422696
dc,3000,2,8,raw,0.01,100,f1,0.7570706124742461
dc,3000,2,8,raw,0.05,100,precision,0.8458891483347671
dc,3000,2,8,raw,0.05,100,recall,0.865677273298956
dc,3000,2,8,raw,0.05,100,f1,0.8556688214818499
dc,3000,2,8,bh,-1.0,100,mae,0.024627611747726996
dc,3000,2,8,bh,0.01,100,precision,0.0
dc,3000,2,8,bh,0.01,100,recall,0.0
dc,3000,2,8,bh,0.01,100,f1,0.0
dc,3000,2,8,bh,0.05,100,precision,0.0
dc,3000,2,8,bh,0.05,100,recall,0.0
dc,3000,2,8,bh,0.05,100,f1,0.0
dc,3000,2,9,raw,-1.0,100,mae,0.043616063919143785
dc,3000,2,9,raw,0.01,100,precision,0.7360855141909326
dc,3000,2,9,raw,0.01,100,recall,0.722242314647378
dc,3000,2,9,raw,0.01,100,f1,0.7290982110259219
dc,3000,2,9,raw,0.05,100,precision,0.8488386383187907
dc,3000,2,9,raw,0.05,100,recall,0.8516646115906289
dc,3000,2,9,raw,0.05,100,f1,0.8502492767895612
dc,3000,2,9,bh,-1.0,100,mae,0.025156776736625242
dc,3000,2,9,bh,0.01,100,precision,0.0
dc,3000,2,9,bh,0.01,100,recall,0.0
dc,3000,2,9,bh,0.01,100,f1,0.0
dc,3000,2,9,bh,0.05,100,precision,0.0
dc,3000,2,9,bh,0.05,100,recall,0.0
dc,3000,2,9,bh,0.05,100,f1,0.0
dc,3000,3,4,raw,-1.0,100,mae,0.04255235441131861
dc,3000,3,4,raw,0.01,100,precision,0.7258614161302537
dc,3000,3,4,raw,0.01,100,recall,0.743599689681924
dc,3000,3,4,raw,0.01,100,f1,0.7346234910902472
dc,3000,3,4,raw,0.05,100,precision,0.8431372549019608
dc,3000,3,4,raw,0.05,100,recall,0.8626206196038598
dc,3000,3,4,raw,0.05,100,f1,0.8527676666248274
dc,3000,3,4,bh,-1.0,100,mae,0.02433983292312476
dc,3000,3,4,bh,0.01,100,precision,0.0
dc,3000,3,4,bh,0.01,100,recall,0.0
dc,3000,3,4,bh,0.01,100,f1,0.0
dc,3000,3,4,bh,0.05,100,precision,0.0
dc,3000,3,4,bh,0.05,100,recall,0.0
dc,3000,3,4,bh,0.05,100,f1,0.0
dc,3000,3,5,raw,-1.0,100,mae,0.045134373158118024
dc,3000,3,5,raw,0.01,100,precision,0.731919727375994
dc,3000,3,5,raw,0.01,100,recall,0.709618208516887
dc,3000,3,5,raw,0.01,100,f1,0.720596458527493
dc,3000,3,5,raw,0.05,100,precision,0.8404070488955075
dc,3000,3,5,raw,0.05,100,recall,0.8422885572139304
dc,3000,3,5,raw,0.05,100,f1,0.8413467511492111
dc,3000,3,5,bh,-1.0,100,mae,0.02656312979261022
dc,3000,3,5,bh,0.01,100,precision,0.0
dc,3000,3,5,bh,0.01,100,recall,0.0
dc,3000,3,5,bh,0.01,100,f1,0.0
dc,3000,3,5,bh,0.05,100,precision,0.0
dc,3000,3,5,bh,0.05,100,recall,0.0
dc,3000,3,5,bh,0.05,100,f1,0.0
dc,3000,3,6,raw,-1.0,100,mae,0.041985746665562915
dc,3000,3,6,raw,0.01,100,precision,0.7254827716773949
dc,3000,3,6,raw,0.01,100,recall,0.7186796699174793
dc,3000,3,6,raw,0.01,100,f1,0.7220651969097418
dc,3000,3,6,raw,0.05,100,precision,0.8387937453462397
dc,3000,3,6,raw,0.05,100,recall,0.8402536051715565
dc,3000,3,6,raw,0.05,100,f1,0.8395230406160725
dc,3000,3,6,bh,-1.0,100,mae,0.02485209417547119
dc,3000,3,6,bh,0.01,100,precision,0.0
dc,3000,3,6,bh,0.01,100,recall,0.0
dc,3000,3,6,bh,0.01,100,f1,0.0
dc,3000,3,6,bh,0.05,100,precision,0.0
dc,3000,3,6,bh,0.05,100,recall,0.0
dc,3000,3,6,bh,0.05,100,f1,0.0
dc,3000,3,7,raw,-1.0,100,mae,0.04355227918860808
dc,3000,3,7,raw,0.01,100,precision,0.7114729269216206
dc,3000,3,7,raw,0.01,100,recall,0.7149923896499238
dc,3000,3,7,raw,0.01,100,f1,0.7132283165686089
dc,3000,3,7,raw,0.05,100,precision,0.8428890543559195
dc,3000,3,7,raw,0.05,100,recall,0.8432029795158287
dc,3000,3,7,raw,0.05,100,f1,0.8430459877117855
dc,3000,3,7,bh,-1.0,100,mae,0.025292724737642155
dc,3000,3,7,bh,0.01,100,precision,0.0
dc,3000,3,7,bh,0.01,100,recall,0.0
dc,3000,3,7,bh,0.01,100,f1,0.0
dc,3000,3,7,bh,0.05,100,precision,0.0
dc,3000,3,7,bh,0.05,100,recall,0.0
dc,3000,3,7,bh,0.05,100,f1,0.0
dc,3000,3,8,raw,-1.0,100,mae,0.038021171705493656
dc,3000,3,8,raw,0.01,100,precision,0.7368421052631579
dc,3000,3,8,raw,0.01,100,recall,0.741051028179741
dc,3000,3,8,raw,0.01,100,f1,0.7389405733814316
dc,3000,3,8,raw,0.05,100,precision,0.8435095557210226
dc,3000,3,8,raw,0.05,100,recall,0.8548610237705949
dc,3000,3,8,raw,0.05,100,f1,0.8491473546130301
dc,3000,3,8,bh,-1.0,100,mae,0.02196590511566209
dc,3000,3,8,bh,0.01,100,precision,0.0
dc,3000,3,8,bh,0.01,100,recall,0.0
dc,3000,3,8,bh,0.01,100,f1,0.0
dc,3000,3,8,bh,0.05,100,precision,0.0
dc,3000,3,8,bh,0.05,100,recall,0.0
dc,3000,3,8,bh,0.05,100,f1,0.0
dc,3000,3,9,raw,-1.0,100,mae,0.04258801266473616
dc,3000,3,9,raw,0.01,100,precision,0.7254827716773949
dc,3000,3,9,raw,0.01,100,recall,0.6929475587703435
dc,3000,3,9,raw,0.01,100,f1,0.7088420273769885
dc,3000,3,9,raw,0.05,100,precision,0.8454951600893522
dc,3000,3,9,raw,0.05,100,recall,0.8400739827373613
dc,3000,3,9,raw,0.05,100,f1,0.8427758535378526
dc,3000,3,9,bh,-1.0,100,mae,0.025145906933858094
dc,3000,3,9,bh,0.01,100,precision,0.0
dc,3000,3,9,bh,0.01,100,recall,0.0
dc,3000,3,9,bh,0.01,100,f1,0.0
dc,3000,3,9,bh,0.05,100,precision,0.0
dc,3000,3,9,bh,0.05,100,recall,0.0
dc,3000,3,9,bh,0.05,100,f1,0.0
dc,3000,4,5,raw,-1.0,100,mae,0.04033139924348829
dc,3000,4,5,raw,0.01,100,precision,0.7816136539953452
dc,3000,4,5,raw,0.01,100,recall,0.7397209985315712
dc,3000,4,5,raw,0.01,100,f1,0.7600905318747643
dc,3000,4,5,raw,0.05,100,precision,0.8740477399695277
dc,3000,4,5,raw,0.05,100,recall,0.8562189054726368
dc,3000,4,5,raw,0.05,100,f1,0.8650414677054536
dc,3000,4,5,bh,-1.0,100,mae,0.021908561232582578
dc,3000,4,5,bh,0.01,100,precision,0.0
dc,3000,4,5,bh,0.01,100,recall,0.0
dc,3000,4,5,bh,0.01,100,f1,0.0
dc,3000,4,5,bh,0.05,100,precision,0.0
dc,3000,4,5,bh,0.05,100,recall,0.0
dc,3000,4,5,bh,0.05,100,f1,0.0
dc,3000,4,6,raw,-1.0,100,mae,0.04406268829582196
dc,3000,4,6,raw,0.01,100,precision,0.7532971295577967
dc,3000,4,6,raw,0.01,100,recall,0.7284321080270068
dc,3000,4,6,raw,0.01,100,f1,0.7406559877955758
dc,3000,4,6,raw,0.05,100,precision,0.8572879634332148
dc,3000,4,6,raw,0.05,100,recall,0.8393833913475882
dc,3000,4,6,raw,0.05,100,f1,0.8482412060301507
dc,3000,4,6,bh,-1.0,100,mae,0.024347170571149386
dc,3000,4,6,bh,0.01,100,precision,0.0
dc,3000,4,6,bh,0.01,100,recall,0.0
dc,3000,4,6,bh,0.01,100,f1,0.0
dc,3000,4,6,bh,0.05,100,precision,0.0
dc,3000,4,6,bh,0.05,100,recall,0.0
dc,3000,4,6,bh,0.05,100,f1,0.0
dc,3000,4,7,raw,-1.0,100,mae,0.039959295999618775
dc,3000,4,7,raw,0.01,100,precision,0.7560124127230411
dc,3000,4,7,raw,0.01,100,recall,0.7416286149162862
dc,3000,4,7,raw,0.01,100,f1,0.7487514406454091
dc,3000,4,7,raw,0.05,100,precision,0.8712544438801422
dc,3000,4,7,raw,0.05,100,recall,0.851893234016139
dc,3000,4,7,raw,0.05,100,f1,0.861465068106208
dc,3000,4,7,bh,-1.0,100,mae,0.021905628450128892
dc,3000,4,7,bh,0.01,100,precision,0.0
dc,3000,4,7,bh,0.01,100,recall,0.0
dc,3000,4,7,bh,0.01,100,f1,0.0
dc,3000,4,7,bh,0.05,100,precision,0.0
dc,3000,4,7,bh,0.05,100,recall,0.0
dc,3000,4,7,bh,0.05,100,f1,0.0
dc,3000,4,8,raw,-1.0,100,mae,0.043073228342333125
dc,3000,4,8,raw,0.01,100,precision,0.7660977501939488
dc,3000,4,8,raw,0.01,100,recall,0.7520944402132521
dc,3000,4,8,raw,0.01,100,f1,0.759031514219831
dc,3000,4,8,raw,0.05,100,precision,0.8595733875063484
dc,3000,4,8,raw,0.05,100,recall,0.8514652245000629
dc,3000,4,8,raw,0.05,100,f1,0.855500094774752
dc,3000,4,8,bh,-1.0,100,mae,0.023281763613096317
dc,3000,4,8,bh,0.01,100,precision,0.0
dc,3000,4,8,bh,0.01,100,recall,0.0
dc,3000,4,8,bh,0.01,100,f1,0.0
dc,3000,4,8,bh,0.05,100,precision,0.0
dc,3000,4,8,bh,0.05,100,recall,0.0
dc,3000,4,8,bh,0.05,100,f1,0.0
dc,3000,4,9,raw,-1.0,100,mae,0.04284154022127644
dc,3000,4,9,raw,0.01,100,precision,0.7800620636152056
dc,3000,4,9,raw,0.01,100,recall,0.7273056057866184
dc,3000,4,9,raw,0.01,100,f1,0.7527606213737601
dc,3000,4,9,raw,0.05,100,precision,0.8764601320467242
dc,3000,4,9,raw,0.05,100,recall,0.8511713933415537
dc,3000,4,9,raw,0.05,100,f1,0.8636306768422369
dc,3000,4,9,bh,-1.0,100,mae,0.024051345221570868
dc,3000,4,9,bh,0.01,100,precision,0.0
dc,3000,4,9,bh,0.01,100,recall,0.0
dc,3000,4,9,bh,0.01,100,f1,0.0
dc,3000,4,9,bh,0.05,100,precision,0.0
dc,3000,4,9,bh,0.05,100,recall,0.0
dc,3000,4,9,bh,0.05,100,f1,0.0
dc,3000,5,6,raw,-1.0,100,mae,0.04457456392678645
dc,3000,5,6,raw,0.01,100,precision,0.7184287812041116
dc,3000,5,6,raw,0.01,100,recall,0.7340585146286571
dc,3000,5,6,raw,0.01,100,f1,0.7261595547309833
dc,3000,5,6,raw,0.05,100,precision,0.8375621890547263
dc,3000,5,6,raw,0.05,100,recall,0.8371456986573844
dc,3000,5,6,raw,0.05,100,f1,0.8373538920666501
dc,3000,5,6,bh,-1.0,100,mae,0.02545133894324704
dc,3000,5,6,bh,0.01,100,precision,0.0
dc,3000,5,6,bh,0.01,100,recall,0.0
dc,3000,5,6,bh,0.01,100,f1,0.0
dc,3000,5,6,bh,0.05,100,precision,0.0
dc,3000,5,6,bh,0.05,100,recall,0.0
dc,3000,5,6,bh,0.05,100,f1,0.0
dc,3000,5,7,raw,-1.0,100,mae,0.04000724317890948
dc,3000,5,7,raw,0.01,100,precision,0.7257709251101322
dc,3000,5,7,raw,0.01,100,recall,0.752283105022831
dc,3000,5,7,raw,0.01,100,f1,0.7387892376681614
dc,3000,5,7,raw,0.05,100,precision,0.8559701492537314
dc,3000,5,7,raw,0.05,100,recall,0.8543761638733706
dc,3000,5,7,raw,0.05,100,f1,0.8551724137931035
dc,3000,5,7,bh,-1.0,100,mae,0.022831949079424
dc,3000,5,7,bh,0.01,100,precision,0.0
dc,3000,5,7,bh,0.01,100,recall,0.0
dc,3000,5,7,bh,0.01,100,f1,0.0
dc,3000,5,7,bh,0.05,100,precision,0.0
dc,3000,5,7,bh,0.05,100,recall,0.0
dc,3000,5,7,bh,0.05,100,f1,0.0
dc,3000,5,8,raw,-1.0,100,mae,0.044099473599899706
dc,3000,5,8,raw,0.01,100,precision,0.7360499265785609
dc,3000,5,8,raw,0.01,100,recall,0.7635186595582635
dc,3000,5,8,raw,0.01,100,f1,0.7495327102803738
dc,3000,5,8,raw,0.05,100,precision,0.834452736318408
dc,3000,5,8,raw,0.05,100,recall,0.8437932335555276
dc,3000,5,8,raw,0.05,100,f1,0.8390969920580327
dc,3000,5,8,bh,-1.0,100,mae,0.02448275242958851
dc,3000,5,8,bh,0.01,100,precision,0.0
dc,3000,5,8,bh,0.01,100,recall,0.0
dc,3000,5,8,bh,0.01,100,f1,0.0
dc,3000,5,8,bh,0.05,100,precision,0.0
dc,3000,5,8,bh,0.05,100,recall,0.0
dc,3000,5,8,bh,0.05,100,f1,0.0
dc,3000,5,9,raw,-1.0,100,mae,0.04451703002742232
dc,3000,5,9,raw,0.01,100,precision,0.7602790014684288
dc,3000,5,9,raw,0.01,100,recall,0.749005424954792
dc,3000,5,9,raw,0.01,100,f1,0.7546001093095281
dc,3000,5,9,raw,0.05,100,precision,0.8528606965174129
dc,3000,5,9,raw,0.05,100,recall,0.8454993834771887
dc,3000,5,9,raw,0.05,100,f1,0.8491640866873065
dc,3000,5,9,bh,-1.0,100,mae,0.024976969290455026
dc,3000,5,9,bh,0.01,100,precision,0.0
dc,3000,5,9,bh,0.01,100,recall,0.0
dc,3000,5,9,bh,0.01,100,f1,0.0
dc,3000,5,9,bh,0.05,100,precision,0.0
dc,3000,5,9,bh,0.05,100,recall,0.0
dc,3000,5,9,bh,0.05,100,f1,0.0
dc,3000,6,7,raw,-1.0,100,mae,0.044290551686726604
dc,3000,6,7,raw,0.01,100,precision,0.7025506376594148
dc,3000,6,7,raw,0.01,100,recall,0.7127092846270928
dc,3000,6,7,raw,0.01,100,f1,0.7075935020778239
dc,3000,6,7,raw,0.05,100,precision,0.8370213823968174
dc,3000,6,7,raw,0.05,100,recall,0.8358783364369956
dc,3000,6,7,raw,0.05,100,f1,0.8364494689111125
dc,3000,6,7,bh,-1.0,100,mae,0.025302591652882088
dc,3000,6,7,bh,0.01,100,precision,0.0
dc,3000,6,7,bh,0.01,100,recall,0.0
dc,3000,6,7,bh,0.01,100,f1,0.0
dc,3000,6,7,bh,0.05,100,precision,0.0
dc,3000,6,7,bh,0.05,100,recall,0.0
dc,3000,6,7,bh,0.05,100,f1,0.0
dc,3000,6,8,raw,-1.0,100,mae,0.042590284871288034
dc,3000,6,8,raw,0.01,100,precision,0.7351837959489872
dc,3000,6,8,raw,0.01,100,recall,0.7463823305407464
dc,3000,6,8,raw,0.01,100,f1,0.7407407407407407
dc,3000,6,8,raw,0.05,100,precision,0.8294380905022377
dc,3000,6,8,raw,0.05,100,recall,0.8391397308514652
dc,3000,6,8,raw,0.05,100,f1,0.8342607064707721
dc,3000,6,8,bh,-1.0,100,mae,0.0239314214769556
dc,3000,6,8,bh,0.01,100,precision,0.0
dc,3000,6,8,bh,0.01,100,recall,0.0
dc,3000,6,8,bh,0.01,100,f1,0.0
dc,3000,6,8,bh,0.05,100,precision,0.0
dc,3000,6,8,bh,0.05,100,recall,0.0
dc,3000,6,8,bh,0.05,100,f1,0.0
dc,3000,6,9,raw,-1.0,100,mae,0.04533018123667141
dc,3000,6,9,raw,0.01,100,precision,0.7689422355588897
dc,3000,6,9,raw,0.01,100,recall,0.7414104882459313
dc,3000,6,9,raw,0.01,100,f1,0.7549254280979562
dc,3000,6,9,raw,0.05,100,precision,0.8516907011437096
dc,3000,6,9,raw,0.05,100,recall,0.8447595561035758
dc,3000,6,9,raw,0.05,100,f1,0.8482109694193388
dc,3000,6,9,bh,-1.0,100,mae,0.02468476430001218
dc,3000,6,9,bh,0.01,100,precision,0.0
dc,3000,6,9,bh,0.01,100,recall,0.0
dc,3000,6,9,bh,0.01,100,f1,0.0
dc,3000,6,9,bh,0.05,100,precision,0.0
dc,3000,6,9,bh,0.05,100,recall,0.0
dc,3000,6,9,bh,0.05,100,f1,0.0
dc,3000,7,8,raw,-1.0,100,mae,0.04275638679127587
dc,3000,7,8,raw,0.01,100,precision,0.7248858447488584
dc,3000,7,8,raw,0.01,100,recall,0.7254379284082254
dc,3000,7,8,raw,0.01,100,f1,0.7251617814998097
dc,3000,7,8,raw,0.05,100,precision,0.8347610180012415
dc,3000,7,8,raw,0.05,100,recall,0.8456797887058232
dc,3000,7,8,raw,0.05,100,f1,0.8401849306510059
dc,3000,7,8,bh,-1.0,100,mae,0.024258539208246006
dc,3000,7,8,bh,0.01,100,precision,0.0
dc,3000,7,8,bh,0.01,100,recall,0.0
dc,3000,7,8,bh,0.01,100,f1,0.0
dc,3000,7,8,bh,0.05,100,precision,0.0
dc,3000,7,8,bh,0.05,100,recall,0.0
dc,3000,7,8,bh,0.05,100,f1,0.0
dc,3000,7,9,raw,-1.0,100,mae,0.047482517577158476
dc,3000,7,9,raw,0.01,100,precision,0.710806697108067
dc,3000,7,9,raw,0.01,100,recall,0.6755877034358047
dc,3000,7,9,raw,0.01,100,f1,0.6927498609308362
dc,3000,7,9,raw,0.05,100,precision,0.8353817504655493
dc,3000,7,9,raw,0.05,100,recall,0.8297163995067818
dc,3000,7,9,raw,0.05,100,f1,0.8325394370553665
dc,3000,7,9,bh,-1.0,100,mae,0.02738159535383274
dc,3000,7,9,bh,0.01,100,precision,0.0
dc,3000,7,9,bh,0.01,100,recall,0.0
dc,3000,7,9,bh,0.01,100,f1,0.0
dc,3000,7,9,bh,0.05,100,precision,0.0
dc,3000,7,9,bh,0.05,100,recall,0.0
dc,3000,7,9,bh,0.05,100,f1,0.0
dc,3000,8,9,raw,-1.0,100,mae,0.04418798555034149
dc,3000,8,9,raw,0.01,100,precision,0.7425742574257426
dc,3000,8,9,raw,0.01,100,recall,0.705244122965642
dc,3000,8,9,raw,0.01,100,f1,0.7234279354479688
dc,3000,8,9,raw,0.05,100,precision,0.8504590617532386
dc,3000,8,9,raw,0.05,100,recall,0.8337854500616523
dc,3000,8,9,raw,0.05,100,f1,0.8420397235539505
dc,3000,8,9,bh,-1.0,100,mae,0.025127263652463476
dc,3000,8,9,bh,0.01,100,precision,0.0
dc,3000,8,9,bh,0.01,100,recall,0.0
dc,3000,8,9,bh,0.01,100,f1,0.0
dc,3000,8,9,bh,0.05,100,precision,0.0
dc,3000,8,9,bh,0.05,100,recall,0.0
dc,3000,8,9,bh,0.05,100,f1,0.0
dc,5000,-1,0,raw,-1.0,100,mae,0.0440374061321071
dc,5000,-1,0,raw,0.01,100,precision,0.7990177559501322
dc,5000,-1,0,raw,0.01,100,recall,0.7228298017771702
dc,5000,-1,0,raw,0.01,100,f1,0.7590166876009331
dc,5000,-1,0,raw,0.05,100,precision,0.8642928286852589
dc,5000,-1,0,raw,0.05,100,recall,0.8324739177359396
dc,5000,-1,0,raw,0.05,100,f1,0.8480850284038849
dc,5000,-1,0,bh,-1.0,100,mae,0.026058928252287103
dc,5000,-1,0,bh,0.01,100,precision,0.0
dc,5000,-1,0,bh,0.01,100,recall,0.0
dc,5000,-1,0,bh,0.01,100,f1,0.0
dc,5000,-1,0,bh,0.05,100,precision,0.5914634146341463
dc,5000,-1,0,bh,0.05,100,recall,0.46859903381642515
dc,5000,-1,0,bh,0.05,100,f1,0.522911051212938
dc,5000,-1,1,raw,-1.0,100,mae,0.04273439176520365
dc,5000,-1,1,raw,0.01,100,precision,0.7351718927087268
dc,5000,-1,1,raw,0.01,100,recall,0.7335092348284961
dc,5000,-1,1,raw,0.01,100,f1,0.7343396226415094
dc,5000,-1,1,raw,0.05,100,precision,0.8487300796812749
dc,5000,-1,1,raw,0.05,100,recall,0.8437925485827454
dc,5000,-1,1,raw,0.05,100,f1,0.8462541120973248
dc,5000,-1,1,bh,-1.0,100,mae,0.024498617901839586
dc,5000,-1,1,bh,0.01,100,precision,0.0
dc,5000,-1,1,bh,0.01,100,recall,0.0
dc,5000,-1,1,bh,0.01,100,f1,0.0
dc,5000,-1,1,bh,0.05,100,precision,0.49390243902439024
dc,5000,-1,1,bh,0.05,100,recall,0.54
dc,5000,-1,1,bh,0.05,100,f1,0.5159235668789809
dc,5000,-1,2,raw,-1.0,100,mae,0.04450169067777067
dc,5000,-1,2,raw,0.01,100,precision,0.7159047978843974
dc,5000,-1,2,raw,0.01,100,recall,0.7445972495088409
dc,5000,-1,2,raw,0.01,100,f1,0.7299691833590138
dc,5000,-1,2,raw,0.05,100,precision,0.837898406374502
dc,5000,-1,2,raw,0.05,100,recall,0.840934649506435
dc,5000,-1,2,raw,0.05,100,f1,0.839413782351107
dc,5000,-1,2,bh,-1.0,100,mae,0.024050370228961362
dc,5000,-1,2,bh,0.01,100,precision,0.0
dc,5000,-1,2,bh,0.01,100,recall,0.0
dc,5000,-1,2,bh,0.01,100,f1,0.0
dc,5000,-1,2,bh,0.05,100,precision,0.0
dc,5000,-1,2,bh,0.05,100,recall,0.0
dc,5000,-1,2,bh,0.05,100,f1,0.0
dc,5000,-1,3,raw,-1.0,100,mae,0.04158463597898331
dc,5000,-1,3,raw,0.01,100,precision,0.7453721193804307
dc,5000,-1,3,raw,0.01,100,recall,0.7361940298507462
dc,5000,-1,3,raw,0.01,100,f1,0.740754646142294
dc,5000,-1,3,raw,0.05,100,precision,0.8407619521912351
dc,5000,-1,3,raw,0.05,100,recall,0.852866885577166
dc,5000,-1,3,raw,0.05,100,f1,0.8467711598746082
dc,5000,-1,3,bh,-1.0,100,mae,0.023495932246316804
dc,5000,-1,3,bh,0.01,100,precision,0.0
dc,5000,-1,3,bh,0.01,100,recall,0.0
dc,5000,-1,3,bh,0.01,100,f1,0.0
dc,5000,-1,3,bh,0.05,100,precision,0.6036585365853658
dc,5000,-1,3,bh,0.05,100,recall,0.5294117647058824
dc,5000,-1,3,bh,0.05,100,f1,0.5641025641025641
dc,5000,-1,4,raw,-1.0,100,mae,0.046302335724055836
dc,5000,-1,4,raw,0.01,100,precision,0.7774839440876464
dc,5000,-1,4,raw,0.01,100,recall,0.7055193692149468
dc,5000,-1,4,raw,0.01,100,f1,0.7397555715312725
dc,5000,-1,4,raw,0.05,100,precision,0.8552041832669323
dc,5000,-1,4,raw,0.05,100,recall,0.8356447688564477
dc,5000,-1,4,raw,0.05,100,f1,0.8453113462958405
dc,5000,-1,4,bh,-1.0,100,mae,0.02680776348864893
dc,5000,-1,4,bh,0.01,100,precision,0.0
dc,5000,-1,4,bh,0.01,100,recall,0.0
dc,5000,-1,4,bh,0.01,100,f1,0.0
dc,5000,-1,4,bh,0.05,100,precision,0.6859756097560976
dc,5000,-1,4,bh,0.05,100,recall,0.35046728971962615
dc,5000,-1,4,bh,0.05,100,f1,0.4639175257731959
dc,5000,-1,5,raw,-1.0,100,mae,0.04274061717356742
dc,5000,-1,5,raw,0.01,100,precision,0.7593502077823951
dc,5000,-1,5,raw,0.01,100,recall,0.7206884187880961
dc,5000,-1,5,raw,0.01,100,f1,0.739514348785872
dc,5000,-1,5,raw,0.05,100,precision,0.8449950199203188
dc,5000,-1,5,raw,0.05,100,recall,0.832965144820815
dc,5000,-1,5,raw,0.05,100,f1,0.8389369592088999
dc,5000,-1,5,bh,-1.0,100,mae,0.024986442304794385
dc,5000,-1,5,bh,0.01,100,precision,0.0
dc,5000,-1,5,bh,0.01,100,recall,0.0
dc,5000,-1,5,bh,0.01,100,f1,0.0
dc,5000,-1,5,bh,0.05,100,precision,0.573170731707317
dc,5000,-1,5,bh,0.05,100,recall,0.4530120481927711
dc,5000,-1,5,bh,0.05,100,f1,0.506056527590848
dc,5000,-1,6,raw,-1.0,100,mae,0.04076538092998089
dc,5000,-1,6,raw,0.01,100,precision,0.8043067623724972
dc,5000,-1,6,raw,0.01,100,recall,0.7552323518978361
dc,5000,-1,6,raw,0.01,100,f1,0.7789974387120381
dc,5000,-1,6,raw,0.05,100,precision,0.8684013944223108
dc,5000,-1,6,raw,0.05,100,recall,0.8436139332365747
dc,5000,-1,6,raw,0.05,100,f1,0.8558282208588958
dc,5000,-1,6,bh,-1.0,100,mae,0.022863144937534184
dc,5000,-1,6,bh,0.01,100,precision,0.0
dc,5000,-1,6,bh,0.01,100,recall,0.0
dc,5000,-1,6,bh,0.01,100,f1,0.0
dc,5000,-1,6,bh,0.05,100,precision,0.5670731707317073
dc,5000,-1,6,bh,0.05,100,recall,0.5068119891008175
dc,5000,-1,6,bh,0.05,100,f1,0.5352517985611511
dc,5000,-1,7,raw,-1.0,100,mae,0.04473538794462002
dc,5000,-1,7,raw,0.01,100,precision,0.6868152625613902
dc,5000,-1,7,raw,0.01,100,recall,0.7019305019305019
dc,5000,-1,7,raw,0.01,100,f1,0.6942906244032844
dc,5000,-1,7,raw,0.05,100,precision,0.8247011952191236
dc,5000,-1,7,raw,0.05,100,recall,0.8296593186372746
dc,5000,-1,7,raw,0.05,100,f1,0.8271728271728271
dc,5000,-1,7,bh,-1.0,100,mae,0.02566779339257596
dc,5000,-1,7,bh,0.01,100,precision,0.0
dc,5000,-1,7,bh,0.01,100,recall,0.0
dc,5000,-1,7,bh,0.01,100,f1,0.0
dc,5000,-1,7,bh,0.05,100,precision,0.39939024390243905
dc,5000,-1,7,bh,0.05,100,recall,0.39939024390243905
dc,5000,-1,7,bh,0.05,100,f1,0.39939024390243905
dc,5000,-1,8,raw,-1.0,100,mae,0.042354353943457636
dc,5000,-1,8,raw,0.01,100,precision,0.7400831129580657
dc,5000,-1,8,raw,0.01,100,recall,0.7400831129580657
dc,5000,-1,8,raw,0.01,100,f1,0.7400831129580657
dc,5000,-1,8,raw,0.05,100,precision,0.8446215139442231
dc,5000,-1,8,raw,0.05,100,recall,0.8408527516113039
dc,5000,-1,8,raw,0.05,100,f1,0.8427329192546584
dc,5000,-1,8,bh,-1.0,100,mae,0.023768255529419524
dc,5000,-1,8,bh,0.01,100,precision,0.0
dc,5000,-1,8,bh,0.01,100,recall,0.0
dc,5000,-1,8,bh,0.01,100,f1,0.0
dc,5000,-1,8,bh,0.05,100,precision,0.4817073170731707
dc,5000,-1,8,bh,0.05,100,recall,0.47305389221556887
dc,5000,-1,8,bh,0.05,100,f1,0.4773413897280967
dc,5000,-1,9,raw,-1.0,100,mae,0.042019982697113024
dc,5000,-1,9,raw,0.01,100,precision,0.724971666037023
dc,5000,-1,9,raw,0.01,100,recall,0.7540275049115913
dc,5000,-1,9,raw,0.01,100,f1,0.7392141756548536
dc,5000,-1,9,raw,0.05,100,precision,0.8385209163346613
dc,5000,-1,9,raw,0.05,100,recall,0.8490922844175491
dc,5000,-1,9,raw,0.05,100,f1,0.843773490353295
dc,5000,-1,9,bh,-1.0,100,mae,0.023004507919049604
dc,5000,-1,9,bh,0.01,100,precision,0.0
dc,5000,-1,9,bh,0.01,100,recall,0.0
dc,5000,-1,9,bh,0.01,100,f1,0.0
dc,5000,-1,9,bh,0.05,100,precision,0.5060975609756098
dc,5000,-1,9,bh,0.05,100,recall,0.5253164556962026
dc,5000,-1,9,bh,0.05,100,f1,0.515527950310559
dc,5000,0,1,raw,-1.0,100,mae,0.05001421101563249
dc,5000,0,1,raw,0.01,100,precision,0.6968557758031442
dc,5000,0,1,raw,0.01,100,recall,0.7685638899359216
dc,5000,0,1,raw,0.01,100,f1,0.7309553683455816
dc,5000,0,1,raw,0.05,100,precision,0.826957668785226
dc,5000,0,1,raw,0.05,100,recall,0.8535709865082313
dc,5000,0,1,raw,0.05,100,f1,0.8400535997076379
dc,5000,0,1,bh,-1.0,100,mae,0.028708426802414505
dc,5000,0,1,bh,0.01,100,precision,0.0
dc,5000,0,1,bh,0.01,100,recall,0.0
dc,5000,0,1,bh,0.01,100,f1,0.0
dc,5000,0,1,bh,0.05,100,precision,0.46618357487922707
dc,5000,0,1,bh,0.05,100,recall,0.6433333333333333
dc,5000,0,1,bh,0.05,100,f1,0.5406162464985994
dc,5000,0,2,raw,-1.0,100,mae,0.0448059996118246
dc,5000,0,2,raw,0.01,100,precision,0.6654135338345865
dc,5000,0,2,raw,0.01,100,recall,0.7650294695481336
dc,5000,0,2,raw,0.01,100,f1,0.711752878815573
dc,5000,0,2,raw,0.05,100,precision,0.8250389734980214
dc,5000,0,2,raw,0.05,100,recall,0.8596776208921655
dc,5000,0,2,raw,0.05,100,f1,0.8420022029127402
dc,5000,0,2,bh,-1.0,100,mae,0.026690669142383914
dc,5000,0,2,bh,0.01,100,precision,0.0
dc,5000,0,2,bh,0.01,100,recall,0.0
dc,5000,0,2,bh,0.01,100,f1,0.0
dc,5000,0,2,bh,0.05,100,precision,0.0
dc,5000,0,2,bh,0.05,100,recall,0.0
dc,5000,0,2,bh,0.05,100,f1,0.0
dc,5000,0,3,raw,-1.0,100,mae,0.04697777623464427
dc,5000,0,3,raw,0.01,100,precision,0.6900205058099795
dc,5000,0,3,raw,0.01,100,recall,0.7533582089552239
dc,5000,0,3,raw,0.01,100,f1,0.7202996789154478
dc,5000,0,3,raw,0.05,100,precision,0.8190430507255066
dc,5000,0,3,raw,0.05,100,recall,0.862591563526143
dc,5000,0,3,raw,0.05,100,f1,0.8402534292919973
dc,5000,0,3,bh,-1.0,100,mae,0.02830136662246483
dc,5000,0,3,bh,0.01,100,precision,0.0
dc,5000,0,3,bh,0.01,100,recall,0.0
dc,5000,0,3,bh,0.01,100,f1,0.0
dc,5000,0,3,bh,0.05,100,precision,0.5362318840579711
dc,5000,0,3,bh,0.05,100,recall,0.5935828877005348
dc,5000,0,3,bh,0.05,100,f1,0.5634517766497462
dc,5000,0,4,raw,-1.0,100,mae,0.05039151367759565
dc,5000,0,4,raw,0.01,100,precision,0.7409432672590567
dc,5000,0,4,raw,0.01,100,recall,0.7432293452176894
dc,5000,0,4,raw,0.01,100,f1,0.7420845456101318
dc,5000,0,4,raw,0.05,100,precision,0.8282767717951792
dc,5000,0,4,raw,0.05,100,recall,0.8402676399026764
dc,5000,0,4,raw,0.05,100,f1,0.8342291201159491
dc,5000,0,4,bh,-1.0,100,mae,0.028644336022649524
dc,5000,0,4,bh,0.01,100,precision,0.0
dc,5000,0,4,bh,0.01,100,recall,0.0
dc,5000,0,4,bh,0.01,100,f1,0.0
dc,5000,0,4,bh,0.05,100,precision,0.751207729468599
dc,5000,0,4,bh,0.05,100,recall,0.48442367601246106
dc,5000,0,4,bh,0.05,100,f1,0.5890151515151515
dc,5000,0,5,raw,-1.0,100,mae,0.04300349943730539
dc,5000,0,5,raw,0.01,100,precision,0.728298017771702
dc,5000,0,5,raw,0.01,100,recall,0.7640731444962352
dc,5000,0,5,raw,0.01,100,f1,0.7457567804024497
dc,5000,0,5,raw,0.05,100,precision,0.8381100851421034
dc,5000,0,5,raw,0.05,100,recall,0.8577565046637211
dc,5000,0,5,raw,0.05,100,f1,0.8478194941469036
dc,5000,0,5,bh,-1.0,100,mae,0.02588283431092158
dc,5000,0,5,bh,0.01,100,precision,0.0
dc,5000,0,5,bh,0.01,100,recall,0.0
dc,5000,0,5,bh,0.01,100,f1,0.0
dc,5000,0,5,bh,0.05,100,precision,0.5628019323671497
dc,5000,0,5,bh,0.05,100,recall,0.5614457831325301
dc,5000,0,5,bh,0.05,100,f1,0.5621230398069964
dc,5000,0,6,raw,-1.0,100,mae,0.042097414608820855
dc,5000,0,6,raw,0.01,100,precision,0.7146274777853725
dc,5000,0,6,raw,0.01,100,recall,0.7417523944661227
dc,5000,0,6,raw,0.01,100,f1,0.7279373368146214
dc,5000,0,6,raw,0.05,100,precision,0.843266578726466
dc,5000,0,6,raw,0.05,100,recall,0.8505079825834543
dc,5000,0,6,raw,0.05,100,f1,0.846871801047751
dc,5000,0,6,bh,-1.0,100,mae,0.02565352603054486
dc,5000,0,6,bh,0.01,100,precision,0.0
dc,5000,0,6,bh,0.01,100,recall,0.0
dc,5000,0,6,bh,0.01,100,f1,0.0
dc,5000,0,6,bh,0.05,100,precision,0.5289855072463768
dc,5000,0,6,bh,0.05,100,recall,0.5967302452316077
dc,5000,0,6,bh,0.05,100,f1,0.5608194622279129
dc,5000,0,7,raw,-1.0,100,mae,0.04855568909853232
dc,5000,0,7,raw,0.01,100,precision,0.6418318523581682
dc,5000,0,7,raw,0.01,100,recall,0.7250965250965251
dc,5000,0,7,raw,0.01,100,f1,0.6809282088469906
dc,5000,0,7,raw,0.05,100,precision,0.8050125914378223
dc,5000,0,7,raw,0.05,100,recall,0.8408066132264529
dc,5000,0,7,raw,0.05,100,f1,0.822520370030019
dc,5000,0,7,bh,-1.0,100,mae,0.029560798154202008
dc,5000,0,7,bh,0.01,100,precision,0.0
dc,5000,0,7,bh,0.01,100,recall,0.0
dc,5000,0,7,bh,0.01,100,f1,0.0
dc,5000,0,7,bh,0.05,100,precision,0.38164251207729466
dc,5000,0,7,bh,0.05,100,recall,0.4817073170731707
dc,5000,0,7,bh,0.05,100,f1,0.42587601078167114
dc,5000,0,8,raw,-1.0,100,mae,0.04581949717990495
dc,5000,0,8,raw,0.01,100,precision,0.6995898838004101
dc,5000,0,8,raw,0.01,100,recall,0.7733282961843596
dc,5000,0,8,raw,0.01,100,f1,0.7346133141934327
dc,5000,0,8,raw,0.05,100,precision,0.8206019906463605
dc,5000,0,8,raw,0.05,100,recall,0.8481655924640555
dc,5000,0,8,raw,0.05,100,f1,0.8341561528615835
dc,5000,0,8,bh,-1.0,100,mae,0.027033443050213844
dc,5000,0,8,bh,0.01,100,precision,0.0
dc,5000,0,8,bh,0.01,100,recall,0.0
dc,5000,0,8,bh,0.01,100,f1,0.0
dc,5000,0,8,bh,0.05,100,precision,0.4927536231884058
dc,5000,0,8,bh,0.05,100,recall,0.6107784431137725
dc,5000,0,8,bh,0.05,100,f1,0.5454545454545454
dc,5000,0,9,raw,-1.0,100,mae,0.045100204479947816
dc,5000,0,9,raw,0.01,100,precision,0.6866028708133971
dc,5000,0,9,raw,0.01,100,recall,0.7893909626719057
dc,5000,0,9,raw,0.01,100,f1,0.7344178395174557
dc,5000,0,9,raw,0.05,100,precision,0.8206019906463605
dc,5000,0,9,raw,0.05,100,recall,0.8627080181543116
dc,5000,0,9,raw,0.05,100,f1,0.841128387929445
dc,5000,0,9,bh,-1.0,100,mae,0.02693939079242012
dc,5000,0,9,bh,0.01,100,precision,0.0
dc,5000,0,9,bh,0.01,100,recall,0.0
dc,5000,0,9,bh,0.01,100,f1,0.0
dc,5000,0,9,bh,0.05,100,precision,0.47101449275362317
dc,5000,0,9,bh,0.05,100,recall,0.6170886075949367
dc,5000,0,9,bh,0.05,100,f1,0.5342465753424658
dc,5000,1,2,raw,-1.0,100,mae,0.04275870127866601
dc,5000,1,2,raw,0.01,100,precision,0.6954391255182812
dc,5000,1,2,raw,0.01,100,recall,0.724950884086444
dc,5000,1,2,raw,0.01,100,f1,0.7098884186225471
dc,5000,1,2,raw,0.05,100,precision,0.8369847753434831
dc,5000,1,2,raw,0.05,100,recall,0.8449331500687243
dc,5000,1,2,raw,0.05,100,f1,0.8409401815694565
dc,5000,1,2,bh,-1.0,100,mae,0.024949806216040378
dc,5000,1,2,bh,0.01,100,precision,0.0
dc,5000,1,2,bh,0.01,100,recall,0.0
dc,5000,1,2,bh,0.01,100,f1,0.0
dc,5000,1,2,bh,0.05,100,precision,0.0
dc,5000,1,2,bh,0.05,100,recall,0.0
dc,5000,1,2,bh,0.05,100,f1,0.0
dc,5000,1,3,raw,-1.0,100,mae,0.045439130704401504
dc,5000,1,3,raw,0.01,100,precision,0.7342630983791933
dc,5000,1,3,raw,0.01,100,recall,0.7268656716417911
dc,5000,1,3,raw,0.01,100,f1,0.730545659103694
dc,5000,1,3,raw,0.05,100,precision,0.8387176630771135
dc,5000,1,3,raw,0.05,100,recall,0.8557716595099772
dc,5000,1,3,raw,0.05,100,f1,0.847158842282928
dc,5000,1,3,bh,-1.0,100,mae,0.025702856471522206
dc,5000,1,3,bh,0.01,100,precision,0.0
dc,5000,1,3,bh,0.01,100,recall,0.0
dc,5000,1,3,bh,0.01,100,f1,0.0
dc,5000,1,3,bh,0.05,100,precision,0.54
dc,5000,1,3,bh,0.05,100,recall,0.43315508021390375
dc,5000,1,3,bh,0.05,100,f1,0.4807121661721068
dc,5000,1,4,raw,-1.0,100,mae,0.04597428495121145
dc,5000,1,4,raw,0.01,100,precision,0.7693177534866189
dc,5000,1,4,raw,0.01,100,recall,0.6996914638327049
dc,5000,1,4,raw,0.01,100,f1,0.732854578096948
dc,5000,1,4,raw,0.05,100,precision,0.8586458720138631
dc,5000,1,4,raw,0.05,100,recall,0.8439172749391728
dc,5000,1,4,raw,0.05,100,f1,0.8512178661267562
dc,5000,1,4,bh,-1.0,100,mae,0.026631227874645034
dc,5000,1,4,bh,0.01,100,precision,0.0
dc,5000,1,4,bh,0.01,100,recall,0.0
dc,5000,1,4,bh,0.01,100,f1,0.0
dc,5000,1,4,bh,0.05,100,precision,0.8033333333333333
dc,5000,1,4,bh,0.05,100,recall,0.37538940809968846
dc,5000,1,4,bh,0.05,100,f1,0.5116772823779193
dc,5000,1,5,raw,-1.0,100,mae,0.04147889095349541
dc,5000,1,5,raw,0.01,100,precision,0.7640407086317377
dc,5000,1,5,raw,0.01,100,recall,0.7267837934743636
dc,5000,1,5,raw,0.01,100,f1,0.7449467107680999
dc,5000,1,5,raw,0.05,100,precision,0.853075875727194
dc,5000,1,5,raw,0.05,100,recall,0.8458517427589592
dc,5000,1,5,raw,0.05,100,f1,0.8494484501140075
dc,5000,1,5,bh,-1.0,100,mae,0.025042742798211233
dc,5000,1,5,bh,0.01,100,precision,0.0
dc,5000,1,5,bh,0.01,100,recall,0.0
dc,5000,1,5,bh,0.01,100,f1,0.0
dc,5000,1,5,bh,0.05,100,precision,0.6433333333333333
dc,5000,1,5,bh,0.05,100,recall,0.4650602409638554
dc,5000,1,5,bh,0.05,100,f1,0.5398601398601398
dc,5000,1,6,raw,-1.0,100,mae,0.0433568891432325
dc,5000,1,6,raw,0.01,100,precision,0.784771956275914
dc,5000,1,6,raw,0.01,100,recall,0.738559772969138
dc,5000,1,6,raw,0.01,100,f1,0.7609649122807017
dc,5000,1,6,raw,0.05,100,precision,0.87003341997772
dc,5000,1,6,raw,0.05,100,recall,0.8501451378809869
dc,5000,1,6,raw,0.05,100,f1,0.8599743072123326
dc,5000,1,6,bh,-1.0,100,mae,0.025291441114828006
dc,5000,1,6,bh,0.01,100,precision,0.0
dc,5000,1,6,bh,0.01,100,recall,0.0
dc,5000,1,6,bh,0.01,100,f1,0.0
dc,5000,1,6,bh,0.05,100,precision,0.6666666666666666
dc,5000,1,6,bh,0.05,100,recall,0.5449591280653951
dc,5000,1,6,bh,0.05,100,f1,0.5997001499250375
dc,5000,1,7,raw,-1.0,100,mae,0.04545908895076144
dc,5000,1,7,raw,0.01,100,precision,0.7041085563513004
dc,5000,1,7,raw,0.01,100,recall,0.7212355212355213
dc,5000,1,7,raw,0.01,100,f1,0.7125691398054549
dc,5000,1,7,raw,0.05,100,precision,0.8269587820274786
dc,5000,1,7,raw,0.05,100,recall,0.8367985971943888
dc,5000,1,7,raw,0.05,100,f1,0.8318495922305921
dc,5000,1,7,bh,-1.0,100,mae,0.025711733503527758
dc,5000,1,7,bh,0.01,100,precision,0.0
dc,5000,1,7,bh,0.01,100,recall,0.0
dc,5000,1,7,bh,0.01,100,f1,0.0
dc,5000,1,7,bh,0.05,100,precision,0.44
dc,5000,1,7,bh,0.05,100,recall,0.4024390243902439
dc,5000,1,7,bh,0.05,100,f1,0.42038216560509556
dc,5000,1,8,raw,-1.0,100,mae,0.04126925331460692
dc,5000,1,8,raw,0.01,100,precision,0.7516019600452318
dc,5000,1,8,raw,0.01,100,recall,0.7533056290139781
dc,5000,1,8,raw,0.01,100,f1,0.7524528301886793
dc,5000,1,8,raw,0.05,100,precision,0.8564178734991954
dc,5000,1,8,raw,0.05,100,recall,0.8575855230540407
dc,5000,1,8,raw,0.05,100,f1,0.857001300551186
dc,5000,1,8,bh,-1.0,100,mae,0.02309558969029311
dc,5000,1,8,bh,0.01,100,precision,0.0
dc,5000,1,8,bh,0.01,100,recall,0.0
dc,5000,1,8,bh,0.01,100,f1,0.0
dc,5000,1,8,bh,0.05,100,precision,0.5633333333333334
dc,5000,1,8,bh,0.05,100,recall,0.5059880239520959
dc,5000,1,8,bh,0.05,100,f1,0.5331230283911672
dc,5000,1,9,raw,-1.0,100,mae,0.042132078073715454
dc,5000,1,9,raw,0.01,100,precision,0.7353938937052393
dc,5000,1,9,raw,0.01,100,recall,0.7666011787819254
dc,5000,1,9,raw,0.01,100,f1,0.7506733358984224
dc,5000,1,9,raw,0.05,100,precision,0.8468869909642283
dc,5000,1,9,raw,0.05,100,recall,0.8625819465456379
dc,5000,1,9,raw,0.05,100,f1,0.8546624195865342
dc,5000,1,9,bh,-1.0,100,mae,0.023672757924638795
dc,5000,1,9,bh,0.01,100,precision,0.0
dc,5000,1,9,bh,0.01,100,recall,0.0
dc,5000,1,9,bh,0.01,100,f1,0.0
dc,5000,1,9,bh,0.05,100,precision,0.6
dc,5000,1,9,bh,0.05,100,recall,0.569620253164557
dc,5000,1,9,bh,0.05,100,f1,0.5844155844155844
dc,5000,2,3,raw,-1.0,100,mae,0.04337124126268893
dc,5000,2,3,raw,0.01,100,precision,0.7155206286836935
dc,5000,2,3,raw,0.01,100,recall,0.6794776119402985
dc,5000,2,3,raw,0.01,100,f1,0.6970334928229666
dc,5000,2,3,raw,0.05,100,precision,0.8279395226789954
dc,5000,2,3,raw,0.05,100,recall,0.8368274816872948
dc,5000,2,3,raw,0.05,100,f1,0.832359776395955
dc,5000,2,3,bh,-1.0,100,mae,0.025119729495453512
dc,5000,2,3,bh,0.01,100,precision,0.0
dc,5000,2,3,bh,0.01,100,recall,0.0
dc,5000,2,3,bh,0.01,100,f1,0.0
dc,5000,2,3,bh,0.05,100,precision,0.0
dc,5000,2,3,bh,0.05,100,recall,0.0
dc,5000,2,3,bh,0.05,100,f1,0.0
dc,5000,2,4,raw,-1.0,100,mae,0.045894604069990005
dc,5000,2,4,raw,0.01,100,precision,0.7587426326129666
dc,5000,2,4,raw,0.01,100,recall,0.6619814878299622
dc,5000,2,4,raw,0.01,100,f1,0.7070670084218235
dc,5000,2,4,raw,0.05,100,precision,0.8540547294764463
dc,5000,2,4,raw,0.05,100,recall,0.8315085158150851
dc,5000,2,4,raw,0.05,100,f1,0.842630832768292
dc,5000,2,4,bh,-1.0,100,mae,0.02714779463462774
dc,5000,2,4,bh,0.01,100,precision,0.0
dc,5000,2,4,bh,0.01,100,recall,0.0
dc,5000,2,4,bh,0.01,100,f1,0.0
dc,5000,2,4,bh,0.05,100,precision,0.0
dc,5000,2,4,bh,0.05,100,recall,0.0
dc,5000,2,4,bh,0.05,100,f1,0.0
dc,5000,2,5,raw,-1.0,100,mae,0.04433557657449345
dc,5000,2,5,raw,0.01,100,precision,0.7383104125736739
dc,5000,2,5,raw,0.01,100,recall,0.6737181785586231
dc,5000,2,5,raw,0.01,100,f1,0.7045369328833896
dc,5000,2,5,raw,0.05,100,precision,0.8503061351993003
dc,5000,2,5,raw,0.05,100,recall,0.8351742758959254
dc,5000,2,5,raw,0.05,100,f1,0.8426722803541576
dc,5000,2,5,bh,-1.0,100,mae,0.02587158437196469
dc,5000,2,5,bh,0.01,100,precision,0.0
dc,5000,2,5,bh,0.01,100,recall,0.0
dc,5000,2,5,bh,0.01,100,f1,0.0
dc,5000,2,5,bh,0.05,100,precision,0.0
dc,5000,2,5,bh,0.05,100,recall,0.0
dc,5000,2,5,bh,0.05,100,f1,0.0
dc,5000,2,6,raw,-1.0,100,mae,0.04253761779734953
dc,5000,2,6,raw,0.01,100,precision,0.7701375245579568
dc,5000,2,6,raw,0.01,100,recall,0.6952820148989003
dc,5000,2,6,raw,0.01,100,f1,0.7307979120059657
dc,5000,2,6,raw,0.05,100,precision,0.8564288391853055
dc,5000,2,6,raw,0.05,100,recall,0.8289791969037252
dc,5000,2,6,raw,0.05,100,f1,0.8424804867555774
dc,5000,2,6,bh,-1.0,100,mae,0.02451832125677628
dc,5000,2,6,bh,0.01,100,precision,0.0
dc,5000,2,6,bh,0.01,100,recall,0.0
dc,5000,2,6,bh,0.01,100,f1,0.0
dc,5000,2,6,bh,0.05,100,precision,0.0
dc,5000,2,6,bh,0.05,100,recall,0.0
dc,5000,2,6,bh,0.05,100,f1,0.0
dc,5000,2,7,raw,-1.0,100,mae,0.04089245313979354
dc,5000,2,7,raw,0.01,100,precision,0.7166994106090373
dc,5000,2,7,raw,0.01,100,recall,0.7042471042471042
dc,5000,2,7,raw,0.01,100,f1,0.7104186952288218
dc,5000,2,7,raw,0.05,100,precision,0.8459327752092966
dc,5000,2,7,raw,0.05,100,recall,0.8479458917835672
dc,5000,2,7,raw,0.05,100,f1,0.8469381372365047
dc,5000,2,7,bh,-1.0,100,mae,0.02324128622089382
dc,5000,2,7,bh,0.01,100,precision,0.0
dc,5000,2,7,bh,0.01,100,recall,0.0
dc,5000,2,7,bh,0.01,100,f1,0.0
dc,5000,2,7,bh,0.05,100,precision,0.0
dc,5000,2,7,bh,0.05,100,recall,0.0
dc,5000,2,7,bh,0.05,100,f1,0.0
dc,5000,2,8,raw,-1.0,100,mae,0.04339036293584816
dc,5000,2,8,raw,0.01,100,precision,0.7383104125736739
dc,5000,2,8,raw,0.01,100,recall,0.7098602191159804
dc,5000,2,8,raw,0.01,100,f1,0.7238058551617874
dc,5000,2,8,raw,0.05,100,precision,0.8468074472072973
dc,5000,2,8,raw,0.05,100,recall,0.8399851264253843
dc,5000,2,8,raw,0.05,100,f1,0.8433824901997387
dc,5000,2,8,bh,-1.0,100,mae,0.023776777882482895
dc,5000,2,8,bh,0.01,100,precision,0.0
dc,5000,2,8,bh,0.01,100,recall,0.0
dc,5000,2,8,bh,0.01,100,f1,0.0
dc,5000,2,8,bh,0.05,100,precision,0.0
dc,5000,2,8,bh,0.05,100,recall,0.0
dc,5000,2,8,bh,0.05,100,f1,0.0
dc,5000,2,9,raw,-1.0,100,mae,0.038726100662044745
dc,5000,2,9,raw,0.01,100,precision,0.7512770137524558
dc,5000,2,9,raw,0.01,100,recall,0.7512770137524558
dc,5000,2,9,raw,0.01,100,f1,0.7512770137524558
dc,5000,2,9,raw,0.05,100,precision,0.8573035111833063
dc,5000,2,9,raw,0.05,100,recall,0.8649773071104387
dc,5000,2,9,raw,0.05,100,f1,0.8611233134609351
dc,5000,2,9,bh,-1.0,100,mae,0.021453828088904902
dc,5000,2,9,bh,0.01,100,precision,0.0
dc,5000,2,9,bh,0.01,100,recall,0.0
dc,5000,2,9,bh,0.01,100,f1,0.0
dc,5000,2,9,bh,0.05,100,precision,0.0
dc,5000,2,9,bh,0.05,100,recall,0.0
dc,5000,2,9,bh,0.05,100,f1,0.0
dc,5000,3,4,raw,-1.0,100,mae,0.045185950516874455
dc,5000,3,4,raw,0.01,100,precision,0.7947761194029851
dc,5000,3,4,raw,0.01,100,recall,0.7302022625985601
dc,5000,3,4,raw,0.01,100,f1,0.7611220296587458
dc,5000,3,4,raw,0.05,100,precision,0.8774943167466532
dc,5000,3,4,raw,0.05,100,recall,0.8452554744525548
dc,5000,3,4,raw,0.05,100,f1,0.8610732432767382
dc,5000,3,4,bh,-1.0,100,mae,0.025903782727038097
dc,5000,3,4,bh,0.01,100,precision,0.0
dc,5000,3,4,bh,0.01,100,recall,0.0
dc,5000,3,4,bh,0.01,100,f1,0.0
dc,5000,3,4,bh,0.05,100,precision,0.7219251336898396
dc,5000,3,4,bh,0.05,100,recall,0.4205607476635514
dc,5000,3,4,bh,0.05,100,f1,0.531496062992126
dc,5000,3,5,raw,-1.0,100,mae,0.04696024350733706
dc,5000,3,5,raw,0.01,100,precision,0.7388059701492538
dc,5000,3,5,raw,0.01,100,recall,0.7099318752240946
dc,5000,3,5,raw,0.01,100,f1,0.7240811848601206
dc,5000,3,5,raw,0.05,100,precision,0.8493306390502652
dc,5000,3,5,raw,0.05,100,recall,0.8253559155621011
dc,5000,3,5,raw,0.05,100,f1,0.8371716668741441
dc,5000,3,5,bh,-1.0,100,mae,0.027010964042736056
dc,5000,3,5,bh,0.01,100,precision,0.0
dc,5000,3,5,bh,0.01,100,recall,0.0
dc,5000,3,5,bh,0.01,100,f1,0.0
dc,5000,3,5,bh,0.05,100,precision,0.5320855614973262
dc,5000,3,5,bh,0.05,100,recall,0.4795180722891566
dc,5000,3,5,bh,0.05,100,f1,0.5044359949302915
dc,5000,3,6,raw,-1.0,100,mae,0.043063355163357915
dc,5000,3,6,raw,0.01,100,precision,0.7593283582089553
dc,5000,3,6,raw,0.01,100,recall,0.7218871940404399
dc,5000,3,6,raw,0.01,100,f1,0.7401345699218039
dc,5000,3,6,raw,0.05,100,precision,0.8648648648648649
dc,5000,3,6,raw,0.05,100,recall,0.8282535074987906
dc,5000,3,6,raw,0.05,100,f1,0.8461633510441122
dc,5000,3,6,bh,-1.0,100,mae,0.024849193518367625
dc,5000,3,6,bh,0.01,100,precision,0.0
dc,5000,3,6,bh,0.01,100,recall,0.0
dc,5000,3,6,bh,0.01,100,f1,0.0
dc,5000,3,6,bh,0.05,100,precision,0.5427807486631016
dc,5000,3,6,bh,0.05,100,recall,0.553133514986376
dc,5000,3,6,bh,0.05,100,f1,0.5479082321187584
dc,5000,3,7,raw,-1.0,100,mae,0.047038435940136444
dc,5000,3,7,raw,0.01,100,precision,0.7179104477611941
dc,5000,3,7,raw,0.01,100,recall,0.7428571428571429
dc,5000,3,7,raw,0.01,100,f1,0.7301707779886148
dc,5000,3,7,raw,0.05,100,precision,0.8413740843647386
dc,5000,3,7,raw,0.05,100,recall,0.8344188376753507
dc,5000,3,7,raw,0.05,100,f1,0.8378820274179348
dc,5000,3,7,bh,-1.0,100,mae,0.02630800183460668
dc,5000,3,7,bh,0.01,100,precision,0.0
dc,5000,3,7,bh,0.01,100,recall,0.0
dc,5000,3,7,bh,0.01,100,f1,0.0
dc,5000,3,7,bh,0.05,100,precision,0.4572192513368984
dc,5000,3,7,bh,0.05,100,recall,0.5213414634146342
dc,5000,3,7,bh,0.05,100,f1,0.48717948717948717
dc,5000,3,8,raw,-1.0,100,mae,0.04371027613301285
dc,5000,3,8,raw,0.01,100,precision,0.7253731343283583
dc,5000,3,8,raw,0.01,100,recall,0.7344163203626747
dc,5000,3,8,raw,0.01,100,f1,0.7298667167261123
dc,5000,3,8,raw,0.05,100,precision,0.8470573377115433
dc,5000,3,8,raw,0.05,100,recall,0.8313088745661874
dc,5000,3,8,raw,0.05,100,f1,0.839109220567997
dc,5000,3,8,bh,-1.0,100,mae,0.024637877503282807
dc,5000,3,8,bh,0.01,100,precision,0.0
dc,5000,3,8,bh,0.01,100,recall,0.0
dc,5000,3,8,bh,0.01,100,f1,0.0
dc,5000,3,8,bh,0.05,100,precision,0.4839572192513369
dc,5000,3,8,bh,0.05,100,recall,0.5419161676646707
dc,5000,3,8,bh,0.05,100,f1,0.5112994350282486
dc,5000,3,9,raw,-1.0,100,mae,0.04630017367123839
dc,5000,3,9,raw,0.01,100,precision,0.683955223880597
dc,5000,3,9,raw,0.01,100,recall,0.7202357563850688
dc,5000,3,9,raw,0.01,100,f1,0.7016267942583732
dc,5000,3,9,raw,0.05,100,precision,0.83771154331902
dc,5000,3,9,raw,0.05,100,recall,0.836232980332829
dc,5000,3,9,raw,0.05,100,f1,0.8369716088328075
dc,5000,3,9,bh,-1.0,100,mae,0.026243783309481145
dc,5000,3,9,bh,0.01,100,precision,0.0
dc,5000,3,9,bh,0.01,100,recall,0.0
dc,5000,3,9,bh,0.01,100,f1,0.0
dc,5000,3,9,bh,0.05,100,precision,0.38235294117647056
dc,5000,3,9,bh,0.05,100,recall,0.4525316455696203
dc,5000,3,9,bh,0.05,100,f1,0.4144927536231884
dc,5000,4,5,raw,-1.0,100,mae,0.040658291411848985
dc,5000,4,5,raw,0.01,100,precision,0.7521426122728831
dc,5000,4,5,raw,0.01,100,recall,0.7866618859806382
dc,5000,4,5,raw,0.01,100,f1,0.7690150718541886
dc,5000,4,5,raw,0.05,100,precision,0.8560827250608273
dc,5000,4,5,raw,0.05,100,recall,0.8636475208640157
dc,5000,4,5,raw,0.05,100,f1,0.8598484848484849
dc,5000,4,5,bh,-1.0,100,mae,0.02390104029080811
dc,5000,4,5,bh,0.01,100,precision,0.0
dc,5000,4,5,bh,0.01,100,recall,0.0
dc,5000,4,5,bh,0.01,100,f1,0.0
dc,5000,4,5,bh,0.05,100,precision,0.4937694704049844
dc,5000,4,5,bh,0.05,100,recall,0.763855421686747
dc,5000,4,5,bh,0.05,100,f1,0.5998107852412489
dc,5000,4,6,raw,-1.0,100,mae,0.04227714203963701
dc,5000,4,6,raw,0.01,100,precision,0.7336304422351732
dc,5000,4,6,raw,0.01,100,recall,0.7591344448385953
dc,5000,4,6,raw,0.01,100,f1,0.7461645746164575
dc,5000,4,6,raw,0.05,100,precision,0.8565693430656934
dc,5000,4,6,raw,0.05,100,recall,0.8515965166908563
dc,5000,4,6,raw,0.05,100,f1,0.854075691411936
dc,5000,4,6,bh,-1.0,100,mae,0.024991906945661953
dc,5000,4,6,bh,0.01,100,precision,0.0
dc,5000,4,6,bh,0.01,100,recall,0.0
dc,5000,4,6,bh,0.01,100,f1,0.0
dc,5000,4,6,bh,0.05,100,precision,0.411214953271028
dc,5000,4,6,bh,0.05,100,recall,0.7193460490463215
dc,5000,4,6,bh,0.05,100,f1,0.5232903865213082
dc,5000,4,7,raw,-1.0,100,mae,0.0459578794248078
dc,5000,4,7,raw,0.01,100,precision,0.6612958519026397
dc,5000,4,7,raw,0.01,100,recall,0.7447876447876448
dc,5000,4,7,raw,0.01,100,f1,0.7005629199201017
dc,5000,4,7,raw,0.05,100,precision,0.8249391727493918
dc,5000,4,7,raw,0.05,100,recall,0.8493236472945892
dc,5000,4,7,raw,0.05,100,f1,0.8369538385583807
dc,5000,4,7,bh,-1.0,100,mae,0.027778109725748488
dc,5000,4,7,bh,0.01,100,precision,0.0
dc,5000,4,7,bh,0.01,100,recall,0.0
dc,5000,4,7,bh,0.01,100,f1,0.0
dc,5000,4,7,bh,0.05,100,precision,0.3052959501557632
dc,5000,4,7,bh,0.05,100,recall,0.5975609756097561
dc,5000,4,7,bh,0.05,100,f1,0.4041237113402062
dc,5000,4,8,raw,-1.0,100,mae,0.04546696849249936
dc,5000,4,8,raw,0.01,100,precision,0.7260884470346246
dc,5000,4,8,raw,0.01,100,recall,0.8001511144692104
dc,5000,4,8,raw,0.01,100,f1,0.7613227893601725
dc,5000,4,8,raw,0.05,100,precision,0.8441605839416059
dc,5000,4,8,raw,0.05,100,recall,0.8600644521566683
dc,5000,4,8,raw,0.05,100,f1,0.8520383104125737
dc,5000,4,8,bh,-1.0,100,mae,0.025699257828483677
dc,5000,4,8,bh,0.01,100,precision,0.0
dc,5000,4,8,bh,0.01,100,recall,0.0
dc,5000,4,8,bh,0.01,100,f1,0.0
dc,5000,4,8,bh,0.05,100,precision,0.38006230529595014
dc,5000,4,8,bh,0.05,100,recall,0.7305389221556886
dc,5000,4,8,bh,0.05,100,f1,0.5
dc,5000,4,9,raw,-1.0,100,mae,0.04404692079419186
dc,5000,4,9,raw,0.01,100,precision,0.6935207404868015
dc,5000,4,9,raw,0.01,100,recall,0.7948919449901768
dc,5000,4,9,raw,0.01,100,f1,0.7407543024533138
dc,5000,4,9,raw,0.05,100,precision,0.8484184914841849
dc,5000,4,9,raw,0.05,100,recall,0.8792233988905699
dc,5000,4,9,raw,0.05,100,f1,0.8635463100544825
dc,5000,4,9,bh,-1.0,100,mae,0.02549701550291455
dc,5000,4,9,bh,0.01,100,precision,0.0
dc,5000,4,9,bh,0.01,100,recall,0.0
dc,5000,4,9,bh,0.01,100,f1,0.0
dc,5000,4,9,bh,0.05,100,precision,0.37538940809968846
dc,5000,4,9,bh,0.05,100,recall,0.7626582278481012
dc,5000,4,9,bh,0.05,100,f1,0.5031315240083507
dc,5000,5,6,raw,-1.0,100,mae,0.044000914700445995
dc,5000,5,6,raw,0.01,100,precision,0.7597705270706346
dc,5000,5,6,raw,0.01,100,recall,0.7516849946789642
dc,5000,5,6,raw,0.01,100,f1,0.7557061340941512
dc,5000,5,6,raw,0.05,100,precision,0.8603338242513501
dc,5000,5,6,raw,0.05,100,recall,0.8478471214320271
dc,5000,5,6,raw,0.05,100,f1,0.8540448343079922
dc,5000,5,6,bh,-1.0,100,mae,0.024744034282368297
dc,5000,5,6,bh,0.01,100,precision,0.0
dc,5000,5,6,bh,0.01,100,recall,0.0
dc,5000,5,6,bh,0.01,100,f1,0.0
dc,5000,5,6,bh,0.05,100,precision,0.5228915662650603
dc,5000,5,6,bh,0.05,100,recall,0.5912806539509536
dc,5000,5,6,bh,0.05,100,f1,0.5549872122762148
dc,5000,5,7,raw,-1.0,100,mae,0.04178573948476581
dc,5000,5,7,raw,0.01,100,precision,0.6991753316600933
dc,5000,5,7,raw,0.01,100,recall,0.752895752895753
dc,5000,5,7,raw,0.01,100,f1,0.7250418293363079
dc,5000,5,7,raw,0.05,100,precision,0.8334560628375062
dc,5000,5,7,raw,0.05,100,recall,0.8505761523046093
dc,5000,5,7,raw,0.05,100,f1,0.8419290850483511
dc,5000,5,7,bh,-1.0,100,mae,0.025249936786011444
dc,5000,5,7,bh,0.01,100,precision,0.0
dc,5000,5,7,bh,0.01,100,recall,0.0
dc,5000,5,7,bh,0.01,100,f1,0.0
dc,5000,5,7,bh,0.05,100,precision,0.46265060240963857
dc,5000,5,7,bh,0.05,100,recall,0.5853658536585366
dc,5000,5,7,bh,0.05,100,f1,0.5168236877523553
dc,5000,5,8,raw,-1.0,100,mae,0.03802500071305642
dc,5000,5,8,raw,0.01,100,precision,0.7325206167084977
dc,5000,5,8,raw,0.01,100,recall,0.7718171514922554
dc,5000,5,8,raw,0.01,100,f1,0.7516556291390728
dc,5000,5,8,raw,0.05,100,precision,0.8583701521845851
dc,5000,5,8,raw,0.05,100,recall,0.8668815071888945
dc,5000,5,8,raw,0.05,100,f1,0.8626048347311297
dc,5000,5,8,bh,-1.0,100,mae,0.022581218545082143
dc,5000,5,8,bh,0.01,100,precision,0.0
dc,5000,5,8,bh,0.01,100,recall,0.0
dc,5000,5,8,bh,0.01,100,f1,0.0
dc,5000,5,8,bh,0.05,100,precision,0.4795180722891566
dc,5000,5,8,bh,0.05,100,recall,0.5958083832335329
dc,5000,5,8,bh,0.05,100,f1,0.5313751668891856
dc,5000,5,9,raw,-1.0,100,mae,0.04157458351984095
dc,5000,5,9,raw,0.01,100,precision,0.730010756543564
dc,5000,5,9,raw,0.01,100,recall,0.8
dc,5000,5,9,raw,0.01,100,f1,0.7634045744281964
dc,5000,5,9,raw,0.05,100,precision,0.842292587137948
dc,5000,5,9,raw,0.05,100,recall,0.8652294503277862
dc,5000,5,9,raw,0.05,100,f1,0.8536069651741294
dc,5000,5,9,bh,-1.0,100,mae,0.023837500698533017
dc,5000,5,9,bh,0.01,100,precision,0.0
dc,5000,5,9,bh,0.01,100,recall,0.0
dc,5000,5,9,bh,0.01,100,f1,0.0
dc,5000,5,9,bh,0.05,100,precision,0.4891566265060241
dc,5000,5,9,bh,0.05,100,recall,0.6424050632911392
dc,5000,5,9,bh,0.05,100,f1,0.5554035567715458
dc,5000,6,7,raw,-1.0,100,mae,0.04337630959253482
dc,5000,6,7,raw,0.01,100,precision,0.698474636395885
dc,5000,6,7,raw,0.01,100,recall,0.7602316602316602
dc,5000,6,7,raw,0.01,100,f1,0.7280458495100758
dc,5000,6,7,raw,0.05,100,precision,0.8311562651185292
dc,5000,6,7,raw,0.05,100,recall,0.8607214428857716
dc,5000,6,7,raw,0.05,100,f1,0.8456805316268767
dc,5000,6,7,bh,-1.0,100,mae,0.025970818997843783
dc,5000,6,7,bh,0.01,100,precision,0.0
dc,5000,6,7,bh,0.01,100,recall,0.0
dc,5000,6,7,bh,0.01,100,f1,0.0
dc,5000,6,7,bh,0.05,100,precision,0.4114441416893733
dc,5000,6,7,bh,0.05,100,recall,0.4603658536585366
dc,5000,6,7,bh,0.05,100,f1,0.43453237410071943
dc,5000,6,8,raw,-1.0,100,mae,0.04221523833893078
dc,5000,6,8,raw,0.01,100,precision,0.725789286981199
dc,5000,6,8,raw,0.01,100,recall,0.7729505100113336
dc,5000,6,8,raw,0.01,100,f1,0.7486278814489572
dc,5000,6,8,raw,0.05,100,precision,0.8392597968069666
dc,5000,6,8,raw,0.05,100,recall,0.8600644521566683
dc,5000,6,8,raw,0.05,100,f1,0.8495347698334965
dc,5000,6,8,bh,-1.0,100,mae,0.024263276078897004
dc,5000,6,8,bh,0.01,100,precision,0.0
dc,5000,6,8,bh,0.01,100,recall,0.0
dc,5000,6,8,bh,0.01,100,f1,0.0
dc,5000,6,8,bh,0.05,100,precision,0.5258855585831063
dc,5000,6,8,bh,0.05,100,recall,0.5778443113772455
dc,5000,6,8,bh,0.05,100,f1,0.550641940085592
dc,5000,6,9,raw,-1.0,100,mae,0.03938644482896572
dc,5000,6,9,raw,0.01,100,precision,0.7041504079460802
dc,5000,6,9,raw,0.01,100,recall,0.7799607072691552
dc,5000,6,9,raw,0.01,100,f1,0.7401193139448173
dc,5000,6,9,raw,0.05,100,precision,0.8378084179970973
dc,5000,6,9,raw,0.05,100,recall,0.8732980332829047
dc,5000,6,9,raw,0.05,100,f1,0.8551851851851852
dc,5000,6,9,bh,-1.0,100,mae,0.02313387562177
dc,5000,6,9,bh,0.01,100,precision,0.0
dc,5000,6,9,bh,0.01,100,recall,0.0
dc,5000,6,9,bh,0.01,100,f1,0.0
dc,5000,6,9,bh,0.05,100,precision,0.49591280653950953
dc,5000,6,9,bh,0.05,100,recall,0.5759493670886076
dc,5000,6,9,bh,0.05,100,f1,0.5329428989751098
dc,5000,7,8,raw,-1.0,100,mae,0.0407586068599725
dc,5000,7,8,raw,0.01,100,precision,0.7274131274131274
dc,5000,7,8,raw,0.01,100,recall,0.7117491499811107
dc,5000,7,8,raw,0.01,100,f1,0.7194958945961428
dc,5000,7,8,raw,0.05,100,precision,0.8414328657314629
dc,5000,7,8,raw,0.05,100,recall,0.8326722855726326
dc,5000,7,8,raw,0.05,100,f1,0.8370296536257165
dc,5000,7,8,bh,-1.0,100,mae,0.02362383603890279
dc,5000,7,8,bh,0.01,100,precision,0.0
dc,5000,7,8,bh,0.01,100,recall,0.0
dc,5000,7,8,bh,0.01,100,f1,0.0
dc,5000,7,8,bh,0.05,100,precision,0.4878048780487805
dc,5000,7,8,bh,0.05,100,recall,0.47904191616766467
dc,5000,7,8,bh,0.05,100,f1,0.48338368580060426
dc,5000,7,9,raw,-1.0,100,mae,0.04362327523628515
dc,5000,7,9,raw,0.01,100,precision,0.6922779922779922
dc,5000,7,9,raw,0.01,100,recall,0.7045186640471512
dc,5000,7,9,raw,0.01,100,f1,0.6983446932814021
dc,5000,7,9,raw,0.05,100,precision,0.8344188376753507
dc,5000,7,9,raw,0.05,100,recall,0.8398890569843671
dc,5000,7,9,raw,0.05,100,f1,0.8371450113093742
dc,5000,7,9,bh,-1.0,100,mae,0.02491003510057034
dc,5000,7,9,bh,0.01,100,precision,0.0
dc,5000,7,9,bh,0.01,100,recall,0.0
dc,5000,7,9,bh,0.01,100,f1,0.0
dc,5000,7,9,bh,0.05,100,precision,0.42378048780487804
dc,5000,7,9,bh,0.05,100,recall,0.439873417721519
dc,5000,7,9,bh,0.05,100,f1,0.43167701863354035
dc,5000,8,9,raw,-1.0,100,mae,0.04150946118522937
dc,5000,8,9,raw,0.01,100,precision,0.7491499811106913
dc,5000,8,9,raw,0.01,100,recall,0.7791748526522594
dc,5000,8,9,raw,0.01,100,f1,0.7638674884437596
dc,5000,8,9,raw,0.05,100,precision,0.8539910758552305
dc,5000,8,9,raw,0.05,100,recall,0.8686333837619769
dc,5000,8,9,raw,0.05,100,f1,0.86125
dc,5000,8,9,bh,-1.0,100,mae,0.022487467441864886
dc,5000,8,9,bh,0.01,100,precision,0.0
dc,5000,8,9,bh,0.01,100,recall,0.0
dc,5000,8,9,bh,0.01,100,f1,0.0
dc,5000,8,9,bh,0.05,100,precision,0.5269461077844312
dc,5000,8,9,bh,0.05,100,recall,0.5569620253164557
dc,5000,8,9,bh,0.05,100,f1,0.5415384615384615
dc,7000,-1,0,raw,-1.0,100,mae,0.038442725160268074
dc,7000,-1,0,raw,0.01,100,precision,0.7753036437246964
dc,7000,-1,0,raw,0.01,100,recall,0.6695804195804196
dc,7000,-1,0,raw,0.01,100,f1,0.7185741088180112
dc,7000,-1,0,raw,0.05,100,precision,0.856390977443609
dc,7000,-1,0,raw,0.05,100,recall,0.8381162619573216
dc,7000,-1,0,raw,0.05,100,f1,0.8471550762365192
dc,7000,-1,0,bh,-1.0,100,mae,0.023160411002555926
dc,7000,-1,0,bh,0.01,100,precision,0.0
dc,7000,-1,0,bh,0.01,100,recall,0.0
dc,7000,-1,0,bh,0.01,100,f1,0.0
dc,7000,-1,0,bh,0.05,100,precision,0.0
dc,7000,-1,0,bh,0.05,100,recall,0.0
dc,7000,-1,0,bh,0.05,100,f1,0.0
dc,7000,-1,1,raw,-1.0,100,mae,0.04326563955128407
dc,7000,-1,1,raw,0.01,100,precision,0.7497975708502024
dc,7000,-1,1,raw,0.01,100,recall,0.7142306209024296
dc,7000,-1,1,raw,0.01,100,f1,0.7315820659687932
dc,7000,-1,1,raw,0.05,100,precision,0.8542606516290727
dc,7000,-1,1,raw,0.05,100,recall,0.8526579111944965
dc,7000,-1,1,raw,0.05,100,f1,0.8534585289514867
dc,7000,-1,1,bh,-1.0,100,mae,0.024160085165495296
dc,7000,-1,1,bh,0.01,100,precision,0.0
dc,7000,-1,1,bh,0.01,100,recall,0.0
dc,7000,-1,1,bh,0.01,100,f1,0.0
dc,7000,-1,1,bh,0.05,100,precision,0.0
dc,7000,-1,1,bh,0.05,100,recall,0.0
dc,7000,-1,1,bh,0.05,100,f1,0.0
dc,7000,-1,2,raw,-1.0,100,mae,0.042087722975090475
dc,7000,-1,2,raw,0.01,100,precision,0.7668016194331984
dc,7000,-1,2,raw,0.01,100,recall,0.6968359087564385
dc,7000,-1,2,raw,0.01,100,f1,0.7301464919043947
dc,7000,-1,2,raw,0.05,100,precision,0.8661654135338346
dc,7000,-1,2,raw,0.05,100,recall,0.84375
dc,7000,-1,2,raw,0.05,100,f1,0.8548107840712342
dc,7000,-1,2,bh,-1.0,100,mae,0.02401854681430585
dc,7000,-1,2,bh,0.01,100,precision,0.0
dc,7000,-1,2,bh,0.01,100,recall,0.0
dc,7000,-1,2,bh,0.01,100,f1,0.0
dc,7000,-1,2,bh,0.05,100,precision,0.0
dc,7000,-1,2,bh,0.05,100,recall,0.0
dc,7000,-1,2,bh,0.05,100,f1,0.0
dc,7000,-1,3,raw,-1.0,100,mae,0.039985353777538514
dc,7000,-1,3,raw,0.01,100,precision,0.7829959514170041
dc,7000,-1,3,raw,0.01,100,recall,0.7045537340619308
dc,7000,-1,3,raw,0.01,100,f1,0.7417066155321189
dc,7000,-1,3,raw,0.05,100,precision,0.8592731829573935
dc,7000,-1,3,raw,0.05,100,recall,0.8509555721022586
dc,7000,-1,3,raw,0.05,100,f1,0.8550941513904476
dc,7000,-1,3,bh,-1.0,100,mae,0.022931143535359803
dc,7000,-1,3,bh,0.01,100,precision,0.0
dc,7000,-1,3,bh,0.01,100,recall,0.0
dc,7000,-1,3,bh,0.01,100,f1,0.0
dc,7000,-1,3,bh,0.05,100,precision,0.0
dc,7000,-1,3,bh,0.05,100,recall,0.0
dc,7000,-1,3,bh,0.05,100,f1,0.0
dc,7000,-1,4,raw,-1.0,100,mae,0.03694336723293032
dc,7000,-1,4,raw,0.01,100,precision,0.7631578947368421
dc,7000,-1,4,raw,0.01,100,recall,0.7289249806651199
dc,7000,-1,4,raw,0.01,100,f1,0.7456487341772152
dc,7000,-1,4,raw,0.05,100,precision,0.8600250626566416
dc,7000,-1,4,raw,0.05,100,recall,0.8600250626566416
dc,7000,-1,4,raw,0.05,100,f1,0.8600250626566416
dc,7000,-1,4,bh,-1.0,100,mae,0.020574429739664654
dc,7000,-1,4,bh,0.01,100,precision,0.0
dc,7000,-1,4,bh,0.01,100,recall,0.0
dc,7000,-1,4,bh,0.01,100,f1,0.0
dc,7000,-1,4,bh,0.05,100,precision,0.0
dc,7000,-1,4,bh,0.05,100,recall,0.0
dc,7000,-1,4,bh,0.05,100,f1,0.0
dc,7000,-1,5,raw,-1.0,100,mae,0.04205647968211289
dc,7000,-1,5,raw,0.01,100,precision,0.7829959514170041
dc,7000,-1,5,raw,0.01,100,recall,0.6678176795580111
dc,7000,-1,5,raw,0.01,100,f1,0.7208348863212821
dc,7000,-1,5,raw,0.05,100,precision,0.8645363408521304
dc,7000,-1,5,raw,0.05,100,recall,0.828609176074946
dc,7000,-1,5,raw,0.05,100,f1,0.8461915859192936
dc,7000,-1,5,bh,-1.0,100,mae,0.02630963293834615
dc,7000,-1,5,bh,0.01,100,precision,0.0
dc,7000,-1,5,bh,0.01,100,recall,0.0
dc,7000,-1,5,bh,0.01,100,f1,0.0
dc,7000,-1,5,bh,0.05,100,precision,0.0
dc,7000,-1,5,bh,0.05,100,recall,0.0
dc,7000,-1,5,bh,0.05,100,f1,0.0
dc,7000,-1,6,raw,-1.0,100,mae,0.03871310003490662
dc,7000,-1,6,raw,0.01,100,precision,0.7526315789473684
dc,7000,-1,6,raw,0.01,100,recall,0.7253218884120172
dc,7000,-1,6,raw,0.01,100,f1,0.7387244188356845
dc,7000,-1,6,raw,0.05,100,precision,0.8547619047619047
dc,7000,-1,6,raw,0.05,100,recall,0.8517732267732268
dc,7000,-1,6,raw,0.05,100,f1,0.8532649487115337
dc,7000,-1,6,bh,-1.0,100,mae,0.022825602280878512
dc,7000,-1,6,bh,0.01,100,precision,0.0
dc,7000,-1,6,bh,0.01,100,recall,0.0
dc,7000,-1,6,bh,0.01,100,f1,0.0
dc,7000,-1,6,bh,0.05,100,precision,0.0
dc,7000,-1,6,bh,0.05,100,recall,0.0
dc,7000,-1,6,bh,0.05,100,f1,0.0
dc,7000,-1,7,raw,-1.0,100,mae,0.04377634506086931
dc,7000,-1,7,raw,0.01,100,precision,0.7230769230769231
dc,7000,-1,7,raw,0.01,100,recall,0.6895752895752896
dc,7000,-1,7,raw,0.01,100,f1,0.7059288537549407
dc,7000,-1,7,raw,0.05,100,precision,0.8394736842105263
dc,7000,-1,7,raw,0.05,100,recall,0.8406324507466433
dc,7000,-1,7,raw,0.05,100,f1,0.8400526678788639
dc,7000,-1,7,bh,-1.0,100,mae,0.024589172602509767
dc,7000,-1,7,bh,0.01,100,precision,0.0
dc,7000,-1,7,bh,0.01,100,recall,0.0
dc,7000,-1,7,bh,0.01,100,f1,0.0
dc,7000,-1,7,bh,0.05,100,precision,0.0
dc,7000,-1,7,bh,0.05,100,recall,0.0
dc,7000,-1,7,bh,0.05,100,f1,0.0
dc,7000,-1,8,raw,-1.0,100,mae,0.038897509773734594
dc,7000,-1,8,raw,0.01,100,precision,0.7246963562753036
dc,7000,-1,8,raw,0.01,100,recall,0.6868764389869532
dc,7000,-1,8,raw,0.01,100,f1,0.7052797478329393
dc,7000,-1,8,raw,0.05,100,precision,0.8412280701754385
dc,7000,-1,8,raw,0.05,100,recall,0.8498544119508799
dc,7000,-1,8,raw,0.05,100,f1,0.8455192392468039
dc,7000,-1,8,bh,-1.0,100,mae,0.02245752902978806
dc,7000,-1,8,bh,0.01,100,precision,0.0
dc,7000,-1,8,bh,0.01,100,recall,0.0
dc,7000,-1,8,bh,0.01,100,f1,0.0
dc,7000,-1,8,bh,0.05,100,precision,0.0
dc,7000,-1,8,bh,0.05,100,recall,0.0
dc,7000,-1,8,bh,0.05,100,f1,0.0
dc,7000,-1,9,raw,-1.0,100,mae,0.04072187516862293
dc,7000,-1,9,raw,0.01,100,precision,0.7623481781376519
dc,7000,-1,9,raw,0.01,100,recall,0.6912628487518355
dc,7000,-1,9,raw,0.01,100,f1,0.7250673854447439
dc,7000,-1,9,raw,0.05,100,precision,0.8631578947368421
dc,7000,-1,9,raw,0.05,100,recall,0.8424657534246576
dc,7000,-1,9,raw,0.05,100,f1,0.8526863084922011
dc,7000,-1,9,bh,-1.0,100,mae,0.023578333440390377
dc,7000,-1,9,bh,0.01,100,precision,0.0
dc,7000,-1,9,bh,0.01,100,recall,0.0
dc,7000,-1,9,bh,0.01,100,f1,0.0
dc,7000,-1,9,bh,0.05,100,precision,0.0
dc,7000,-1,9,bh,0.05,100,recall,0.0
dc,7000,-1,9,bh,0.05,100,f1,0.0
dc,7000,0,1,raw,-1.0,100,mae,0.045893667500610816
dc,7000,0,1,raw,0.01,100,precision,0.7041958041958042
dc,7000,0,1,raw,0.01,100,recall,0.7767065175472426
dc,7000,0,1,raw,0.01,100,f1,0.7386759581881533
dc,7000,0,1,raw,0.05,100,precision,0.8346823644836889
dc,7000,0,1,raw,0.05,100,recall,0.8512820512820513
dc,7000,0,1,raw,0.05,100,f1,0.8429004891943773
dc,7000,0,1,bh,-1.0,100,mae,0.02643083107964901
dc,7000,0,1,bh,0.01,100,precision,0.0
dc,7000,0,1,bh,0.01,100,recall,0.0
dc,7000,0,1,bh,0.01,100,f1,0.0
dc,7000,0,1,bh,0.05,100,precision,0.30060422960725075
dc,7000,0,1,bh,0.05,100,recall,0.7803921568627451
dc,7000,0,1,bh,0.05,100,f1,0.4340239912758997
dc,7000,0,2,raw,-1.0,100,mae,0.044052728783446224
dc,7000,0,2,raw,0.01,100,precision,0.7258741258741259
dc,7000,0,2,raw,0.01,100,recall,0.7637969094922737
dc,7000,0,2,raw,0.01,100,f1,0.7443528146288992
dc,7000,0,2,raw,0.05,100,precision,0.8557763061074319
dc,7000,0,2,raw,0.05,100,recall,0.851806640625
dc,7000,0,2,raw,0.05,100,f1,0.8537868591704393
dc,7000,0,2,bh,-1.0,100,mae,0.025072629251986698
dc,7000,0,2,bh,0.01,100,precision,0.0
dc,7000,0,2,bh,0.01,100,recall,0.0
dc,7000,0,2,bh,0.01,100,f1,0.0
dc,7000,0,2,bh,0.05,100,precision,0.4652567975830816
dc,7000,0,2,bh,0.05,100,recall,0.6844444444444444
dc,7000,0,2,bh,0.05,100,f1,0.5539568345323741
dc,7000,0,3,raw,-1.0,100,mae,0.042437512817428524
dc,7000,0,3,raw,0.01,100,precision,0.740909090909091
dc,7000,0,3,raw,0.01,100,recall,0.7719489981785064
dc,7000,0,3,raw,0.01,100,f1,0.7561106155218554
dc,7000,0,3,raw,0.05,100,precision,0.8567574196713269
dc,7000,0,3,raw,0.05,100,recall,0.8669645073219161
dc,7000,0,3,raw,0.05,100,f1,0.8618307426597582
dc,7000,0,3,bh,-1.0,100,mae,0.0237311601546934
dc,7000,0,3,bh,0.01,100,precision,0.0
dc,7000,0,3,bh,0.01,100,recall,0.0
dc,7000,0,3,bh,0.01,100,f1,0.0
dc,7000,0,3,bh,0.05,100,precision,0.4697885196374622
dc,7000,0,3,bh,0.05,100,recall,0.6506276150627615
dc,7000,0,3,bh,0.05,100,f1,0.5456140350877193
dc,7000,0,4,raw,-1.0,100,mae,0.04056733893050761
dc,7000,0,4,raw,0.01,100,precision,0.6695804195804196
dc,7000,0,4,raw,0.01,100,recall,0.7405259087393659
dc,7000,0,4,raw,0.01,100,f1,0.7032684539111275
dc,7000,0,4,raw,0.05,100,precision,0.8339465293107677
dc,7000,0,4,raw,0.05,100,recall,0.8521303258145363
dc,7000,0,4,raw,0.05,100,f1,0.8429403743646957
dc,7000,0,4,bh,-1.0,100,mae,0.024329237757325057
dc,7000,0,4,bh,0.01,100,precision,0.0
dc,7000,0,4,bh,0.01,100,recall,0.0
dc,7000,0,4,bh,0.01,100,f1,0.0
dc,7000,0,4,bh,0.05,100,precision,0.283987915407855
dc,7000,0,4,bh,0.05,100,recall,0.6596491228070176
dc,7000,0,4,bh,0.05,100,f1,0.39704329461457233
dc,7000,0,5,raw,-1.0,100,mae,0.046627893616554436
dc,7000,0,5,raw,0.01,100,precision,0.7248251748251748
dc,7000,0,5,raw,0.01,100,recall,0.7158149171270718
dc,7000,0,5,raw,0.01,100,f1,0.7202918693537178
dc,7000,0,5,raw,0.05,100,precision,0.8459651704684817
dc,7000,0,5,raw,0.05,100,recall,0.8284890703819361
dc,7000,0,5,raw,0.05,100,f1,0.837135922330097
dc,7000,0,5,bh,-1.0,100,mae,0.027492407938458228
dc,7000,0,5,bh,0.01,100,precision,0.0
dc,7000,0,5,bh,0.01,100,recall,0.0
dc,7000,0,5,bh,0.01,100,f1,0.0
dc,7000,0,5,bh,0.05,100,precision,0.5317220543806647
dc,7000,0,5,bh,0.05,100,recall,0.5168869309838473
dc,7000,0,5,bh,0.05,100,f1,0.5241995532390171
dc,7000,0,6,raw,-1.0,100,mae,0.04430457847884177
dc,7000,0,6,raw,0.01,100,precision,0.6520979020979021
dc,7000,0,6,raw,0.01,100,recall,0.7276628950448693
dc,7000,0,6,raw,0.01,100,f1,0.6878111746265905
dc,7000,0,6,raw,0.05,100,precision,0.8227863625214619
dc,7000,0,6,raw,0.05,100,recall,0.8377872127872128
dc,7000,0,6,raw,0.05,100,f1,0.8302190322979829
dc,7000,0,6,bh,-1.0,100,mae,0.028202375793907674
dc,7000,0,6,bh,0.01,100,precision,0.0
dc,7000,0,6,bh,0.01,100,recall,0.0
dc,7000,0,6,bh,0.01,100,f1,0.0
dc,7000,0,6,bh,0.05,100,precision,0.24018126888217523
dc,7000,0,6,bh,0.05,100,recall,0.6235294117647059
dc,7000,0,6,bh,0.05,100,f1,0.346782988004362
dc,7000,0,7,raw,-1.0,100,mae,0.044637678585963216
dc,7000,0,7,raw,0.01,100,precision,0.6534965034965035
dc,7000,0,7,raw,0.01,100,recall,0.7216216216216216
dc,7000,0,7,raw,0.01,100,f1,0.6858715596330275
dc,7000,0,7,raw,0.05,100,precision,0.8178807947019867
dc,7000,0,7,raw,0.05,100,recall,0.8368678629690048
dc,7000,0,7,raw,0.05,100,f1,0.8272653972585747
dc,7000,0,7,bh,-1.0,100,mae,0.027167427373694014
dc,7000,0,7,bh,0.01,100,precision,0.0
dc,7000,0,7,bh,0.01,100,recall,0.0
dc,7000,0,7,bh,0.01,100,f1,0.0
dc,7000,0,7,bh,0.05,100,precision,0.35196374622356497
dc,7000,0,7,bh,0.05,100,recall,0.541860465116279
dc,7000,0,7,bh,0.05,100,f1,0.4267399267399267
dc,7000,0,8,raw,-1.0,100,mae,0.04596589978988997
dc,7000,0,8,raw,0.01,100,precision,0.6772727272727272
dc,7000,0,8,raw,0.01,100,recall,0.7432847275518035
dc,7000,0,8,raw,0.01,100,f1,0.7087449688986461
dc,7000,0,8,raw,0.05,100,precision,0.8242580328673044
dc,7000,0,8,raw,0.05,100,recall,0.8508671983795417
dc,7000,0,8,raw,0.05,100,f1,0.837351273905189
dc,7000,0,8,bh,-1.0,100,mae,0.026624717265687006
dc,7000,0,8,bh,0.01,100,precision,0.0
dc,7000,0,8,bh,0.01,100,recall,0.0
dc,7000,0,8,bh,0.01,100,f1,0.0
dc,7000,0,8,bh,0.05,100,precision,0.39123867069486407
dc,7000,0,8,bh,0.05,100,recall,0.578125
dc,7000,0,8,bh,0.05,100,f1,0.4666666666666667
dc,7000,0,9,raw,-1.0,100,mae,0.041570294618199305
dc,7000,0,9,raw,0.01,100,precision,0.6877622377622378
dc,7000,0,9,raw,0.01,100,recall,0.7220998531571219
dc,7000,0,9,raw,0.01,100,f1,0.704512893982808
dc,7000,0,9,raw,0.05,100,precision,0.8432671081677704
dc,7000,0,9,raw,0.05,100,recall,0.8409980430528375
dc,7000,0,9,raw,0.05,100,f1,0.8421310471524801
dc,7000,0,9,bh,-1.0,100,mae,0.025014193830978745
dc,7000,0,9,bh,0.01,100,precision,0.0
dc,7000,0,9,bh,0.01,100,recall,0.0
dc,7000,0,9,bh,0.01,100,f1,0.0
dc,7000,0,9,bh,0.05,100,precision,0.2673716012084592
dc,7000,0,9,bh,0.05,100,recall,0.6232394366197183
dc,7000,0,9,bh,0.05,100,f1,0.37420718816067655
dc,7000,1,2,raw,-1.0,100,mae,0.04162328384843657
dc,7000,1,2,raw,0.01,100,precision,0.7601234091785577
dc,7000,1,2,raw,0.01,100,recall,0.7251655629139073
dc,7000,1,2,raw,0.01,100,f1,0.7422331011109019
dc,7000,1,2,raw,0.05,100,precision,0.8604127579737336
dc,7000,1,2,raw,0.05,100,recall,0.8397216796875
dc,7000,1,2,raw,0.05,100,f1,0.8499413109285229
dc,7000,1,2,bh,-1.0,100,mae,0.02413320427695762
dc,7000,1,2,bh,0.01,100,precision,0.0
dc,7000,1,2,bh,0.01,100,recall,0.0
dc,7000,1,2,bh,0.01,100,f1,0.0
dc,7000,1,2,bh,0.05,100,precision,0.6980392156862745
dc,7000,1,2,bh,0.05,100,recall,0.39555555555555555
dc,7000,1,2,bh,0.05,100,f1,0.5049645390070922
dc,7000,1,3,raw,-1.0,100,mae,0.04516223141480455
dc,7000,1,3,raw,0.01,100,precision,0.7763208638642499
dc,7000,1,3,raw,0.01,100,recall,0.7333333333333333
dc,7000,1,3,raw,0.01,100,f1,0.7542150618209067
dc,7000,1,3,raw,0.05,100,precision,0.8551594746716698
dc,7000,1,3,raw,0.05,100,recall,0.8484735666418466
dc,7000,1,3,raw,0.05,100,f1,0.8518034012334144
dc,7000,1,3,bh,-1.0,100,mae,0.025291130920060988
dc,7000,1,3,bh,0.01,100,precision,0.0
dc,7000,1,3,bh,0.01,100,recall,0.0
dc,7000,1,3,bh,0.01,100,f1,0.0
dc,7000,1,3,bh,0.05,100,precision,0.6745098039215687
dc,7000,1,3,bh,0.05,100,recall,0.3598326359832636
dc,7000,1,3,bh,0.05,100,f1,0.4693042291950887
dc,7000,1,4,raw,-1.0,100,mae,0.04533727379236471
dc,7000,1,4,raw,0.01,100,precision,0.7358272271500192
dc,7000,1,4,raw,0.01,100,recall,0.7378190255220418
dc,7000,1,4,raw,0.01,100,f1,0.7368217802664607
dc,7000,1,4,raw,0.05,100,precision,0.8549093183239524
dc,7000,1,4,raw,0.05,100,recall,0.856516290726817
dc,7000,1,4,raw,0.05,100,f1,0.8557120500782472
dc,7000,1,4,bh,-1.0,100,mae,0.024559444556378793
dc,7000,1,4,bh,0.01,100,precision,0.0
dc,7000,1,4,bh,0.01,100,recall,0.0
dc,7000,1,4,bh,0.01,100,f1,0.0
dc,7000,1,4,bh,0.05,100,precision,0.47843137254901963
dc,7000,1,4,bh,0.05,100,recall,0.4280701754385965
dc,7000,1,4,bh,0.05,100,f1,0.45185185185185184
dc,7000,1,5,raw,-1.0,100,mae,0.03894869848382758
dc,7000,1,5,raw,0.01,100,precision,0.8299267258002314
dc,7000,1,5,raw,0.01,100,recall,0.7430939226519337
dc,7000,1,5,raw,0.01,100,f1,0.7841136819092731
dc,7000,1,5,raw,0.05,100,precision,0.8880550343964978
dc,7000,1,5,raw,0.05,100,recall,0.8527504203699255
dc,7000,1,5,raw,0.05,100,f1,0.870044727651492
dc,7000,1,5,bh,-1.0,100,mae,0.022458217142894712
dc,7000,1,5,bh,0.01,100,precision,0.0
dc,7000,1,5,bh,0.01,100,recall,0.0
dc,7000,1,5,bh,0.01,100,f1,0.0
dc,7000,1,5,bh,0.05,100,precision,0.8980392156862745
dc,7000,1,5,bh,0.05,100,recall,0.33627019089574156
dc,7000,1,5,bh,0.05,100,f1,0.4893162393162393
dc,7000,1,6,raw,-1.0,100,mae,0.04610634424157444
dc,7000,1,6,raw,0.01,100,precision,0.7192441187813343
dc,7000,1,6,raw,0.01,100,recall,0.7276628950448693
dc,7000,1,6,raw,0.01,100,f1,0.7234290147401086
dc,7000,1,6,raw,0.05,100,precision,0.8449030644152595
dc,7000,1,6,raw,0.05,100,recall,0.8435314685314685
dc,7000,1,6,raw,0.05,100,f1,0.8442167093669937
dc,7000,1,6,bh,-1.0,100,mae,0.025643879909590012
dc,7000,1,6,bh,0.01,100,precision,0.0
dc,7000,1,6,bh,0.01,100,recall,0.0
dc,7000,1,6,bh,0.01,100,f1,0.0
dc,7000,1,6,bh,0.05,100,precision,0.4588235294117647
dc,7000,1,6,bh,0.05,100,recall,0.4588235294117647
dc,7000,1,6,bh,0.05,100,f1,0.4588235294117647
dc,7000,1,7,raw,-1.0,100,mae,0.04561084420221619
dc,7000,1,7,raw,0.01,100,precision,0.6984188198997301
dc,7000,1,7,raw,0.01,100,recall,0.6992277992277992
dc,7000,1,7,raw,0.01,100,f1,0.698823075438935
dc,7000,1,7,raw,0.05,100,precision,0.8366479049405878
dc,7000,1,7,raw,0.05,100,recall,0.8393775881540971
dc,7000,1,7,raw,0.05,100,f1,0.8380105236782761
dc,7000,1,7,bh,-1.0,100,mae,0.025895156032656904
dc,7000,1,7,bh,0.01,100,precision,0.0
dc,7000,1,7,bh,0.01,100,recall,0.0
dc,7000,1,7,bh,0.01,100,f1,0.0
dc,7000,1,7,bh,0.05,100,precision,0.5372549019607843
dc,7000,1,7,bh,0.05,100,recall,0.3186046511627907
dc,7000,1,7,bh,0.05,100,f1,0.4
dc,7000,1,8,raw,-1.0,100,mae,0.044615109997258304
dc,7000,1,8,raw,0.01,100,precision,0.757423833397609
dc,7000,1,8,raw,0.01,100,recall,0.7536454336147352
dc,7000,1,8,raw,0.01,100,f1,0.7555299095979996
dc,7000,1,8,raw,0.05,100,precision,0.8446529080675422
dc,7000,1,8,raw,0.05,100,recall,0.8549183440941891
dc,7000,1,8,raw,0.05,100,f1,0.849754624386561
dc,7000,1,8,bh,-1.0,100,mae,0.02481012134323783
dc,7000,1,8,bh,0.01,100,precision,0.0
dc,7000,1,8,bh,0.01,100,recall,0.0
dc,7000,1,8,bh,0.01,100,f1,0.0
dc,7000,1,8,bh,0.05,100,precision,0.6549019607843137
dc,7000,1,8,bh,0.05,100,recall,0.37276785714285715
dc,7000,1,8,bh,0.05,100,f1,0.4751066856330014
dc,7000,1,9,raw,-1.0,100,mae,0.04617146175998178
dc,7000,1,9,raw,0.01,100,precision,0.7288854608561511
dc,7000,1,9,raw,0.01,100,recall,0.6938325991189427
dc,7000,1,9,raw,0.01,100,f1,0.7109272145946962
dc,7000,1,9,raw,0.05,100,precision,0.8544090056285178
dc,7000,1,9,raw,0.05,100,recall,0.8354941291585127
dc,7000,1,9,raw,0.05,100,f1,0.8448457114587843
dc,7000,1,9,bh,-1.0,100,mae,0.0258802512893543
dc,7000,1,9,bh,0.01,100,precision,0.0
dc,7000,1,9,bh,0.01,100,recall,0.0
dc,7000,1,9,bh,0.01,100,f1,0.0
dc,7000,1,9,bh,0.05,100,precision,0.45098039215686275
dc,7000,1,9,bh,0.05,100,recall,0.40492957746478875
dc,7000,1,9,bh,0.05,100,f1,0.4267161410018553
dc,7000,2,3,raw,-1.0,100,mae,0.04206883303530101
dc,7000,2,3,raw,0.01,100,precision,0.753495217071376
dc,7000,2,3,raw,0.01,100,recall,0.7460837887067395
dc,7000,2,3,raw,0.01,100,f1,0.7497711879919459
dc,7000,2,3,raw,0.05,100,precision,0.85302734375
dc,7000,2,3,raw,0.05,100,recall,0.8672127078679573
dc,7000,2,3,raw,0.05,100,f1,0.8600615384615384
dc,7000,2,3,bh,-1.0,100,mae,0.023768926449046813
dc,7000,2,3,bh,0.01,100,precision,0.0
dc,7000,2,3,bh,0.01,100,recall,0.0
dc,7000,2,3,bh,0.01,100,f1,0.0
dc,7000,2,3,bh,0.05,100,precision,0.5755555555555556
dc,7000,2,3,bh,0.05,100,recall,0.5418410041841004
dc,7000,2,3,bh,0.05,100,f1,0.5581896551724138
dc,7000,2,4,raw,-1.0,100,mae,0.04426585177401457
dc,7000,2,4,raw,0.01,100,precision,0.7111846946284033
dc,7000,2,4,raw,0.01,100,recall,0.7474864655839134
dc,7000,2,4,raw,0.01,100,f1,0.7288838612368024
dc,7000,2,4,raw,0.05,100,precision,0.8377685546875
dc,7000,2,4,raw,0.05,100,recall,0.8600250626566416
dc,7000,2,4,raw,0.05,100,f1,0.8487509275290626
dc,7000,2,4,bh,-1.0,100,mae,0.025106590854534594
dc,7000,2,4,bh,0.01,100,precision,0.0
dc,7000,2,4,bh,0.01,100,recall,0.0
dc,7000,2,4,bh,0.01,100,f1,0.0
dc,7000,2,4,bh,0.05,100,precision,0.42
dc,7000,2,4,bh,0.05,100,recall,0.6631578947368421
dc,7000,2,4,bh,0.05,100,f1,0.5142857142857142
dc,7000,2,5,raw,-1.0,100,mae,0.04491582402437094
dc,7000,2,5,raw,0.01,100,precision,0.7457689477557027
dc,7000,2,5,raw,0.01,100,recall,0.6999309392265194
dc,7000,2,5,raw,0.01,100,f1,0.7221232632703954
dc,7000,2,5,raw,0.05,100,precision,0.8466796875
dc,7000,2,5,raw,0.05,100,recall,0.8330530867163104
dc,7000,2,5,raw,0.05,100,f1,0.8398111151471123
dc,7000,2,5,bh,-1.0,100,mae,0.026575996864707095
dc,7000,2,5,bh,0.01,100,precision,0.0
dc,7000,2,5,bh,0.01,100,recall,0.0
dc,7000,2,5,bh,0.01,100,f1,0.0
dc,7000,2,5,bh,0.05,100,precision,0.7222222222222222
dc,7000,2,5,bh,0.05,100,recall,0.47723935389133626
dc,7000,2,5,bh,0.05,100,f1,0.5747126436781609
dc,7000,2,6,raw,-1.0,100,mae,0.04420461468695263
dc,7000,2,6,raw,0.01,100,precision,0.7159676232523915
dc,7000,2,6,raw,0.01,100,recall,0.759266484588373
dc,7000,2,6,raw,0.01,100,f1,0.7369816322666162
dc,7000,2,6,raw,0.05,100,precision,0.8388671875
dc,7000,2,6,raw,0.05,100,recall,0.8581418581418582
dc,7000,2,6,raw,0.05,100,f1,0.8483950617283951
dc,7000,2,6,bh,-1.0,100,mae,0.026378570486527572
dc,7000,2,6,bh,0.01,100,precision,0.0
dc,7000,2,6,bh,0.01,100,recall,0.0
dc,7000,2,6,bh,0.01,100,f1,0.0
dc,7000,2,6,bh,0.05,100,precision,0.41333333333333333
dc,7000,2,6,bh,0.05,100,recall,0.7294117647058823
dc,7000,2,6,bh,0.05,100,f1,0.5276595744680851
dc,7000,2,7,raw,-1.0,100,mae,0.04383276459241592
dc,7000,2,7,raw,0.01,100,precision,0.7339955849889624
dc,7000,2,7,raw,0.01,100,recall,0.7702702702702703
dc,7000,2,7,raw,0.01,100,f1,0.7516955538809345
dc,7000,2,7,raw,0.05,100,precision,0.8414306640625
dc,7000,2,7,raw,0.05,100,recall,0.8649767850420379
dc,7000,2,7,raw,0.05,100,f1,0.8530412721985026
dc,7000,2,7,bh,-1.0,100,mae,0.024603064154864587
dc,7000,2,7,bh,0.01,100,precision,0.0
dc,7000,2,7,bh,0.01,100,recall,0.0
dc,7000,2,7,bh,0.01,100,f1,0.0
dc,7000,2,7,bh,0.05,100,precision,0.5955555555555555
dc,7000,2,7,bh,0.05,100,recall,0.6232558139534884
dc,7000,2,7,bh,0.05,100,f1,0.6090909090909091
dc,7000,2,8,raw,-1.0,100,mae,0.042626152226423
dc,7000,2,8,raw,0.01,100,precision,0.7056659308314938
dc,7000,2,8,raw,0.01,100,recall,0.735993860322333
dc,7000,2,8,raw,0.01,100,f1,0.7205108940646131
dc,7000,2,8,raw,0.05,100,precision,0.8291015625
dc,7000,2,8,raw,0.05,100,recall,0.8598556779339157
dc,7000,2,8,raw,0.05,100,f1,0.8441986203467777
dc,7000,2,8,bh,-1.0,100,mae,0.025005904536908232
dc,7000,2,8,bh,0.01,100,precision,0.0
dc,7000,2,8,bh,0.01,100,recall,0.0
dc,7000,2,8,bh,0.01,100,f1,0.0
dc,7000,2,8,bh,0.05,100,precision,0.5244444444444445
dc,7000,2,8,bh,0.05,100,recall,0.5267857142857143
dc,7000,2,8,bh,0.05,100,f1,0.5256124721603563
dc,7000,2,9,raw,-1.0,100,mae,0.04498671562462027
dc,7000,2,9,raw,0.01,100,precision,0.7056659308314938
dc,7000,2,9,raw,0.01,100,recall,0.7041116005873715
dc,7000,2,9,raw,0.01,100,f1,0.7048879088570379
dc,7000,2,9,raw,0.05,100,precision,0.8436279296875
dc,7000,2,9,raw,0.05,100,recall,0.8452788649706457
dc,7000,2,9,raw,0.05,100,f1,0.8444525904203324
dc,7000,2,9,bh,-1.0,100,mae,0.025967166839468356
dc,7000,2,9,bh,0.01,100,precision,0.0
dc,7000,2,9,bh,0.01,100,recall,0.0
dc,7000,2,9,bh,0.01,100,f1,0.0
dc,7000,2,9,bh,0.05,100,precision,0.41555555555555557
dc,7000,2,9,bh,0.05,100,recall,0.6584507042253521
dc,7000,2,9,bh,0.05,100,f1,0.5095367847411444
dc,7000,3,4,raw,-1.0,100,mae,0.04245207025562083
dc,7000,3,4,raw,0.01,100,precision,0.7413479052823315
dc,7000,3,4,raw,0.01,100,recall,0.7869296210363496
dc,7000,3,4,raw,0.01,100,f1,0.7634590133183268
dc,7000,3,4,raw,0.05,100,precision,0.8540580789277736
dc,7000,3,4,raw,0.05,100,recall,0.862406015037594
dc,7000,3,4,raw,0.05,100,f1,0.858211747100636
dc,7000,3,4,bh,-1.0,100,mae,0.023310305471191065
dc,7000,3,4,bh,0.01,100,precision,0.0
dc,7000,3,4,bh,0.01,100,recall,0.0
dc,7000,3,4,bh,0.01,100,f1,0.0
dc,7000,3,4,bh,0.05,100,precision,0.4100418410041841
dc,7000,3,4,bh,0.05,100,recall,0.6877192982456141
dc,7000,3,4,bh,0.05,100,f1,0.5137614678899083
dc,7000,3,5,raw,-1.0,100,mae,0.04498099392860145
dc,7000,3,5,raw,0.01,100,precision,0.7846994535519126
dc,7000,3,5,raw,0.01,100,recall,0.7437845303867403
dc,7000,3,5,raw,0.01,100,f1,0.763694380429002
dc,7000,3,5,raw,0.05,100,precision,0.8631173988582775
dc,7000,3,5,raw,0.05,100,recall,0.8353350948834974
dc,7000,3,5,raw,0.05,100,f1,0.8489990234375
dc,7000,3,5,bh,-1.0,100,mae,0.025562372843255025
dc,7000,3,5,bh,0.01,100,precision,0.0
dc,7000,3,5,bh,0.01,100,recall,0.0
dc,7000,3,5,bh,0.01,100,f1,0.0
dc,7000,3,5,bh,0.05,100,precision,0.7092050209205021
dc,7000,3,5,bh,0.05,100,recall,0.4977973568281938
dc,7000,3,5,bh,0.05,100,f1,0.5849870578084556
dc,7000,3,6,raw,-1.0,100,mae,0.044225962879999414
dc,7000,3,6,raw,0.01,100,precision,0.7071038251366121
dc,7000,3,6,raw,0.01,100,recall,0.7573156457276629
dc,7000,3,6,raw,0.01,100,f1,0.7313489073097211
dc,7000,3,6,raw,0.05,100,precision,0.8308513278729214
dc,7000,3,6,raw,0.05,100,recall,0.836038961038961
dc,7000,3,6,raw,0.05,100,f1,0.8334370720776796
dc,7000,3,6,bh,-1.0,100,mae,0.02690888693396722
dc,7000,3,6,bh,0.01,100,precision,0.0
dc,7000,3,6,bh,0.01,100,recall,0.0
dc,7000,3,6,bh,0.01,100,f1,0.0
dc,7000,3,6,bh,0.05,100,precision,0.401673640167364
dc,7000,3,6,bh,0.05,100,recall,0.7529411764705882
dc,7000,3,6,bh,0.05,100,f1,0.5238744884038199
dc,7000,3,7,raw,-1.0,100,mae,0.039372684113705564
dc,7000,3,7,raw,0.01,100,precision,0.7213114754098361
dc,7000,3,7,raw,0.01,100,recall,0.7644787644787645
dc,7000,3,7,raw,0.01,100,f1,0.7422680412371134
dc,7000,3,7,raw,0.05,100,precision,0.8515760734673616
dc,7000,3,7,raw,0.05,100,recall,0.8610867110051449
dc,7000,3,7,raw,0.05,100,f1,0.8563049853372434
dc,7000,3,7,bh,-1.0,100,mae,0.02287664582740541
dc,7000,3,7,bh,0.01,100,precision,0.0
dc,7000,3,7,bh,0.01,100,recall,0.0
dc,7000,3,7,bh,0.01,100,f1,0.0
dc,7000,3,7,bh,0.05,100,precision,0.5836820083682008
dc,7000,3,7,bh,0.05,100,recall,0.6488372093023256
dc,7000,3,7,bh,0.05,100,f1,0.6145374449339207
dc,7000,3,8,raw,-1.0,100,mae,0.0442509644991579
dc,7000,3,8,raw,0.01,100,precision,0.7282331511839708
dc,7000,3,8,raw,0.01,100,recall,0.7670759785111282
dc,7000,3,8,raw,0.01,100,f1,0.7471500654083348
dc,7000,3,8,raw,0.05,100,precision,0.8380491437081161
dc,7000,3,8,raw,0.05,100,recall,0.8549183440941891
dc,7000,3,8,raw,0.05,100,f1,0.8463996991915773
dc,7000,3,8,bh,-1.0,100,mae,0.02432409134784354
dc,7000,3,8,bh,0.01,100,precision,0.0
dc,7000,3,8,bh,0.01,100,recall,0.0
dc,7000,3,8,bh,0.01,100,f1,0.0
dc,7000,3,8,bh,0.05,100,precision,0.5753138075313807
dc,7000,3,8,bh,0.05,100,recall,0.6138392857142857
dc,7000,3,8,bh,0.05,100,f1,0.593952483801296
dc,7000,3,9,raw,-1.0,100,mae,0.039230225718152836
dc,7000,3,9,raw,0.01,100,precision,0.7384335154826958
dc,7000,3,9,raw,0.01,100,recall,0.7441262848751835
dc,7000,3,9,raw,0.01,100,f1,0.7412689705613458
dc,7000,3,9,raw,0.05,100,precision,0.8597666914867212
dc,7000,3,9,raw,0.05,100,recall,0.8473581213307241
dc,7000,3,9,raw,0.05,100,f1,0.8535173093507453
dc,7000,3,9,bh,-1.0,100,mae,0.02330554702625516
dc,7000,3,9,bh,0.01,100,precision,0.0
dc,7000,3,9,bh,0.01,100,recall,0.0
dc,7000,3,9,bh,0.01,100,f1,0.0
dc,7000,3,9,bh,0.05,100,precision,0.45188284518828453
dc,7000,3,9,bh,0.05,100,recall,0.7605633802816901
dc,7000,3,9,bh,0.05,100,f1,0.5669291338582677
dc,7000,4,5,raw,-1.0,100,mae,0.04254328367482607
dc,7000,4,5,raw,0.01,100,precision,0.7996906419180201
dc,7000,4,5,raw,0.01,100,recall,0.7140883977900553
dc,7000,4,5,raw,0.01,100,f1,0.7544691718350967
dc,7000,4,5,raw,0.05,100,precision,0.8696741854636592
dc,7000,4,5,raw,0.05,100,recall,0.8335335094883497
dc,7000,4,5,raw,0.05,100,f1,0.8512204096651539
dc,7000,4,5,bh,-1.0,100,mae,0.02520209299706525
dc,7000,4,5,bh,0.01,100,precision,0.0
dc,7000,4,5,bh,0.01,100,recall,0.0
dc,7000,4,5,bh,0.01,100,f1,0.0
dc,7000,4,5,bh,0.05,100,precision,0.7403508771929824
dc,7000,4,5,bh,0.05,100,recall,0.30983847283406757
dc,7000,4,5,bh,0.05,100,f1,0.43685300207039335
dc,7000,4,6,raw,-1.0,100,mae,0.04348853734841151
dc,7000,4,6,raw,0.01,100,precision,0.7443928847641145
dc,7000,4,6,raw,0.01,100,recall,0.7510729613733905
dc,7000,4,6,raw,0.01,100,f1,0.7477180034958244
dc,7000,4,6,raw,0.05,100,precision,0.8530075187969924
dc,7000,4,6,raw,0.05,100,recall,0.850024975024975
dc,7000,4,6,raw,0.05,100,f1,0.8515136352264198
dc,7000,4,6,bh,-1.0,100,mae,0.02438067375539268
dc,7000,4,6,bh,0.01,100,precision,0.0
dc,7000,4,6,bh,0.01,100,recall,0.0
dc,7000,4,6,bh,0.01,100,f1,0.0
dc,7000,4,6,bh,0.05,100,precision,0.49473684210526314
dc,7000,4,6,bh,0.05,100,recall,0.5529411764705883
dc,7000,4,6,bh,0.05,100,f1,0.5222222222222223
dc,7000,4,7,raw,-1.0,100,mae,0.04160920952394677
dc,7000,4,7,raw,0.01,100,precision,0.7320185614849188
dc,7000,4,7,raw,0.01,100,recall,0.7308880308880309
dc,7000,4,7,raw,0.01,100,f1,0.73145285935085
dc,7000,4,7,raw,0.05,100,precision,0.8506265664160401
dc,7000,4,7,raw,0.05,100,recall,0.8518007278203037
dc,7000,4,7,raw,0.05,100,f1,0.8512132422095429
dc,7000,4,7,bh,-1.0,100,mae,0.023118687524206757
dc,7000,4,7,bh,0.01,100,precision,0.0
dc,7000,4,7,bh,0.01,100,recall,0.0
dc,7000,4,7,bh,0.01,100,f1,0.0
dc,7000,4,7,bh,0.05,100,precision,0.6771929824561403
dc,7000,4,7,bh,0.05,100,recall,0.44883720930232557
dc,7000,4,7,bh,0.05,100,f1,0.5398601398601398
dc,7000,4,8,raw,-1.0,100,mae,0.03993084535842952
dc,7000,4,8,raw,0.01,100,precision,0.7498066511987626
dc,7000,4,8,raw,0.01,100,recall,0.7440521872601689
dc,7000,4,8,raw,0.01,100,f1,0.7469183359013868
dc,7000,4,8,raw,0.05,100,precision,0.8520050125313283
dc,7000,4,8,raw,0.05,100,recall,0.8607418660589948
dc,7000,4,8,raw,0.05,100,f1,0.8563511556143334
dc,7000,4,8,bh,-1.0,100,mae,0.02167685730301665
dc,7000,4,8,bh,0.01,100,precision,0.0
dc,7000,4,8,bh,0.01,100,recall,0.0
dc,7000,4,8,bh,0.01,100,f1,0.0
dc,7000,4,8,bh,0.05,100,precision,0.624561403508772
dc,7000,4,8,bh,0.05,100,recall,0.39732142857142855
dc,7000,4,8,bh,0.05,100,f1,0.48567530695770805
dc,7000,4,9,raw,-1.0,100,mae,0.0405768362862255
dc,7000,4,9,raw,0.01,100,precision,0.742846094354215
dc,7000,4,9,raw,0.01,100,recall,0.7052129221732746
dc,7000,4,9,raw,0.01,100,f1,0.7235404896421845
dc,7000,4,9,raw,0.05,100,precision,0.8631578947368421
dc,7000,4,9,raw,0.05,100,recall,0.8424657534246576
dc,7000,4,9,raw,0.05,100,f1,0.8526863084922011
dc,7000,4,9,bh,-1.0,100,mae,0.023633142150006024
dc,7000,4,9,bh,0.01,100,precision,0.0
dc,7000,4,9,bh,0.01,100,recall,0.0
dc,7000,4,9,bh,0.01,100,f1,0.0
dc,7000,4,9,bh,0.05,100,precision,0.5228070175438596
dc,7000,4,9,bh,0.05,100,recall,0.5246478873239436
dc,7000,4,9,bh,0.05,100,f1,0.523725834797891
dc,7000,5,6,raw,-1.0,100,mae,0.045143021339429094
dc,7000,5,6,raw,0.01,100,precision,0.7089088397790055
dc,7000,5,6,raw,0.01,100,recall,0.8010144362075693
dc,7000,5,6,raw,0.01,100,f1,0.7521524088660927
dc,7000,5,6,raw,0.05,100,precision,0.8322123468652414
dc,7000,5,6,raw,0.05,100,recall,0.8652597402597403
dc,7000,5,6,raw,0.05,100,f1,0.8484143504346762
dc,7000,5,6,bh,-1.0,100,mae,0.026732643516234757
dc,7000,5,6,bh,0.01,100,precision,0.0
dc,7000,5,6,bh,0.01,100,recall,0.0
dc,7000,5,6,bh,0.01,100,f1,0.0
dc,7000,5,6,bh,0.05,100,precision,0.3201174743024963
dc,7000,5,6,bh,0.05,100,recall,0.8549019607843137
dc,7000,5,6,bh,0.05,100,f1,0.4658119658119658
dc,7000,5,7,raw,-1.0,100,mae,0.04617043926632227
dc,7000,5,7,raw,0.01,100,precision,0.6647099447513812
dc,7000,5,7,raw,0.01,100,recall,0.7432432432432432
dc,7000,5,7,raw,0.01,100,f1,0.7017863652934743
dc,7000,5,7,raw,0.05,100,precision,0.8104732164304588
dc,7000,5,7,raw,0.05,100,recall,0.8467812774501192
dc,7000,5,7,raw,0.05,100,f1,0.8282295182571341
dc,7000,5,7,bh,-1.0,100,mae,0.027799772587863026
dc,7000,5,7,bh,0.01,100,precision,0.0
dc,7000,5,7,bh,0.01,100,recall,0.0
dc,7000,5,7,bh,0.01,100,f1,0.0
dc,7000,5,7,bh,0.05,100,precision,0.42731277533039647
dc,7000,5,7,bh,0.05,100,recall,0.6767441860465117
dc,7000,5,7,bh,0.05,100,f1,0.5238523852385238
dc,7000,5,8,raw,-1.0,100,mae,0.041740554364126235
dc,7000,5,8,raw,0.01,100,precision,0.7310082872928176
dc,7000,5,8,raw,0.01,100,recall,0.8123561013046815
dc,7000,5,8,raw,0.01,100,f1,0.7695383496910214
dc,7000,5,8,raw,0.05,100,precision,0.831011289935143
dc,7000,5,8,raw,0.05,100,recall,0.8759336624889227
dc,7000,5,8,raw,0.05,100,f1,0.8528813559322034
dc,7000,5,8,bh,-1.0,100,mae,0.024785117388086905
dc,7000,5,8,bh,0.01,100,precision,0.0
dc,7000,5,8,bh,0.01,100,recall,0.0
dc,7000,5,8,bh,0.01,100,f1,0.0
dc,7000,5,8,bh,0.05,100,precision,0.5124816446402349
dc,7000,5,8,bh,0.05,100,recall,0.7790178571428571
dc,7000,5,8,bh,0.05,100,f1,0.6182462356067316
dc,7000,5,9,raw,-1.0,100,mae,0.0470451777414989
dc,7000,5,9,raw,0.01,100,precision,0.6767955801104972
dc,7000,5,9,raw,0.01,100,recall,0.7195301027900147
dc,7000,5,9,raw,0.01,100,f1,0.697508896797153
dc,7000,5,9,raw,0.05,100,precision,0.8135959644487148
dc,7000,5,9,raw,0.05,100,recall,0.8285225048923679
dc,7000,5,9,raw,0.05,100,f1,0.8209913949824263
dc,7000,5,9,bh,-1.0,100,mae,0.027814107090318254
dc,7000,5,9,bh,0.01,100,precision,0.0
dc,7000,5,9,bh,0.01,100,recall,0.0
dc,7000,5,9,bh,0.01,100,f1,0.0
dc,7000,5,9,bh,0.05,100,precision,0.3333333333333333
dc,7000,5,9,bh,0.05,100,recall,0.7992957746478874
dc,7000,5,9,bh,0.05,100,f1,0.47046632124352333
dc,7000,6,7,raw,-1.0,100,mae,0.048229046899376356
dc,7000,6,7,raw,0.01,100,precision,0.7163480296527507
dc,7000,6,7,raw,0.01,100,recall,0.7088803088803088
dc,7000,6,7,raw,0.01,100,f1,0.7125946050844169
dc,7000,6,7,raw,0.05,100,precision,0.8281718281718282
dc,7000,6,7,raw,0.05,100,recall,0.8322248713765843
dc,7000,6,7,raw,0.05,100,f1,0.8301934030168368
dc,7000,6,7,bh,-1.0,100,mae,0.02663529835369806
dc,7000,6,7,bh,0.01,100,precision,0.0
dc,7000,6,7,bh,0.01,100,recall,0.0
dc,7000,6,7,bh,0.01,100,f1,0.0
dc,7000,6,7,bh,0.05,100,precision,0.7372549019607844
dc,7000,6,7,bh,0.05,100,recall,0.4372093023255814
dc,7000,6,7,bh,0.05,100,f1,0.5489051094890511
dc,7000,6,8,raw,-1.0,100,mae,0.04294471817794021
dc,7000,6,8,raw,0.01,100,precision,0.7393679282091299
dc,7000,6,8,raw,0.01,100,recall,0.727168073676132
dc,7000,6,8,raw,0.01,100,f1,0.7332172567227704
dc,7000,6,8,raw,0.05,100,precision,0.8359140859140859
dc,7000,6,8,raw,0.05,100,recall,0.847449044182808
dc,7000,6,8,raw,0.05,100,f1,0.8416420443829761
dc,7000,6,8,bh,-1.0,100,mae,0.024854245731256348
dc,7000,6,8,bh,0.01,100,precision,0.0
dc,7000,6,8,bh,0.01,100,recall,0.0
dc,7000,6,8,bh,0.01,100,f1,0.0
dc,7000,6,8,bh,0.05,100,precision,0.7215686274509804
dc,7000,6,8,bh,0.05,100,recall,0.4107142857142857
dc,7000,6,8,bh,0.05,100,f1,0.5234708392603129
dc,7000,6,9,raw,-1.0,100,mae,0.0455672184528154
dc,7000,6,9,raw,0.01,100,precision,0.7483417869683964
dc,7000,6,9,raw,0.01,100,recall,0.7041116005873715
dc,7000,6,9,raw,0.01,100,f1,0.7255532438055609
dc,7000,6,9,raw,0.05,100,precision,0.8449050949050949
dc,7000,6,9,raw,0.05,100,recall,0.8275440313111546
dc,7000,6,9,raw,0.05,100,f1,0.8361344537815126
dc,7000,6,9,bh,-1.0,100,mae,0.02604333671435884
dc,7000,6,9,bh,0.01,100,precision,0.0
dc,7000,6,9,bh,0.01,100,recall,0.0
dc,7000,6,9,bh,0.01,100,f1,0.0
dc,7000,6,9,bh,0.05,100,precision,0.6627450980392157
dc,7000,6,9,bh,0.05,100,recall,0.5950704225352113
dc,7000,6,9,bh,0.05,100,f1,0.62708719851577
dc,7000,7,8,raw,-1.0,100,mae,0.042331326753877026
dc,7000,7,8,raw,0.01,100,precision,0.6864864864864865
dc,7000,7,8,raw,0.01,100,recall,0.6822716807367614
dc,7000,7,8,raw,0.01,100,f1,0.6843725943033102
dc,7000,7,8,raw,0.05,100,precision,0.8273309072656544
dc,7000,7,8,raw,0.05,100,recall,0.834662615520952
dc,7000,7,8,raw,0.05,100,f1,0.8309805898663978
dc,7000,7,8,bh,-1.0,100,mae,0.024936665342940954
dc,7000,7,8,bh,0.01,100,precision,0.0
dc,7000,7,8,bh,0.01,100,recall,0.0
dc,7000,7,8,bh,0.01,100,f1,0.0
dc,7000,7,8,bh,0.05,100,precision,0.5302325581395348
dc,7000,7,8,bh,0.05,100,recall,0.5089285714285714
dc,7000,7,8,bh,0.05,100,f1,0.5193621867881549
dc,7000,7,9,raw,-1.0,100,mae,0.04292585540117016
dc,7000,7,9,raw,0.01,100,precision,0.7262548262548263
dc,7000,7,9,raw,0.01,100,recall,0.6905286343612335
dc,7000,7,9,raw,0.01,100,f1,0.7079412871659767
dc,7000,7,9,raw,0.05,100,precision,0.8460283598945916
dc,7000,7,9,raw,0.05,100,recall,0.8246086105675147
dc,7000,7,9,raw,0.05,100,f1,0.8351811706410653
dc,7000,7,9,bh,-1.0,100,mae,0.025041729678850433
dc,7000,7,9,bh,0.01,100,precision,0.0
dc,7000,7,9,bh,0.01,100,recall,0.0
dc,7000,7,9,bh,0.01,100,f1,0.0
dc,7000,7,9,bh,0.05,100,precision,0.4906976744186046
dc,7000,7,9,bh,0.05,100,recall,0.7429577464788732
dc,7000,7,9,bh,0.05,100,f1,0.5910364145658263
dc,7000,8,9,raw,-1.0,100,mae,0.03973387466333645
dc,7000,8,9,raw,0.01,100,precision,0.7386799693016116
dc,7000,8,9,raw,0.01,100,recall,0.7066813509544787
dc,7000,8,9,raw,0.01,100,f1,0.7223264540337712
dc,7000,8,9,raw,0.05,100,precision,0.863020635523484
dc,7000,8,9,raw,0.05,100,recall,0.8337818003913894
dc,7000,8,9,raw,0.05,100,f1,0.848149300155521
dc,7000,8,9,bh,-1.0,100,mae,0.023410655349467253
dc,7000,8,9,bh,0.01,100,precision,0.0
dc,7000,8,9,bh,0.01,100,recall,0.0
dc,7000,8,9,bh,0.01,100,f1,0.0
dc,7000,8,9,bh,0.05,100,precision,0.45089285714285715
dc,7000,8,9,bh,0.05,100,recall,0.7112676056338029
dc,7000,8,9,bh,0.05,100,f1,0.5519125683060109
dc,10000,-1,0,raw,-1.0,100,mae,0.04423560007519534
dc,10000,-1,0,raw,0.01,100,precision,0.6439285714285714
dc,10000,-1,0,raw,0.01,100,recall,0.7738197424892704
dc,10000,-1,0,raw,0.01,100,f1,0.7029239766081872
dc,10000,-1,0,raw,0.05,100,precision,0.8160522746886943
dc,10000,-1,0,raw,0.05,100,recall,0.8475032010243277
dc,10000,-1,0,raw,0.05,100,f1,0.8314804346460649
dc,10000,-1,0,bh,-1.0,100,mae,0.025845271033441298
dc,10000,-1,0,bh,0.01,100,precision,0.0
dc,10000,-1,0,bh,0.01,100,recall,0.0
dc,10000,-1,0,bh,0.01,100,f1,0.0
dc,10000,-1,0,bh,0.05,100,precision,0.28859060402684567
dc,10000,-1,0,bh,0.05,100,recall,0.7087912087912088
dc,10000,-1,0,bh,0.05,100,f1,0.41017488076311603
dc,10000,-1,1,raw,-1.0,100,mae,0.04495487641363413
dc,10000,-1,1,raw,0.01,100,precision,0.745
dc,10000,-1,1,raw,0.01,100,recall,0.819324430479183
dc,10000,-1,1,raw,0.01,100,f1,0.780396558174336
dc,10000,-1,1,raw,0.05,100,precision,0.8541486869683146
dc,10000,-1,1,raw,0.05,100,recall,0.87885322846632
dc,10000,-1,1,raw,0.05,100,f1,0.8663248718269351
dc,10000,-1,1,bh,-1.0,100,mae,0.023870315946226326
dc,10000,-1,1,bh,0.01,100,precision,0.0
dc,10000,-1,1,bh,0.01,100,recall,0.0
dc,10000,-1,1,bh,0.01,100,f1,0.0
dc,10000,-1,1,bh,0.05,100,precision,0.5391498881431768
dc,10000,-1,1,bh,0.05,100,recall,0.7927631578947368
dc,10000,-1,1,bh,0.05,100,f1,0.6418109187749668
dc,10000,-1,2,raw,-1.0,100,mae,0.04328465399836631
dc,10000,-1,2,raw,0.01,100,precision,0.7614285714285715
dc,10000,-1,2,raw,0.01,100,recall,0.7493848857644991
dc,10000,-1,2,raw,0.01,100,f1,0.7553587245349868
dc,10000,-1,2,raw,0.05,100,precision,0.8550117124892122
dc,10000,-1,2,raw,0.05,100,recall,0.8496691987258025
dc,10000,-1,2,raw,0.05,100,f1,0.8523320838198243
dc,10000,-1,2,bh,-1.0,100,mae,0.024557700610941396
dc,10000,-1,2,bh,0.01,100,precision,0.0
dc,10000,-1,2,bh,0.01,100,recall,0.0
dc,10000,-1,2,bh,0.01,100,f1,0.0
dc,10000,-1,2,bh,0.05,100,precision,0.7293064876957495
dc,10000,-1,2,bh,0.05,100,recall,0.49544072948328266
dc,10000,-1,2,bh,0.05,100,f1,0.5900452488687783
dc,10000,-1,3,raw,-1.0,100,mae,0.04375382155070193
dc,10000,-1,3,raw,0.01,100,precision,0.6928571428571428
dc,10000,-1,3,raw,0.01,100,recall,0.7813129279097866
dc,10000,-1,3,raw,0.01,100,f1,0.7344311943971229
dc,10000,-1,3,raw,0.05,100,precision,0.8320798915053631
dc,10000,-1,3,raw,0.05,100,recall,0.8563634056591803
dc,10000,-1,3,raw,0.05,100,f1,0.8440470235117559
dc,10000,-1,3,bh,-1.0,100,mae,0.024522608039005685
dc,10000,-1,3,bh,0.01,100,precision,0.0
dc,10000,-1,3,bh,0.01,100,recall,0.0
dc,10000,-1,3,bh,0.01,100,f1,0.0
dc,10000,-1,3,bh,0.05,100,precision,0.3288590604026846
dc,10000,-1,3,bh,0.05,100,recall,0.7424242424242424
dc,10000,-1,3,bh,0.05,100,f1,0.4558139534883721
dc,10000,-1,4,raw,-1.0,100,mae,0.03865651821647322
dc,10000,-1,4,raw,0.01,100,precision,0.74
dc,10000,-1,4,raw,0.01,100,recall,0.7884322678843226
dc,10000,-1,4,raw,0.01,100,f1,0.763448784082535
dc,10000,-1,4,raw,0.05,100,precision,0.8684502527431882
dc,10000,-1,4,raw,0.05,100,recall,0.8701667696108709
dc,10000,-1,4,raw,0.05,100,f1,0.8693076638282118
dc,10000,-1,4,bh,-1.0,100,mae,0.02200173900135154
dc,10000,-1,4,bh,0.01,100,precision,0.0
dc,10000,-1,4,bh,0.01,100,recall,0.0
dc,10000,-1,4,bh,0.01,100,f1,0.0
dc,10000,-1,4,bh,0.05,100,precision,0.5727069351230425
dc,10000,-1,4,bh,0.05,100,recall,0.5752808988764045
dc,10000,-1,4,bh,0.05,100,f1,0.5739910313901345
dc,10000,-1,5,raw,-1.0,100,mae,0.04436495184206569
dc,10000,-1,5,raw,0.01,100,precision,0.7114285714285714
dc,10000,-1,5,raw,0.01,100,recall,0.7793427230046949
dc,10000,-1,5,raw,0.01,100,f1,0.7438386855862584
dc,10000,-1,5,raw,0.05,100,precision,0.8429293551966466
dc,10000,-1,5,raw,0.05,100,recall,0.8591354611711486
dc,10000,-1,5,raw,0.05,100,f1,0.8509552554608252
dc,10000,-1,5,bh,-1.0,100,mae,0.024306012204895
dc,10000,-1,5,bh,0.01,100,precision,0.0
dc,10000,-1,5,bh,0.01,100,recall,0.0
dc,10000,-1,5,bh,0.01,100,f1,0.0
dc,10000,-1,5,bh,0.05,100,precision,0.5011185682326622
dc,10000,-1,5,bh,0.05,100,recall,0.676737160120846
dc,10000,-1,5,bh,0.05,100,f1,0.5758354755784062
dc,10000,-1,6,raw,-1.0,100,mae,0.04607806242834335
dc,10000,-1,6,raw,0.01,100,precision,0.7164285714285714
dc,10000,-1,6,raw,0.01,100,recall,0.7618685909608811
dc,10000,-1,6,raw,0.01,100,f1,0.7384502116694276
dc,10000,-1,6,raw,0.05,100,precision,0.8399704105535692
dc,10000,-1,6,raw,0.05,100,recall,0.8364640883977901
dc,10000,-1,6,raw,0.05,100,f1,0.8382135826771654
dc,10000,-1,6,bh,-1.0,100,mae,0.025662343070754014
dc,10000,-1,6,bh,0.01,100,precision,0.0
dc,10000,-1,6,bh,0.01,100,recall,0.0
dc,10000,-1,6,bh,0.01,100,f1,0.0
dc,10000,-1,6,bh,0.05,100,precision,0.46308724832214765
dc,10000,-1,6,bh,0.05,100,recall,0.5897435897435898
dc,10000,-1,6,bh,0.05,100,f1,0.518796992481203
dc,10000,-1,7,raw,-1.0,100,mae,0.0412320698953346
dc,10000,-1,7,raw,0.01,100,precision,0.7521428571428571
dc,10000,-1,7,raw,0.01,100,recall,0.7379117028731604
dc,10000,-1,7,raw,0.01,100,f1,0.7449593208348072
dc,10000,-1,7,raw,0.05,100,precision,0.8446554062384416
dc,10000,-1,7,raw,0.05,100,recall,0.8341653476196275
dc,10000,-1,7,raw,0.05,100,f1,0.839377603528547
dc,10000,-1,7,bh,-1.0,100,mae,0.024515765434063187
dc,10000,-1,7,bh,0.01,100,precision,0.0
dc,10000,-1,7,bh,0.01,100,recall,0.0
dc,10000,-1,7,bh,0.01,100,f1,0.0
dc,10000,-1,7,bh,0.05,100,precision,0.6823266219239373
dc,10000,-1,7,bh,0.05,100,recall,0.4077540106951872
dc,10000,-1,7,bh,0.05,100,f1,0.5104602510460251
dc,10000,-1,8,raw,-1.0,100,mae,0.039819704849493584
dc,10000,-1,8,raw,0.01,100,precision,0.7767857142857143
dc,10000,-1,8,raw,0.01,100,recall,0.7658450704225352
dc,10000,-1,8,raw,0.01,100,f1,0.7712765957446809
dc,10000,-1,8,raw,0.05,100,precision,0.8657378868203675
dc,10000,-1,8,raw,0.05,100,recall,0.8600122473974281
dc,10000,-1,8,raw,0.05,100,f1,0.8628655689358565
dc,10000,-1,8,bh,-1.0,100,mae,0.02290734355499298
dc,10000,-1,8,bh,0.01,100,precision,0.0
dc,10000,-1,8,bh,0.01,100,recall,0.0
dc,10000,-1,8,bh,0.01,100,f1,0.0
dc,10000,-1,8,bh,0.05,100,precision,0.6554809843400448
dc,10000,-1,8,bh,0.05,100,recall,0.4592476489028213
dc,10000,-1,8,bh,0.05,100,f1,0.5400921658986175
dc,10000,-1,9,raw,-1.0,100,mae,0.04377693827080162
dc,10000,-1,9,raw,0.01,100,precision,0.7289285714285715
dc,10000,-1,9,raw,0.01,100,recall,0.7707703927492447
dc,10000,-1,9,raw,0.01,100,f1,0.7492657856093979
dc,10000,-1,9,raw,0.05,100,precision,0.8362717297497226
dc,10000,-1,9,raw,0.05,100,recall,0.854389721627409
dc,10000,-1,9,raw,0.05,100,f1,0.8452336448598131
dc,10000,-1,9,bh,-1.0,100,mae,0.02432755854773537
dc,10000,-1,9,bh,0.01,100,precision,0.0
dc,10000,-1,9,bh,0.01,100,recall,0.0
dc,10000,-1,9,bh,0.01,100,f1,0.0
dc,10000,-1,9,bh,0.05,100,precision,0.5592841163310962
dc,10000,-1,9,bh,0.05,100,recall,0.7062146892655368
dc,10000,-1,9,bh,0.05,100,f1,0.6242197253433208
dc,10000,0,1,raw,-1.0,100,mae,0.04234715147591721
dc,10000,0,1,raw,0.01,100,precision,0.776824034334764
dc,10000,0,1,raw,0.01,100,recall,0.7109190887666929
dc,10000,0,1,raw,0.01,100,f1,0.7424118129614438
dc,10000,0,1,raw,0.05,100,precision,0.8541613316261204
dc,10000,0,1,raw,0.05,100,recall,0.8462514271216542
dc,10000,0,1,raw,0.05,100,f1,0.8501879819027592
dc,10000,0,1,bh,-1.0,100,mae,0.022895676917303973
dc,10000,0,1,bh,0.01,100,precision,0.0
dc,10000,0,1,bh,0.01,100,recall,0.0
dc,10000,0,1,bh,0.01,100,f1,0.0
dc,10000,0,1,bh,0.05,100,precision,0.6758241758241759
dc,10000,0,1,bh,0.05,100,recall,0.40460526315789475
dc,10000,0,1,bh,0.05,100,f1,0.5061728395061729
dc,10000,0,2,raw,-1.0,100,mae,0.046503247093076856
dc,10000,0,2,raw,0.01,100,precision,0.7879828326180257
dc,10000,0,2,raw,0.01,100,recall,0.6453427065026363
dc,10000,0,2,raw,0.01,100,f1,0.7095652173913043
dc,10000,0,2,raw,0.05,100,precision,0.8503201024327784
dc,10000,0,2,raw,0.05,100,recall,0.813648615535408
dc,10000,0,2,raw,0.05,100,f1,0.831580265464563
dc,10000,0,2,bh,-1.0,100,mae,0.027345363239338207
dc,10000,0,2,bh,0.01,100,precision,0.0
dc,10000,0,2,bh,0.01,100,recall,0.0
dc,10000,0,2,bh,0.01,100,f1,0.0
dc,10000,0,2,bh,0.05,100,precision,0.8351648351648352
dc,10000,0,2,bh,0.05,100,recall,0.23100303951367782
dc,10000,0,2,bh,0.05,100,f1,0.3619047619047619
dc,10000,0,3,raw,-1.0,100,mae,0.0441811807083191
dc,10000,0,3,raw,0.01,100,precision,0.7755364806866952
dc,10000,0,3,raw,0.01,100,recall,0.7277486910994765
dc,10000,0,3,raw,0.01,100,f1,0.7508830251402452
dc,10000,0,3,raw,0.05,100,precision,0.8518565941101153
dc,10000,0,3,raw,0.05,100,recall,0.8441822103793934
dc,10000,0,3,raw,0.05,100,f1,0.8480020393856351
dc,10000,0,3,bh,-1.0,100,mae,0.022768377409290965
dc,10000,0,3,bh,0.01,100,precision,0.0
dc,10000,0,3,bh,0.01,100,recall,0.0
dc,10000,0,3,bh,0.01,100,f1,0.0
dc,10000,0,3,bh,0.05,100,precision,0.5604395604395604
dc,10000,0,3,bh,0.05,100,recall,0.5151515151515151
dc,10000,0,3,bh,0.05,100,f1,0.5368421052631579
dc,10000,0,4,raw,-1.0,100,mae,0.042266161463018044
dc,10000,0,4,raw,0.01,100,precision,0.7888412017167382
dc,10000,0,4,raw,0.01,100,recall,0.6993911719939118
dc,10000,0,4,raw,0.01,100,f1,0.7414279951593384
dc,10000,0,4,raw,0.05,100,precision,0.8658130601792574
dc,10000,0,4,raw,0.05,100,recall,0.8353304508956145
dc,10000,0,4,raw,0.05,100,f1,0.850298648223829
dc,10000,0,4,bh,-1.0,100,mae,0.024128535815076218
dc,10000,0,4,bh,0.01,100,precision,0.0
dc,10000,0,4,bh,0.01,100,recall,0.0
dc,10000,0,4,bh,0.01,100,f1,0.0
dc,10000,0,4,bh,0.05,100,precision,0.7967032967032966
dc,10000,0,4,bh,0.05,100,recall,0.3258426966292135
dc,10000,0,4,bh,0.05,100,f1,0.4625199362041467
dc,10000,0,5,raw,-1.0,100,mae,0.041687097131985276
dc,10000,0,5,raw,0.01,100,precision,0.7686695278969957
dc,10000,0,5,raw,0.01,100,recall,0.7007042253521126
dc,10000,0,5,raw,0.01,100,f1,0.7331150225133033
dc,10000,0,5,raw,0.05,100,precision,0.8492957746478873
dc,10000,0,5,raw,0.05,100,recall,0.8335008796179945
dc,10000,0,5,raw,0.05,100,f1,0.841324200913242
dc,10000,0,5,bh,-1.0,100,mae,0.022751203235901296
dc,10000,0,5,bh,0.01,100,precision,0.0
dc,10000,0,5,bh,0.01,100,recall,0.0
dc,10000,0,5,bh,0.01,100,f1,0.0
dc,10000,0,5,bh,0.05,100,precision,0.6868131868131868
dc,10000,0,5,bh,0.05,100,recall,0.3776435045317221
dc,10000,0,5,bh,0.05,100,f1,0.4873294346978557
dc,10000,0,6,raw,-1.0,100,mae,0.04273716803057195
dc,10000,0,6,raw,0.01,100,precision,0.7746781115879828
dc,10000,0,6,raw,0.01,100,recall,0.6855298139004937
dc,10000,0,6,raw,0.01,100,f1,0.7273826314728995
dc,10000,0,6,raw,0.05,100,precision,0.8549295774647887
dc,10000,0,6,raw,0.05,100,recall,0.8197667280540208
dc,10000,0,6,raw,0.05,100,f1,0.8369790034471952
dc,10000,0,6,bh,-1.0,100,mae,0.024022091691555596
dc,10000,0,6,bh,0.01,100,precision,0.0
dc,10000,0,6,bh,0.01,100,recall,0.0
dc,10000,0,6,bh,0.01,100,f1,0.0
dc,10000,0,6,bh,0.05,100,precision,0.7307692307692307
dc,10000,0,6,bh,0.05,100,recall,0.3789173789173789
dc,10000,0,6,bh,0.05,100,f1,0.49906191369606
dc,10000,0,7,raw,-1.0,100,mae,0.04411649735473349
dc,10000,0,7,raw,0.01,100,precision,0.7763948497854077
dc,10000,0,7,raw,0.01,100,recall,0.6338472319551507
dc,10000,0,7,raw,0.01,100,f1,0.6979166666666666
dc,10000,0,7,raw,0.05,100,precision,0.8492957746478873
dc,10000,0,7,raw,0.05,100,recall,0.8076220625837087
dc,10000,0,7,raw,0.05,100,f1,0.8279348436622356
dc,10000,0,7,bh,-1.0,100,mae,0.027306300253859488
dc,10000,0,7,bh,0.01,100,precision,0.0
dc,10000,0,7,bh,0.01,100,recall,0.0
dc,10000,0,7,bh,0.01,100,f1,0.0
dc,10000,0,7,bh,0.05,100,precision,0.8516483516483516
dc,10000,0,7,bh,0.05,100,recall,0.2072192513368984
dc,10000,0,7,bh,0.05,100,f1,0.3333333333333333
dc,10000,0,8,raw,-1.0,100,mae,0.043766360537773635
dc,10000,0,8,raw,0.01,100,precision,0.7909871244635193
dc,10000,0,8,raw,0.01,100,recall,0.648943661971831
dc,10000,0,8,raw,0.01,100,f1,0.7129593810444874
dc,10000,0,8,raw,0.05,100,precision,0.8568501920614596
dc,10000,0,8,raw,0.05,100,recall,0.8195958358848745
dc,10000,0,8,raw,0.05,100,f1,0.8378090766823161
dc,10000,0,8,bh,-1.0,100,mae,0.026237462684997423
dc,10000,0,8,bh,0.01,100,precision,0.0
dc,10000,0,8,bh,0.01,100,recall,0.0
dc,10000,0,8,bh,0.01,100,f1,0.0
dc,10000,0,8,bh,0.05,100,precision,0.8461538461538461
dc,10000,0,8,bh,0.05,100,recall,0.2413793103448276
dc,10000,0,8,bh,0.05,100,f1,0.375609756097561
dc,10000,0,9,raw,-1.0,100,mae,0.0406752734036693
dc,10000,0,9,raw,0.01,100,precision,0.7918454935622318
dc,10000,0,9,raw,0.01,100,recall,0.6967522658610272
dc,10000,0,9,raw,0.01,100,f1,0.741261550823624
dc,10000,0,9,raw,0.05,100,precision,0.8592829705505762
dc,10000,0,9,raw,0.05,100,recall,0.8453205693412269
dc,10000,0,9,raw,0.05,100,f1,0.8522445869579021
dc,10000,0,9,bh,-1.0,100,mae,0.022501183574579284
dc,10000,0,9,bh,0.01,100,precision,0.0
dc,10000,0,9,bh,0.01,100,recall,0.0
dc,10000,0,9,bh,0.01,100,f1,0.0
dc,10000,0,9,bh,0.05,100,precision,0.7747252747252747
dc,10000,0,9,bh,0.05,100,recall,0.3983050847457627
dc,10000,0,9,bh,0.05,100,f1,0.5261194029850746
dc,10000,1,2,raw,-1.0,100,mae,0.04367328110503855
dc,10000,1,2,raw,0.01,100,precision,0.8032207384131972
dc,10000,1,2,raw,0.01,100,recall,0.718804920913884
dc,10000,1,2,raw,0.01,100,f1,0.7586718605082545
dc,10000,1,2,raw,0.05,100,precision,0.8701002156539388
dc,10000,1,2,raw,0.05,100,recall,0.8403577554520951
dc,10000,1,2,raw,0.05,100,f1,0.8549703957619196
dc,10000,1,2,bh,-1.0,100,mae,0.025076748069246278
dc,10000,1,2,bh,0.01,100,precision,0.0
dc,10000,1,2,bh,0.01,100,recall,0.0
dc,10000,1,2,bh,0.01,100,f1,0.0
dc,10000,1,2,bh,0.05,100,precision,0.8519736842105263
dc,10000,1,2,bh,0.05,100,recall,0.39361702127659576
dc,10000,1,2,bh,0.05,100,f1,0.5384615384615384
dc,10000,1,3,raw,-1.0,100,mae,0.039894478339014605
dc,10000,1,3,raw,0.01,100,precision,0.7509819324430479
dc,10000,1,3,raw,0.01,100,recall,0.7700362464760371
dc,10000,1,3,raw,0.01,100,f1,0.7603897395108371
dc,10000,1,3,raw,0.05,100,precision,0.8618546238741596
dc,10000,1,3,raw,0.05,100,recall,0.8620733409465804
dc,10000,1,3,raw,0.05,100,f1,0.8619639685359046
dc,10000,1,3,bh,-1.0,100,mae,0.021442887358387466
dc,10000,1,3,bh,0.01,100,precision,0.0
dc,10000,1,3,bh,0.01,100,recall,0.0
dc,10000,1,3,bh,0.01,100,f1,0.0
dc,10000,1,3,bh,0.05,100,precision,0.4506578947368421
dc,10000,1,3,bh,0.05,100,recall,0.6919191919191919
dc,10000,1,3,bh,0.05,100,f1,0.545816733067729
dc,10000,1,4,raw,-1.0,100,mae,0.044138049417867545
dc,10000,1,4,raw,0.01,100,precision,0.7486252945797329
dc,10000,1,4,raw,0.01,100,recall,0.7252663622526636
dc,10000,1,4,raw,0.01,100,f1,0.7367607267104754
dc,10000,1,4,raw,0.05,100,precision,0.8579221108714956
dc,10000,1,4,raw,0.05,100,recall,0.8354539839407041
dc,10000,1,4,raw,0.05,100,f1,0.8465389911127801
dc,10000,1,4,bh,-1.0,100,mae,0.024642898560258353
dc,10000,1,4,bh,0.01,100,precision,0.0
dc,10000,1,4,bh,0.01,100,recall,0.0
dc,10000,1,4,bh,0.01,100,f1,0.0
dc,10000,1,4,bh,0.05,100,precision,0.6907894736842105
dc,10000,1,4,bh,0.05,100,recall,0.47191011235955055
dc,10000,1,4,bh,0.05,100,f1,0.5607476635514018
dc,10000,1,5,raw,-1.0,100,mae,0.044043675611791976
dc,10000,1,5,raw,0.01,100,precision,0.7592301649646505
dc,10000,1,5,raw,0.01,100,recall,0.7562597809076682
dc,10000,1,5,raw,0.01,100,f1,0.7577420619364955
dc,10000,1,5,raw,0.05,100,precision,0.8622351896486109
dc,10000,1,5,raw,0.05,100,recall,0.8541090726313144
dc,10000,1,5,raw,0.05,100,f1,0.8581528943879806
dc,10000,1,5,bh,-1.0,100,mae,0.02312425297231133
dc,10000,1,5,bh,0.01,100,precision,0.0
dc,10000,1,5,bh,0.01,100,recall,0.0
dc,10000,1,5,bh,0.01,100,f1,0.0
dc,10000,1,5,bh,0.05,100,precision,0.6611842105263158
dc,10000,1,5,bh,0.05,100,recall,0.6072507552870091
dc,10000,1,5,bh,0.05,100,f1,0.6330708661417322
dc,10000,1,6,raw,-1.0,100,mae,0.046077271950605514
dc,10000,1,6,raw,0.01,100,precision,0.7439120188531029
dc,10000,1,6,raw,0.01,100,recall,0.7193315609570832
dc,10000,1,6,raw,0.01,100,f1,0.7314153311450087
dc,10000,1,6,raw,0.05,100,precision,0.854370163643283
dc,10000,1,6,raw,0.05,100,recall,0.8268876611418048
dc,10000,1,6,raw,0.05,100,f1,0.8404042924881457
dc,10000,1,6,bh,-1.0,100,mae,0.02574258022699963
dc,10000,1,6,bh,0.01,100,precision,0.0
dc,10000,1,6,bh,0.01,100,recall,0.0
dc,10000,1,6,bh,0.01,100,f1,0.0
dc,10000,1,6,bh,0.05,100,precision,0.5592105263157895
dc,10000,1,6,bh,0.05,100,recall,0.4843304843304843
dc,10000,1,6,bh,0.05,100,f1,0.5190839694656488
dc,10000,1,7,raw,-1.0,100,mae,0.04875611136233529
dc,10000,1,7,raw,0.01,100,precision,0.776904948939513
dc,10000,1,7,raw,0.01,100,recall,0.693062368605466
dc,10000,1,7,raw,0.01,100,f1,0.7325925925925926
dc,10000,1,7,raw,0.05,100,precision,0.8550044399340353
dc,10000,1,7,raw,0.05,100,recall,0.8206501887251918
dc,10000,1,7,raw,0.05,100,f1,0.8374751491053678
dc,10000,1,7,bh,-1.0,100,mae,0.027676000905432978
dc,10000,1,7,bh,0.01,100,precision,0.0
dc,10000,1,7,bh,0.01,100,recall,0.0
dc,10000,1,7,bh,0.01,100,f1,0.0
dc,10000,1,7,bh,0.05,100,precision,0.7861842105263158
dc,10000,1,7,bh,0.05,100,recall,0.3195187165775401
dc,10000,1,7,bh,0.05,100,f1,0.4543726235741445
dc,10000,1,8,raw,-1.0,100,mae,0.03971484023577702
dc,10000,1,8,raw,0.01,100,precision,0.7875098193244304
dc,10000,1,8,raw,0.01,100,recall,0.7059859154929577
dc,10000,1,8,raw,0.01,100,f1,0.7445228369847754
dc,10000,1,8,raw,0.05,100,precision,0.8690853735887353
dc,10000,1,8,raw,0.05,100,recall,0.8390691977954685
dc,10000,1,8,raw,0.05,100,f1,0.8538135593220338
dc,10000,1,8,bh,-1.0,100,mae,0.024196956994060794
dc,10000,1,8,bh,0.01,100,precision,0.0
dc,10000,1,8,bh,0.01,100,recall,0.0
dc,10000,1,8,bh,0.01,100,f1,0.0
dc,10000,1,8,bh,0.05,100,precision,0.7828947368421053
dc,10000,1,8,bh,0.05,100,recall,0.3730407523510972
dc,10000,1,8,bh,0.05,100,f1,0.505307855626327
dc,10000,1,9,raw,-1.0,100,mae,0.040498061062012085
dc,10000,1,9,raw,0.01,100,precision,0.7666928515318147
dc,10000,1,9,raw,0.01,100,recall,0.7371601208459214
dc,10000,1,9,raw,0.01,100,f1,0.751636503658067
dc,10000,1,9,raw,0.05,100,precision,0.855765571482938
dc,10000,1,9,raw,0.05,100,recall,0.8497291850358988
dc,10000,1,9,raw,0.05,100,f1,0.8527366957401087
dc,10000,1,9,bh,-1.0,100,mae,0.022915336957316065
dc,10000,1,9,bh,0.01,100,precision,0.0
dc,10000,1,9,bh,0.01,100,recall,0.0
dc,10000,1,9,bh,0.01,100,f1,0.0
dc,10000,1,9,bh,0.05,100,precision,0.7006578947368421
dc,10000,1,9,bh,0.05,100,recall,0.6016949152542372
dc,10000,1,9,bh,0.05,100,f1,0.6474164133738601
dc,10000,2,3,raw,-1.0,100,mae,0.041832156587924524
dc,10000,2,3,raw,0.01,100,precision,0.6572934973637962
dc,10000,2,3,raw,0.01,100,recall,0.7531212243254128
dc,10000,2,3,raw,0.01,100,f1,0.7019519519519519
dc,10000,2,3,raw,0.05,100,precision,0.8213673119333497
dc,10000,2,3,raw,0.05,100,recall,0.8506534703717802
dc,10000,2,3,raw,0.05,100,f1,0.8357539113632114
dc,10000,2,3,bh,-1.0,100,mae,0.025932691912504604
dc,10000,2,3,bh,0.01,100,precision,0.0
dc,10000,2,3,bh,0.01,100,recall,0.0
dc,10000,2,3,bh,0.01,100,f1,0.0
dc,10000,2,3,bh,0.05,100,precision,0.23404255319148937
dc,10000,2,3,bh,0.05,100,recall,0.7777777777777778
dc,10000,2,3,bh,0.05,100,f1,0.3598130841121495
dc,10000,2,4,raw,-1.0,100,mae,0.04244907285035906
dc,10000,2,4,raw,0.01,100,precision,0.680140597539543
dc,10000,2,4,raw,0.01,100,recall,0.7363013698630136
dc,10000,2,4,raw,0.01,100,f1,0.7071076192216335
dc,10000,2,4,raw,0.05,100,precision,0.839377603528547
dc,10000,2,4,raw,0.05,100,recall,0.8463248919085855
dc,10000,2,4,raw,0.05,100,f1,0.8428369317832318
dc,10000,2,4,bh,-1.0,100,mae,0.025567126295234176
dc,10000,2,4,bh,0.01,100,precision,0.0
dc,10000,2,4,bh,0.01,100,recall,0.0
dc,10000,2,4,bh,0.01,100,f1,0.0
dc,10000,2,4,bh,0.05,100,precision,0.4331306990881459
dc,10000,2,4,bh,0.05,100,recall,0.6404494382022472
dc,10000,2,4,bh,0.05,100,f1,0.5167724388032638
dc,10000,2,5,raw,-1.0,100,mae,0.047324226134280854
dc,10000,2,5,raw,0.01,100,precision,0.654481546572935
dc,10000,2,5,raw,0.01,100,recall,0.7284820031298904
dc,10000,2,5,raw,0.01,100,f1,0.6895019440844288
dc,10000,2,5,raw,0.05,100,precision,0.8255329576084293
dc,10000,2,5,raw,0.05,100,recall,0.8466951495350591
dc,10000,2,5,raw,0.05,100,f1,0.8359801488833747
dc,10000,2,5,bh,-1.0,100,mae,0.027901904370314777
dc,10000,2,5,bh,0.01,100,precision,0.0
dc,10000,2,5,bh,0.01,100,recall,0.0
dc,10000,2,5,bh,0.01,100,f1,0.0
dc,10000,2,5,bh,0.05,100,precision,0.35106382978723405
dc,10000,2,5,bh,0.05,100,recall,0.6978851963746223
dc,10000,2,5,bh,0.05,100,f1,0.4671385237613751
dc,10000,2,6,raw,-1.0,100,mae,0.04492169400536413
dc,10000,2,6,raw,0.01,100,precision,0.6699472759226713
dc,10000,2,6,raw,0.01,100,recall,0.7238890998860615
dc,10000,2,6,raw,0.01,100,f1,0.6958744067177802
dc,10000,2,6,raw,0.05,100,precision,0.8292085273217349
dc,10000,2,6,raw,0.05,100,recall,0.830939226519337
dc,10000,2,6,raw,0.05,100,f1,0.8300729747960999
dc,10000,2,6,bh,-1.0,100,mae,0.026651083197562542
dc,10000,2,6,bh,0.01,100,precision,0.0
dc,10000,2,6,bh,0.01,100,recall,0.0
dc,10000,2,6,bh,0.01,100,f1,0.0
dc,10000,2,6,bh,0.05,100,precision,0.331306990881459
dc,10000,2,6,bh,0.05,100,recall,0.6210826210826211
dc,10000,2,6,bh,0.05,100,f1,0.4321110009910803
dc,10000,2,7,raw,-1.0,100,mae,0.04347915362635893
dc,10000,2,7,raw,0.01,100,precision,0.7265377855887521
dc,10000,2,7,raw,0.01,100,recall,0.7242466713384723
dc,10000,2,7,raw,0.01,100,f1,0.7253904193718196
dc,10000,2,7,raw,0.05,100,precision,0.8361921097770154
dc,10000,2,7,raw,0.05,100,recall,0.8309996347254353
dc,10000,2,7,raw,0.05,100,f1,0.833587786259542
dc,10000,2,7,bh,-1.0,100,mae,0.026182536076091556
dc,10000,2,7,bh,0.01,100,precision,0.0
dc,10000,2,7,bh,0.01,100,recall,0.0
dc,10000,2,7,bh,0.01,100,f1,0.0
dc,10000,2,7,bh,0.05,100,precision,0.6109422492401215
dc,10000,2,7,bh,0.05,100,recall,0.5374331550802139
dc,10000,2,7,bh,0.05,100,f1,0.5718349928876245
dc,10000,2,8,raw,-1.0,100,mae,0.04481560836160234
dc,10000,2,8,raw,0.01,100,precision,0.7202108963093146
dc,10000,2,8,raw,0.01,100,recall,0.7214788732394366
dc,10000,2,8,raw,0.01,100,f1,0.720844327176781
dc,10000,2,8,raw,0.05,100,precision,0.8466062239647145
dc,10000,2,8,raw,0.05,100,recall,0.8462951622780159
dc,10000,2,8,raw,0.05,100,f1,0.8464506645433943
dc,10000,2,8,bh,-1.0,100,mae,0.026177308013545442
dc,10000,2,8,bh,0.01,100,precision,0.0
dc,10000,2,8,bh,0.01,100,recall,0.0
dc,10000,2,8,bh,0.01,100,f1,0.0
dc,10000,2,8,bh,0.05,100,precision,0.5486322188449848
dc,10000,2,8,bh,0.05,100,recall,0.5658307210031348
dc,10000,2,8,bh,0.05,100,f1,0.5570987654320988
dc,10000,2,9,raw,-1.0,100,mae,0.0441872423958517
dc,10000,2,9,raw,0.01,100,precision,0.6913884007029877
dc,10000,2,9,raw,0.01,100,recall,0.7428247734138973
dc,10000,2,9,raw,0.01,100,f1,0.7161842344802476
dc,10000,2,9,raw,0.05,100,precision,0.8288409703504043
dc,10000,2,9,raw,0.05,100,recall,0.8521224335558635
dc,10000,2,9,raw,0.05,100,f1,0.8403204769890069
dc,10000,2,9,bh,-1.0,100,mae,0.02582541509981637
dc,10000,2,9,bh,0.01,100,precision,0.0
dc,10000,2,9,bh,0.01,100,recall,0.0
dc,10000,2,9,bh,0.01,100,f1,0.0
dc,10000,2,9,bh,0.05,100,precision,0.3966565349544073
dc,10000,2,9,bh,0.05,100,recall,0.7372881355932204
dc,10000,2,9,bh,0.05,100,f1,0.5158102766798419
dc,10000,3,4,raw,-1.0,100,mae,0.04701980120519849
dc,10000,3,4,raw,0.01,100,precision,0.7583568264196536
dc,10000,3,4,raw,0.01,100,recall,0.7165144596651446
dc,10000,3,4,raw,0.01,100,f1,0.7368421052631579
dc,10000,3,4,raw,0.05,100,precision,0.8566171805608426
dc,10000,3,4,raw,0.05,100,recall,0.8339715873996294
dc,10000,3,4,raw,0.05,100,f1,0.8451427140711066
dc,10000,3,4,bh,-1.0,100,mae,0.025869531544572194
dc,10000,3,4,bh,0.01,100,precision,0.0
dc,10000,3,4,bh,0.01,100,recall,0.0
dc,10000,3,4,bh,0.01,100,f1,0.0
dc,10000,3,4,bh,0.05,100,precision,0.7424242424242424
dc,10000,3,4,bh,0.05,100,recall,0.3303370786516854
dc,10000,3,4,bh,0.05,100,f1,0.4572317262830482
dc,10000,3,5,raw,-1.0,100,mae,0.04551214556209112
dc,10000,3,5,raw,0.01,100,precision,0.7607732581554572
dc,10000,3,5,raw,0.01,100,recall,0.7390453834115805
dc,10000,3,5,raw,0.01,100,f1,0.7497519349077197
dc,10000,3,5,raw,0.05,100,precision,0.8495114833143003
dc,10000,3,5,raw,0.05,100,recall,0.8412917818547374
dc,10000,3,5,raw,0.05,100,f1,0.8453816528821264
dc,10000,3,5,bh,-1.0,100,mae,0.02398412165143585
dc,10000,3,5,bh,0.01,100,precision,0.0
dc,10000,3,5,bh,0.01,100,recall,0.0
dc,10000,3,5,bh,0.01,100,f1,0.0
dc,10000,3,5,bh,0.05,100,precision,0.7121212121212122
dc,10000,3,5,bh,0.05,100,recall,0.4259818731117825
dc,10000,3,5,bh,0.05,100,f1,0.5330812854442344
dc,10000,3,6,raw,-1.0,100,mae,0.043240096588284635
dc,10000,3,6,raw,0.01,100,precision,0.7933950865888039
dc,10000,3,6,raw,0.01,100,recall,0.7481959741739461
dc,10000,3,6,raw,0.01,100,f1,0.7701329163408913
dc,10000,3,6,raw,0.05,100,precision,0.8713361248572516
dc,10000,3,6,raw,0.05,100,recall,0.8430939226519337
dc,10000,3,6,raw,0.05,100,f1,0.8569824035941594
dc,10000,3,6,bh,-1.0,100,mae,0.023286169252407844
dc,10000,3,6,bh,0.01,100,precision,0.0
dc,10000,3,6,bh,0.01,100,recall,0.0
dc,10000,3,6,bh,0.01,100,f1,0.0
dc,10000,3,6,bh,0.05,100,precision,0.7525252525252525
dc,10000,3,6,bh,0.05,100,recall,0.42450142450142453
dc,10000,3,6,bh,0.05,100,f1,0.5428051001821493
dc,10000,3,7,raw,-1.0,100,mae,0.04680340181252389
dc,10000,3,7,raw,0.01,100,precision,0.7482883608538059
dc,10000,3,7,raw,0.01,100,recall,0.6510161177295024
dc,10000,3,7,raw,0.01,100,f1,0.696271313471988
dc,10000,3,7,raw,0.05,100,precision,0.8449435350843801
dc,10000,3,7,raw,0.05,100,recall,0.8107877754779009
dc,10000,3,7,raw,0.05,100,f1,0.8275133590157823
dc,10000,3,7,bh,-1.0,100,mae,0.027713603376630595
dc,10000,3,7,bh,0.01,100,precision,0.0
dc,10000,3,7,bh,0.01,100,recall,0.0
dc,10000,3,7,bh,0.01,100,f1,0.0
dc,10000,3,7,bh,0.05,100,precision,0.8232323232323232
dc,10000,3,7,bh,0.05,100,recall,0.2179144385026738
dc,10000,3,7,bh,0.05,100,f1,0.34460887949260044
dc,10000,3,8,raw,-1.0,100,mae,0.040688229360956646
dc,10000,3,8,raw,0.01,100,precision,0.8171566653242046
dc,10000,3,8,raw,0.01,100,recall,0.7144366197183099
dc,10000,3,8,raw,0.01,100,f1,0.7623520571106519
dc,10000,3,8,raw,0.05,100,precision,0.877426722497145
dc,10000,3,8,raw,0.05,100,recall,0.8469075321494183
dc,10000,3,8,raw,0.05,100,f1,0.8618970459927708
dc,10000,3,8,bh,-1.0,100,mae,0.023899300852347205
dc,10000,3,8,bh,0.01,100,precision,0.0
dc,10000,3,8,bh,0.01,100,recall,0.0
dc,10000,3,8,bh,0.01,100,f1,0.0
dc,10000,3,8,bh,0.05,100,precision,0.8535353535353535
dc,10000,3,8,bh,0.05,100,recall,0.26489028213166144
dc,10000,3,8,bh,0.05,100,f1,0.4043062200956938
dc,10000,3,9,raw,-1.0,100,mae,0.040894317229600886
dc,10000,3,9,raw,0.01,100,precision,0.7829238824003222
dc,10000,3,9,raw,0.01,100,recall,0.7341389728096677
dc,10000,3,9,raw,0.01,100,f1,0.757747027869811
dc,10000,3,9,raw,0.05,100,precision,0.8644842025123716
dc,10000,3,9,raw,0.05,100,recall,0.8581685350799849
dc,10000,3,9,raw,0.05,100,f1,0.8613147914032869
dc,10000,3,9,bh,-1.0,100,mae,0.02251306989920494
dc,10000,3,9,bh,0.01,100,precision,0.0
dc,10000,3,9,bh,0.01,100,recall,0.0
dc,10000,3,9,bh,0.01,100,f1,0.0
dc,10000,3,9,bh,0.05,100,precision,0.7121212121212122
dc,10000,3,9,bh,0.05,100,recall,0.3983050847457627
dc,10000,3,9,bh,0.05,100,f1,0.5108695652173914
dc,10000,4,5,raw,-1.0,100,mae,0.044958809787394916
dc,10000,4,5,raw,0.01,100,precision,0.7252663622526636
dc,10000,4,5,raw,0.01,100,recall,0.7456964006259781
dc,10000,4,5,raw,0.01,100,f1,0.7353395061728395
dc,10000,4,5,raw,0.05,100,precision,0.8333539221741816
dc,10000,4,5,raw,0.05,100,recall,0.8477004272430259
dc,10000,4,5,raw,0.05,100,f1,0.8404659565190307
dc,10000,4,5,bh,-1.0,100,mae,0.02485569155727437
dc,10000,4,5,bh,0.01,100,precision,0.0
dc,10000,4,5,bh,0.01,100,recall,0.0
dc,10000,4,5,bh,0.01,100,f1,0.0
dc,10000,4,5,bh,0.05,100,precision,0.501123595505618
dc,10000,4,5,bh,0.05,100,recall,0.6737160120845922
dc,10000,4,5,bh,0.05,100,f1,0.5747422680412371
dc,10000,4,6,raw,-1.0,100,mae,0.04530400272297034
dc,10000,4,6,raw,0.01,100,precision,0.730593607305936
dc,10000,4,6,raw,0.01,100,recall,0.7292062286365363
dc,10000,4,6,raw,0.01,100,f1,0.7298992586960654
dc,10000,4,6,raw,0.05,100,precision,0.8447189623224213
dc,10000,4,6,raw,0.05,100,recall,0.8395334561080418
dc,10000,4,6,raw,0.05,100,f1,0.8421182266009852
dc,10000,4,6,bh,-1.0,100,mae,0.025264364004852886
dc,10000,4,6,bh,0.01,100,precision,0.0
dc,10000,4,6,bh,0.01,100,recall,0.0
dc,10000,4,6,bh,0.01,100,f1,0.0
dc,10000,4,6,bh,0.05,100,precision,0.47415730337078654
dc,10000,4,6,bh,0.05,100,recall,0.6011396011396012
dc,10000,4,6,bh,0.05,100,f1,0.5301507537688442
dc,10000,4,7,raw,-1.0,100,mae,0.04127940076854456
dc,10000,4,7,raw,0.01,100,precision,0.7366818873668188
dc,10000,4,7,raw,0.01,100,recall,0.6783461807988788
dc,10000,4,7,raw,0.01,100,f1,0.7063115651222182
dc,10000,4,7,raw,0.05,100,precision,0.8390364422483014
dc,10000,4,7,raw,0.05,100,recall,0.826981614513576
dc,10000,4,7,raw,0.05,100,f1,0.8329654157468727
dc,10000,4,7,bh,-1.0,100,mae,0.02525441023523938
dc,10000,4,7,bh,0.01,100,precision,0.0
dc,10000,4,7,bh,0.01,100,recall,0.0
dc,10000,4,7,bh,0.01,100,f1,0.0
dc,10000,4,7,bh,0.05,100,precision,0.6292134831460674
dc,10000,4,7,bh,0.05,100,recall,0.37433155080213903
dc,10000,4,7,bh,0.05,100,f1,0.4694048616932104
dc,10000,4,8,raw,-1.0,100,mae,0.04163048018266946
dc,10000,4,8,raw,0.01,100,precision,0.7815829528158296
dc,10000,4,8,raw,0.01,100,recall,0.7232394366197183
dc,10000,4,8,raw,0.01,100,f1,0.7512801755669349
dc,10000,4,8,raw,0.05,100,precision,0.8553428042001235
dc,10000,4,8,raw,0.05,100,recall,0.8480097979179424
dc,10000,4,8,raw,0.05,100,f1,0.8516605166051661
dc,10000,4,8,bh,-1.0,100,mae,0.024535001201666334
dc,10000,4,8,bh,0.01,100,precision,0.0
dc,10000,4,8,bh,0.01,100,recall,0.0
dc,10000,4,8,bh,0.01,100,f1,0.0
dc,10000,4,8,bh,0.05,100,precision,0.7280898876404495
dc,10000,4,8,bh,0.05,100,recall,0.5078369905956113
dc,10000,4,8,bh,0.05,100,f1,0.5983379501385041
dc,10000,4,9,raw,-1.0,100,mae,0.044380412337065384
dc,10000,4,9,raw,0.01,100,precision,0.7697869101978692
dc,10000,4,9,raw,0.01,100,recall,0.7639728096676737
dc,10000,4,9,raw,0.01,100,f1,0.766868840030326
dc,10000,4,9,raw,0.05,100,precision,0.8478072884496602
dc,10000,4,9,raw,0.05,100,recall,0.8644665575009447
dc,10000,4,9,raw,0.05,100,f1,0.8560558812523388
dc,10000,4,9,bh,-1.0,100,mae,0.024160436887384805
dc,10000,4,9,bh,0.01,100,precision,0.0
dc,10000,4,9,bh,0.01,100,recall,0.0
dc,10000,4,9,bh,0.01,100,f1,0.0
dc,10000,4,9,bh,0.05,100,precision,0.6112359550561798
dc,10000,4,9,bh,0.05,100,recall,0.768361581920904
dc,10000,4,9,bh,0.05,100,f1,0.6808510638297872
dc,10000,5,6,raw,-1.0,100,mae,0.048192288854625585
dc,10000,5,6,raw,0.01,100,precision,0.7425665101721439
dc,10000,5,6,raw,0.01,100,recall,0.7208507406000759
dc,10000,5,6,raw,0.01,100,f1,0.7315475043360956
dc,10000,5,6,raw,0.05,100,precision,0.8490826840914802
dc,10000,5,6,raw,0.05,100,recall,0.8295887047268262
dc,10000,5,6,raw,0.05,100,f1,0.8392225051232689
dc,10000,5,6,bh,-1.0,100,mae,0.026011685028776443
dc,10000,5,6,bh,0.01,100,precision,0.0
dc,10000,5,6,bh,0.01,100,recall,0.0
dc,10000,5,6,bh,0.01,100,f1,0.0
dc,10000,5,6,bh,0.05,100,precision,0.5709969788519638
dc,10000,5,6,bh,0.05,100,recall,0.5384615384615384
dc,10000,5,6,bh,0.05,100,f1,0.5542521994134897
dc,10000,5,7,raw,-1.0,100,mae,0.04484478405281627
dc,10000,5,7,raw,0.01,100,precision,0.7601721439749609
dc,10000,5,7,raw,0.01,100,recall,0.6807988787666434
dc,10000,5,7,raw,0.01,100,f1,0.7182994454713494
dc,10000,5,7,raw,0.05,100,precision,0.8513445589344056
dc,10000,5,7,raw,0.05,100,recall,0.8249117253135273
dc,10000,5,7,raw,0.05,100,f1,0.837919732855111
dc,10000,5,7,bh,-1.0,100,mae,0.02627179192981772
dc,10000,5,7,bh,0.01,100,precision,0.0
dc,10000,5,7,bh,0.01,100,recall,0.0
dc,10000,5,7,bh,0.01,100,f1,0.0
dc,10000,5,7,bh,0.05,100,precision,0.7371601208459214
dc,10000,5,7,bh,0.05,100,recall,0.32620320855614976
dc,10000,5,7,bh,0.05,100,f1,0.4522706209453197
dc,10000,5,8,raw,-1.0,100,mae,0.04556893907859924
dc,10000,5,8,raw,0.01,100,precision,0.8012519561815337
dc,10000,5,8,raw,0.01,100,recall,0.7211267605633803
dc,10000,5,8,raw,0.01,100,f1,0.7590808005930318
dc,10000,5,8,raw,0.05,100,precision,0.8562452877607439
dc,10000,5,8,raw,0.05,100,recall,0.8345376607470912
dc,10000,5,8,raw,0.05,100,f1,0.8452521242944862
dc,10000,5,8,bh,-1.0,100,mae,0.02567346020235856
dc,10000,5,8,bh,0.01,100,precision,0.0
dc,10000,5,8,bh,0.01,100,recall,0.0
dc,10000,5,8,bh,0.01,100,f1,0.0
dc,10000,5,8,bh,0.05,100,precision,0.8126888217522659
dc,10000,5,8,bh,0.05,100,recall,0.4216300940438871
dc,10000,5,8,bh,0.05,100,f1,0.5552115583075335
dc,10000,5,9,raw,-1.0,100,mae,0.044820461242972266
dc,10000,5,9,raw,0.01,100,precision,0.7703442879499217
dc,10000,5,9,raw,0.01,100,recall,0.7435800604229608
dc,10000,5,9,raw,0.01,100,f1,0.7567255956956187
dc,10000,5,9,raw,0.05,100,precision,0.8477004272430259
dc,10000,5,9,raw,0.05,100,recall,0.8497291850358988
dc,10000,5,9,raw,0.05,100,f1,0.8487135937598289
dc,10000,5,9,bh,-1.0,100,mae,0.024125469375704887
dc,10000,5,9,bh,0.01,100,precision,0.0
dc,10000,5,9,bh,0.01,100,recall,0.0
dc,10000,5,9,bh,0.01,100,f1,0.0
dc,10000,5,9,bh,0.05,100,precision,0.6737160120845922
dc,10000,5,9,bh,0.05,100,recall,0.6299435028248588
dc,10000,5,9,bh,0.05,100,f1,0.6510948905109489
dc,10000,6,7,raw,-1.0,100,mae,0.04688360949694025
dc,10000,6,7,raw,0.01,100,precision,0.7409798708697304
dc,10000,6,7,raw,0.01,100,recall,0.6836019621583742
dc,10000,6,7,raw,0.01,100,f1,0.7111354109713869
dc,10000,6,7,raw,0.05,100,precision,0.8239410681399632
dc,10000,6,7,raw,0.05,100,recall,0.8171192012662851
dc,10000,6,7,raw,0.05,100,f1,0.8205159554957819
dc,10000,6,7,bh,-1.0,100,mae,0.027507164227367063
dc,10000,6,7,bh,0.01,100,precision,0.0
dc,10000,6,7,bh,0.01,100,recall,0.0
dc,10000,6,7,bh,0.01,100,f1,0.0
dc,10000,6,7,bh,0.05,100,precision,0.6552706552706553
dc,10000,6,7,bh,0.05,100,recall,0.3074866310160428
dc,10000,6,7,bh,0.05,100,f1,0.41856232939035487
dc,10000,6,8,raw,-1.0,100,mae,0.04250045797794608
dc,10000,6,8,raw,0.01,100,precision,0.7755412077478162
dc,10000,6,8,raw,0.01,100,recall,0.7190140845070423
dc,10000,6,8,raw,0.01,100,f1,0.7462086606979719
dc,10000,6,8,raw,0.05,100,precision,0.8492326580724371
dc,10000,6,8,raw,0.05,100,recall,0.8471524800979792
dc,10000,6,8,raw,0.05,100,f1,0.8481912936848559
dc,10000,6,8,bh,-1.0,100,mae,0.02417874080873115
dc,10000,6,8,bh,0.01,100,precision,0.0
dc,10000,6,8,bh,0.01,100,recall,0.0
dc,10000,6,8,bh,0.01,100,f1,0.0
dc,10000,6,8,bh,0.05,100,precision,0.698005698005698
dc,10000,6,8,bh,0.05,100,recall,0.384012539184953
dc,10000,6,8,bh,0.05,100,f1,0.4954499494438827
dc,10000,6,9,raw,-1.0,100,mae,0.0419998343011975
dc,10000,6,9,raw,0.01,100,precision,0.7371819217622484
dc,10000,6,9,raw,0.01,100,recall,0.7330060422960725
dc,10000,6,9,raw,0.01,100,f1,0.7350880515053967
dc,10000,6,9,raw,0.05,100,precision,0.8359729895641498
dc,10000,6,9,raw,0.05,100,recall,0.8576646932863081
dc,10000,6,9,raw,0.05,100,f1,0.8466799303655806
dc,10000,6,9,bh,-1.0,100,mae,0.02403755159274604
dc,10000,6,9,bh,0.01,100,precision,0.0
dc,10000,6,9,bh,0.01,100,recall,0.0
dc,10000,6,9,bh,0.01,100,f1,0.0
dc,10000,6,9,bh,0.05,100,precision,0.5612535612535613
dc,10000,6,9,bh,0.05,100,recall,0.556497175141243
dc,10000,6,9,bh,0.05,100,f1,0.5588652482269504
dc,10000,7,8,raw,-1.0,100,mae,0.045868947111455734
dc,10000,7,8,raw,0.01,100,precision,0.7067274001401541
dc,10000,7,8,raw,0.01,100,recall,0.7102112676056338
dc,10000,7,8,raw,0.01,100,f1,0.7084650509308044
dc,10000,7,8,raw,0.05,100,precision,0.8273468890782906
dc,10000,7,8,raw,0.05,100,recall,0.8322106552357624
dc,10000,7,8,raw,0.05,100,f1,0.8297716448894858
dc,10000,7,8,bh,-1.0,100,mae,0.027438876513384673
dc,10000,7,8,bh,0.01,100,precision,0.0
dc,10000,7,8,bh,0.01,100,recall,0.0
dc,10000,7,8,bh,0.01,100,f1,0.0
dc,10000,7,8,bh,0.05,100,precision,0.4612299465240642
dc,10000,7,8,bh,0.05,100,recall,0.5407523510971787
dc,10000,7,8,bh,0.05,100,f1,0.49783549783549785
dc,10000,7,9,raw,-1.0,100,mae,0.04790958983945125
dc,10000,7,9,raw,0.01,100,precision,0.6587245970567625
dc,10000,7,9,raw,0.01,100,recall,0.7099697885196374
dc,10000,7,9,raw,0.01,100,f1,0.683387858960378
dc,10000,7,9,raw,0.05,100,precision,0.8076220625837087
dc,10000,7,9,raw,0.05,100,recall,0.8354956543645295
dc,10000,7,9,raw,0.05,100,f1,0.8213224368499257
dc,10000,7,9,bh,-1.0,100,mae,0.028277915062140186
dc,10000,7,9,bh,0.01,100,precision,0.0
dc,10000,7,9,bh,0.01,100,recall,0.0
dc,10000,7,9,bh,0.01,100,f1,0.0
dc,10000,7,9,bh,0.05,100,precision,0.3181818181818182
dc,10000,7,9,bh,0.05,100,recall,0.672316384180791
dc,10000,7,9,bh,0.05,100,f1,0.4319419237749546
dc,10000,8,9,raw,-1.0,100,mae,0.04152991158456249
dc,10000,8,9,raw,0.01,100,precision,0.7464788732394366
dc,10000,8,9,raw,0.01,100,recall,0.8006042296072508
dc,10000,8,9,raw,0.01,100,f1,0.7725947521865889
dc,10000,8,9,raw,0.05,100,precision,0.8473974280465401
dc,10000,8,9,raw,0.05,100,recall,0.8715203426124197
dc,10000,8,9,raw,0.05,100,f1,0.8592896174863388
dc,10000,8,9,bh,-1.0,100,mae,0.022910220808197126
dc,10000,8,9,bh,0.01,100,precision,0.0
dc,10000,8,9,bh,0.01,100,recall,0.0
dc,10000,8,9,bh,0.01,100,f1,0.0
dc,10000,8,9,bh,0.05,100,precision,0.4498432601880878
dc,10000,8,9,bh,0.05,100,recall,0.8107344632768362
dc,10000,8,9,bh,0.05,100,f1,0.5786290322580645
cd8+_tcells,1000,-1,0,raw,-1.0,100,mae,0.04880028782940882
cd8+_tcells,1000,-1,0,raw,0.01,100,precision,0.6565503287809813
cd8+_tcells,1000,-1,0,raw,0.01,100,recall,0.6365865620402158
cd8+_tcells,1000,-1,0,raw,0.01,100,f1,0.646414342629482
cd8+_tcells,1000,-1,0,raw,0.05,100,precision,0.8088018247685496
cd8+_tcells,1000,-1,0,raw,0.05,100,recall,0.8083679763980153
cd8+_tcells,1000,-1,0,raw,0.05,100,f1,0.8085848423876593
cd8+_tcells,1000,-1,0,bh,-1.0,100,mae,0.02337608614860563
cd8+_tcells,1000,-1,0,bh,0.01,100,precision,0.0
cd8+_tcells,1000,-1,0,bh,0.01,100,recall,0.0
cd8+_tcells,1000,-1,0,bh,0.01,100,f1,0.0
cd8+_tcells,1000,-1,0,bh,0.05,100,precision,0.0
cd8+_tcells,1000,-1,0,bh,0.05,100,recall,0.0
cd8+_tcells,1000,-1,0,bh,0.05,100,f1,0.0
cd8+_tcells,1000,-1,1,raw,-1.0,100,mae,0.04899404089889261
cd8+_tcells,1000,-1,1,raw,0.01,100,precision,0.6514921598381386
cd8+_tcells,1000,-1,1,raw,0.01,100,recall,0.6183389342294767
cd8+_tcells,1000,-1,1,raw,0.01,100,f1,0.6344827586206897
cd8+_tcells,1000,-1,1,raw,0.05,100,precision,0.8165839259358647
cd8+_tcells,1000,-1,1,raw,0.05,100,recall,0.7938951213148969
cd8+_tcells,1000,-1,1,raw,0.05,100,f1,0.8050797010384285
cd8+_tcells,1000,-1,1,bh,-1.0,100,mae,0.02485894889189471
cd8+_tcells,1000,-1,1,bh,0.01,100,precision,0.0
cd8+_tcells,1000,-1,1,bh,0.01,100,recall,0.0
cd8+_tcells,1000,-1,1,bh,0.01,100,f1,0.0
cd8+_tcells,1000,-1,1,bh,0.05,100,precision,0.0
cd8+_tcells,1000,-1,1,bh,0.05,100,recall,0.0
cd8+_tcells,1000,-1,1,bh,0.05,100,f1,0.0
cd8+_tcells,1000,-1,2,raw,-1.0,100,mae,0.04521061492856434
cd8+_tcells,1000,-1,2,raw,0.01,100,precision,0.6600910470409712
cd8+_tcells,1000,-1,2,raw,0.01,100,recall,0.6564386317907445
cd8+_tcells,1000,-1,2,raw,0.01,100,f1,0.6582597730138714
cd8+_tcells,1000,-1,2,raw,0.05,100,precision,0.813363746142493
cd8+_tcells,1000,-1,2,raw,0.05,100,recall,0.8121650589496249
cd8+_tcells,1000,-1,2,raw,0.05,100,f1,0.8127639605818865
cd8+_tcells,1000,-1,2,bh,-1.0,100,mae,0.02122375494163976
cd8+_tcells,1000,-1,2,bh,0.01,100,precision,0.0
cd8+_tcells,1000,-1,2,bh,0.01,100,recall,0.0
cd8+_tcells,1000,-1,2,bh,0.01,100,f1,0.0
cd8+_tcells,1000,-1,2,bh,0.05,100,precision,0.0
cd8+_tcells,1000,-1,2,bh,0.05,100,recall,0.0
cd8+_tcells,1000,-1,2,bh,0.05,100,f1,0.0
cd8+_tcells,1000,-1,3,raw,-1.0,100,mae,0.04378587926983714
cd8+_tcells,1000,-1,3,raw,0.01,100,precision,0.648457258472433
cd8+_tcells,1000,-1,3,raw,0.01,100,recall,0.6567622950819673
cd8+_tcells,1000,-1,3,raw,0.01,100,f1,0.6525833545431408
cd8+_tcells,1000,-1,3,raw,0.05,100,precision,0.8078626056621495
cd8+_tcells,1000,-1,3,raw,0.05,100,recall,0.8181818181818182
cd8+_tcells,1000,-1,3,raw,0.05,100,f1,0.8129894679989198
cd8+_tcells,1000,-1,3,bh,-1.0,100,mae,0.02086193489904098
cd8+_tcells,1000,-1,3,bh,0.01,100,precision,0.0
cd8+_tcells,1000,-1,3,bh,0.01,100,recall,0.0
cd8+_tcells,1000,-1,3,bh,0.01,100,f1,0.0
cd8+_tcells,1000,-1,3,bh,0.05,100,precision,0.0
cd8+_tcells,1000,-1,3,bh,0.05,100,recall,0.0
cd8+_tcells,1000,-1,3,bh,0.05,100,f1,0.0
cd8+_tcells,1000,-1,4,raw,-1.0,100,mae,0.04691499336040163
cd8+_tcells,1000,-1,4,raw,0.01,100,precision,0.6924633282751644
cd8+_tcells,1000,-1,4,raw,0.01,100,recall,0.6245437956204379
cd8+_tcells,1000,-1,4,raw,0.01,100,f1,0.6567522187574958
cd8+_tcells,1000,-1,4,raw,0.05,100,precision,0.8185965383067221
cd8+_tcells,1000,-1,4,raw,0.05,100,recall,0.8013923551819256
cd8+_tcells,1000,-1,4,raw,0.05,100,f1,0.809903093057215
cd8+_tcells,1000,-1,4,bh,-1.0,100,mae,0.02372792960868761
cd8+_tcells,1000,-1,4,bh,0.01,100,precision,0.0
cd8+_tcells,1000,-1,4,bh,0.01,100,recall,0.0
cd8+_tcells,1000,-1,4,bh,0.01,100,f1,0.0
cd8+_tcells,1000,-1,4,bh,0.05,100,precision,0.0
cd8+_tcells,1000,-1,4,bh,0.05,100,recall,0.0
cd8+_tcells,1000,-1,4,bh,0.05,100,f1,0.0
cd8+_tcells,1000,-1,5,raw,-1.0,100,mae,0.0443401457248067
cd8+_tcells,1000,-1,5,raw,0.01,100,precision,0.6843702579666161
cd8+_tcells,1000,-1,5,raw,0.01,100,recall,0.6714640198511166
cd8+_tcells,1000,-1,5,raw,0.01,100,f1,0.6778557114228457
cd8+_tcells,1000,-1,5,raw,0.05,100,precision,0.826110291157923
cd8+_tcells,1000,-1,5,raw,0.05,100,recall,0.8160371106693174
cd8+_tcells,1000,-1,5,raw,0.05,100,f1,0.8210428057074276
cd8+_tcells,1000,-1,5,bh,-1.0,100,mae,0.02169604980602048
cd8+_tcells,1000,-1,5,bh,0.01,100,precision,0.0
cd8+_tcells,1000,-1,5,bh,0.01,100,recall,0.0
cd8+_tcells,1000,-1,5,bh,0.01,100,f1,0.0
cd8+_tcells,1000,-1,5,bh,0.05,100,precision,0.0
cd8+_tcells,1000,-1,5,bh,0.05,100,recall,0.0
cd8+_tcells,1000,-1,5,bh,0.05,100,f1,0.0
cd8+_tcells,1000,-1,6,raw,-1.0,100,mae,0.04726460737882844
cd8+_tcells,1000,-1,6,raw,0.01,100,precision,0.6312594840667678
cd8+_tcells,1000,-1,6,raw,0.01,100,recall,0.6283987915407855
cd8+_tcells,1000,-1,6,raw,0.01,100,f1,0.6298258894776685
cd8+_tcells,1000,-1,6,raw,0.05,100,precision,0.8128270495102643
cd8+_tcells,1000,-1,6,raw,0.05,100,recall,0.7967907404971721
cd8+_tcells,1000,-1,6,raw,0.05,100,f1,0.8047290116896918
cd8+_tcells,1000,-1,6,bh,-1.0,100,mae,0.024517657382534034
cd8+_tcells,1000,-1,6,bh,0.01,100,precision,0.0
cd8+_tcells,1000,-1,6,bh,0.01,100,recall,0.0
cd8+_tcells,1000,-1,6,bh,0.01,100,f1,0.0
cd8+_tcells,1000,-1,6,bh,0.05,100,precision,0.0
cd8+_tcells,1000,-1,6,bh,0.05,100,recall,0.0
cd8+_tcells,1000,-1,6,bh,0.05,100,f1,0.0
cd8+_tcells,1000,-1,7,raw,-1.0,100,mae,0.04656131562734295
cd8+_tcells,1000,-1,7,raw,0.01,100,precision,0.6737481031866465
cd8+_tcells,1000,-1,7,raw,0.01,100,recall,0.6431675519072911
cd8+_tcells,1000,-1,7,raw,0.01,100,f1,0.658102766798419
cd8+_tcells,1000,-1,7,raw,0.05,100,precision,0.817657319200322
cd8+_tcells,1000,-1,7,raw,0.05,100,recall,0.8088664719936289
cd8+_tcells,1000,-1,7,raw,0.05,100,f1,0.8132381397210916
cd8+_tcells,1000,-1,7,bh,-1.0,100,mae,0.022965755556413087
cd8+_tcells,1000,-1,7,bh,0.01,100,precision,0.0
cd8+_tcells,1000,-1,7,bh,0.01,100,recall,0.0
cd8+_tcells,1000,-1,7,bh,0.01,100,f1,0.0
cd8+_tcells,1000,-1,7,bh,0.05,100,precision,0.0
cd8+_tcells,1000,-1,7,bh,0.05,100,recall,0.0
cd8+_tcells,1000,-1,7,bh,0.05,100,f1,0.0
cd8+_tcells,1000,-1,8,raw,-1.0,100,mae,0.04575415694458824
cd8+_tcells,1000,-1,8,raw,0.01,100,precision,0.6793120890237734
cd8+_tcells,1000,-1,8,raw,0.01,100,recall,0.6132420091324201
cd8+_tcells,1000,-1,8,raw,0.01,100,f1,0.6445884329253659
cd8+_tcells,1000,-1,8,raw,0.05,100,precision,0.8246343754192943
cd8+_tcells,1000,-1,8,raw,0.05,100,recall,0.7966299416720674
cd8+_tcells,1000,-1,8,raw,0.05,100,f1,0.8103902953586498
cd8+_tcells,1000,-1,8,bh,-1.0,100,mae,0.023904759773457167
cd8+_tcells,1000,-1,8,bh,0.01,100,precision,0.0
cd8+_tcells,1000,-1,8,bh,0.01,100,recall,0.0
cd8+_tcells,1000,-1,8,bh,0.01,100,f1,0.0
cd8+_tcells,1000,-1,8,bh,0.05,100,precision,0.0
cd8+_tcells,1000,-1,8,bh,0.05,100,recall,0.0
cd8+_tcells,1000,-1,8,bh,0.05,100,f1,0.0
cd8+_tcells,1000,-1,9,raw,-1.0,100,mae,0.046139590858213744
cd8+_tcells,1000,-1,9,raw,0.01,100,precision,0.6929691451694486
cd8+_tcells,1000,-1,9,raw,0.01,100,recall,0.6024626209322779
cd8+_tcells,1000,-1,9,raw,0.01,100,f1,0.6445542225358739
cd8+_tcells,1000,-1,9,raw,0.05,100,precision,0.8228901113645511
cd8+_tcells,1000,-1,9,raw,0.05,100,recall,0.7943271596943401
cd8+_tcells,1000,-1,9,raw,0.05,100,f1,0.80835639910373
cd8+_tcells,1000,-1,9,bh,-1.0,100,mae,0.024939237904675494
cd8+_tcells,1000,-1,9,bh,0.01,100,precision,0.0
cd8+_tcells,1000,-1,9,bh,0.01,100,recall,0.0
cd8+_tcells,1000,-1,9,bh,0.01,100,f1,0.0
cd8+_tcells,1000,-1,9,bh,0.05,100,precision,0.0
cd8+_tcells,1000,-1,9,bh,0.05,100,recall,0.0
cd8+_tcells,1000,-1,9,bh,0.05,100,f1,0.0
cd8+_tcells,1000,0,1,raw,-1.0,100,mae,0.045650464941432316
cd8+_tcells,1000,0,1,raw,0.01,100,precision,0.6718979892103972
cd8+_tcells,1000,0,1,raw,0.01,100,recall,0.6577052328372539
cd8+_tcells,1000,0,1,raw,0.01,100,f1,0.6647258612324114
cd8+_tcells,1000,0,1,raw,0.05,100,precision,0.8270081802333378
cd8+_tcells,1000,0,1,raw,0.05,100,recall,0.8044612575006522
cd8+_tcells,1000,0,1,raw,0.05,100,f1,0.8155789195265489
cd8+_tcells,1000,0,1,bh,-1.0,100,mae,0.023817842008296716
cd8+_tcells,1000,0,1,bh,0.01,100,precision,0.0
cd8+_tcells,1000,0,1,bh,0.01,100,recall,0.0
cd8+_tcells,1000,0,1,bh,0.01,100,f1,0.0
cd8+_tcells,1000,0,1,bh,0.05,100,precision,0.0
cd8+_tcells,1000,0,1,bh,0.05,100,recall,0.0
cd8+_tcells,1000,0,1,bh,0.05,100,f1,0.0
cd8+_tcells,1000,0,2,raw,-1.0,100,mae,0.04884893130091267
cd8+_tcells,1000,0,2,raw,0.01,100,precision,0.6562040215792055
cd8+_tcells,1000,0,2,raw,0.01,100,recall,0.6730382293762576
cd8+_tcells,1000,0,2,raw,0.01,100,f1,0.6645145269431338
cd8+_tcells,1000,0,2,raw,0.05,100,precision,0.8138661660185061
cd8+_tcells,1000,0,2,raw,0.05,100,recall,0.8131028938906752
cd8+_tcells,1000,0,2,raw,0.05,100,f1,0.8134843509148181
cd8+_tcells,1000,0,2,bh,-1.0,100,mae,0.023142767297299267
cd8+_tcells,1000,0,2,bh,0.01,100,precision,0.0
cd8+_tcells,1000,0,2,bh,0.01,100,recall,0.0
cd8+_tcells,1000,0,2,bh,0.01,100,f1,0.0
cd8+_tcells,1000,0,2,bh,0.05,100,precision,0.0
cd8+_tcells,1000,0,2,bh,0.05,100,recall,0.0
cd8+_tcells,1000,0,2,bh,0.05,100,f1,0.0
cd8+_tcells,1000,0,3,raw,-1.0,100,mae,0.043687569670167126
cd8+_tcells,1000,0,3,raw,0.01,100,precision,0.6581657675331045
cd8+_tcells,1000,0,3,raw,0.01,100,recall,0.6875
cd8+_tcells,1000,0,3,raw,0.01,100,f1,0.6725131545978451
cd8+_tcells,1000,0,3,raw,0.05,100,precision,0.8186938447096688
cd8+_tcells,1000,0,3,raw,0.05,100,recall,0.8295964125560538
cd8+_tcells,1000,0,3,raw,0.05,100,f1,0.8241090712742981
cd8+_tcells,1000,0,3,bh,-1.0,100,mae,0.020514075577078288
cd8+_tcells,1000,0,3,bh,0.01,100,precision,0.0
cd8+_tcells,1000,0,3,bh,0.01,100,recall,0.0
cd8+_tcells,1000,0,3,bh,0.01,100,f1,0.0
cd8+_tcells,1000,0,3,bh,0.05,100,precision,0.0
cd8+_tcells,1000,0,3,bh,0.05,100,recall,0.0
cd8+_tcells,1000,0,3,bh,0.05,100,f1,0.0
cd8+_tcells,1000,0,4,raw,-1.0,100,mae,0.04744642496858224
cd8+_tcells,1000,0,4,raw,0.01,100,precision,0.687591956841589
cd8+_tcells,1000,0,4,raw,0.01,100,recall,0.6395985401459854
cd8+_tcells,1000,0,4,raw,0.01,100,f1,0.662727487591586
cd8+_tcells,1000,0,4,raw,0.05,100,precision,0.8209735818693845
cd8+_tcells,1000,0,4,raw,0.05,100,recall,0.8041507946932878
cd8+_tcells,1000,0,4,raw,0.05,100,f1,0.8124751161247512
cd8+_tcells,1000,0,4,bh,-1.0,100,mae,0.023964641753579492
cd8+_tcells,1000,0,4,bh,0.01,100,precision,0.0
cd8+_tcells,1000,0,4,bh,0.01,100,recall,0.0
cd8+_tcells,1000,0,4,bh,0.01,100,f1,0.0
cd8+_tcells,1000,0,4,bh,0.05,100,precision,0.0
cd8+_tcells,1000,0,4,bh,0.05,100,recall,0.0
cd8+_tcells,1000,0,4,bh,0.05,100,f1,0.0
cd8+_tcells,1000,0,5,raw,-1.0,100,mae,0.048506152934912936
cd8+_tcells,1000,0,5,raw,0.01,100,precision,0.6851397743992153
cd8+_tcells,1000,0,5,raw,0.01,100,recall,0.6933002481389579
cd8+_tcells,1000,0,5,raw,0.01,100,f1,0.689195855944746
cd8+_tcells,1000,0,5,raw,0.05,100,precision,0.8351884135711413
cd8+_tcells,1000,0,5,raw,0.05,100,recall,0.8254473161033797
cd8+_tcells,1000,0,5,raw,0.05,100,f1,0.8302892947606986
cd8+_tcells,1000,0,5,bh,-1.0,100,mae,0.02409923951586149
cd8+_tcells,1000,0,5,bh,0.01,100,precision,0.0
cd8+_tcells,1000,0,5,bh,0.01,100,recall,0.0
cd8+_tcells,1000,0,5,bh,0.01,100,f1,0.0
cd8+_tcells,1000,0,5,bh,0.05,100,precision,0.0
cd8+_tcells,1000,0,5,bh,0.05,100,recall,0.0
cd8+_tcells,1000,0,5,bh,0.05,100,f1,0.0
cd8+_tcells,1000,0,6,raw,-1.0,100,mae,0.050783972634138315
cd8+_tcells,1000,0,6,raw,0.01,100,precision,0.6115743011280039
cd8+_tcells,1000,0,6,raw,0.01,100,recall,0.6278952668680765
cd8+_tcells,1000,0,6,raw,0.01,100,f1,0.6196273291925466
cd8+_tcells,1000,0,6,raw,0.05,100,precision,0.8093066916990747
cd8+_tcells,1000,0,6,raw,0.05,100,recall,0.7937656188346706
cd8+_tcells,1000,0,6,raw,0.05,100,f1,0.8014608233731739
cd8+_tcells,1000,0,6,bh,-1.0,100,mae,0.02639807130348069
cd8+_tcells,1000,0,6,bh,0.01,100,precision,0.0
cd8+_tcells,1000,0,6,bh,0.01,100,recall,0.0
cd8+_tcells,1000,0,6,bh,0.01,100,f1,0.0
cd8+_tcells,1000,0,6,bh,0.05,100,precision,0.0
cd8+_tcells,1000,0,6,bh,0.05,100,recall,0.0
cd8+_tcells,1000,0,6,bh,0.05,100,f1,0.0
cd8+_tcells,1000,0,7,raw,-1.0,100,mae,0.048471826656681594
cd8+_tcells,1000,0,7,raw,0.01,100,precision,0.6542422756253066
cd8+_tcells,1000,0,7,raw,0.01,100,recall,0.644133268952197
cd8+_tcells,1000,0,7,raw,0.01,100,f1,0.6491484184914842
cd8+_tcells,1000,0,7,raw,0.05,100,precision,0.8078315676545528
cd8+_tcells,1000,0,7,raw,0.05,100,recall,0.7995752588266525
cd8+_tcells,1000,0,7,raw,0.05,100,f1,0.8036822093255953
cd8+_tcells,1000,0,7,bh,-1.0,100,mae,0.023974786006690695
cd8+_tcells,1000,0,7,bh,0.01,100,precision,0.0
cd8+_tcells,1000,0,7,bh,0.01,100,recall,0.0
cd8+_tcells,1000,0,7,bh,0.01,100,f1,0.0
cd8+_tcells,1000,0,7,bh,0.05,100,precision,0.0
cd8+_tcells,1000,0,7,bh,0.05,100,recall,0.0
cd8+_tcells,1000,0,7,bh,0.05,100,f1,0.0
cd8+_tcells,1000,0,8,raw,-1.0,100,mae,0.04922101685389313
cd8+_tcells,1000,0,8,raw,0.01,100,precision,0.6728788621873467
cd8+_tcells,1000,0,8,raw,0.01,100,recall,0.6264840182648402
cd8+_tcells,1000,0,8,raw,0.01,100,f1,0.6488531567746512
cd8+_tcells,1000,0,8,raw,0.05,100,precision,0.8229851146573689
cd8+_tcells,1000,0,8,raw,0.05,100,recall,0.7954633830200908
cd8+_tcells,1000,0,8,raw,0.05,100,f1,0.8089902451885052
cd8+_tcells,1000,0,8,bh,-1.0,100,mae,0.025654029242604598
cd8+_tcells,1000,0,8,bh,0.01,100,precision,0.0
cd8+_tcells,1000,0,8,bh,0.01,100,recall,0.0
cd8+_tcells,1000,0,8,bh,0.01,100,f1,0.0
cd8+_tcells,1000,0,8,bh,0.05,100,precision,0.0
cd8+_tcells,1000,0,8,bh,0.05,100,recall,0.0
cd8+_tcells,1000,0,8,bh,0.05,100,f1,0.0
cd8+_tcells,1000,0,9,raw,-1.0,100,mae,0.050046220044334316
cd8+_tcells,1000,0,9,raw,0.01,100,precision,0.6866110838646395
cd8+_tcells,1000,0,9,raw,0.01,100,recall,0.6156552330694811
cd8+_tcells,1000,0,9,raw,0.01,100,f1,0.6492000927428704
cd8+_tcells,1000,0,9,raw,0.05,100,precision,0.8184256403379375
cd8+_tcells,1000,0,9,raw,0.05,100,recall,0.7904416526356689
cd8+_tcells,1000,0,9,raw,0.05,100,f1,0.8041902753986032
cd8+_tcells,1000,0,9,bh,-1.0,100,mae,0.026563565622187015
cd8+_tcells,1000,0,9,bh,0.01,100,precision,0.0
cd8+_tcells,1000,0,9,bh,0.01,100,recall,0.0
cd8+_tcells,1000,0,9,bh,0.01,100,f1,0.0
cd8+_tcells,1000,0,9,bh,0.05,100,precision,0.0
cd8+_tcells,1000,0,9,bh,0.05,100,recall,0.0
cd8+_tcells,1000,0,9,bh,0.05,100,f1,0.0
cd8+_tcells,1000,1,2,raw,-1.0,100,mae,0.05191443883828249
cd8+_tcells,1000,1,2,raw,0.01,100,precision,0.5933749399903985
cd8+_tcells,1000,1,2,raw,0.01,100,recall,0.6217303822937625
cd8+_tcells,1000,1,2,raw,0.01,100,f1,0.6072218128224024
cd8+_tcells,1000,1,2,raw,0.05,100,precision,0.7788938168536395
cd8+_tcells,1000,1,2,raw,0.05,100,recall,0.79997320471597
cd8+_tcells,1000,1,2,raw,0.05,100,f1,0.7892927957699933
cd8+_tcells,1000,1,2,bh,-1.0,100,mae,0.02651401988381044
cd8+_tcells,1000,1,2,bh,0.01,100,precision,0.0
cd8+_tcells,1000,1,2,bh,0.01,100,recall,0.0
cd8+_tcells,1000,1,2,bh,0.01,100,f1,0.0
cd8+_tcells,1000,1,2,bh,0.05,100,precision,0.0
cd8+_tcells,1000,1,2,bh,0.05,100,recall,0.0
cd8+_tcells,1000,1,2,bh,0.05,100,f1,0.0
cd8+_tcells,1000,1,3,raw,-1.0,100,mae,0.048687513020370436
cd8+_tcells,1000,1,3,raw,0.01,100,precision,0.6082573211713874
cd8+_tcells,1000,1,3,raw,0.01,100,recall,0.649077868852459
cd8+_tcells,1000,1,3,raw,0.01,100,f1,0.628004956629492
cd8+_tcells,1000,1,3,raw,0.05,100,precision,0.7875032611531437
cd8+_tcells,1000,1,3,raw,0.05,100,recall,0.8203560266340535
cd8+_tcells,1000,1,3,raw,0.05,100,f1,0.8035940099833611
cd8+_tcells,1000,1,3,bh,-1.0,100,mae,0.02580851642851085
cd8+_tcells,1000,1,3,bh,0.01,100,precision,0.0
cd8+_tcells,1000,1,3,bh,0.01,100,recall,0.0
cd8+_tcells,1000,1,3,bh,0.01,100,f1,0.0
cd8+_tcells,1000,1,3,bh,0.05,100,precision,0.0
cd8+_tcells,1000,1,3,bh,0.05,100,recall,0.0
cd8+_tcells,1000,1,3,bh,0.05,100,f1,0.0
cd8+_tcells,1000,1,4,raw,-1.0,100,mae,0.050957703162654536
cd8+_tcells,1000,1,4,raw,0.01,100,precision,0.6581853096495439
cd8+_tcells,1000,1,4,raw,0.01,100,recall,0.6254562043795621
cd8+_tcells,1000,1,4,raw,0.01,100,f1,0.6414035087719299
cd8+_tcells,1000,1,4,raw,0.05,100,precision,0.8017218888599008
cd8+_tcells,1000,1,4,raw,0.05,100,recall,0.8073032969919874
cd8+_tcells,1000,1,4,raw,0.05,100,f1,0.8045029124942732
cd8+_tcells,1000,1,4,bh,-1.0,100,mae,0.02665628842076706
cd8+_tcells,1000,1,4,bh,0.01,100,precision,0.0
cd8+_tcells,1000,1,4,bh,0.01,100,recall,0.0
cd8+_tcells,1000,1,4,bh,0.01,100,f1,0.0
cd8+_tcells,1000,1,4,bh,0.05,100,precision,0.0
cd8+_tcells,1000,1,4,bh,0.05,100,recall,0.0
cd8+_tcells,1000,1,4,bh,0.05,100,f1,0.0
cd8+_tcells,1000,1,5,raw,-1.0,100,mae,0.05105780241148362
cd8+_tcells,1000,1,5,raw,0.01,100,precision,0.6303408545367258
cd8+_tcells,1000,1,5,raw,0.01,100,recall,0.6516129032258065
cd8+_tcells,1000,1,5,raw,0.01,100,f1,0.6408003904343582
cd8+_tcells,1000,1,5,raw,0.05,100,precision,0.8002869814766501
cd8+_tcells,1000,1,5,raw,0.05,100,recall,0.8131212723658051
cd8+_tcells,1000,1,5,raw,0.05,100,f1,0.806653080007889
cd8+_tcells,1000,1,5,bh,-1.0,100,mae,0.0250505927508393
cd8+_tcells,1000,1,5,bh,0.01,100,precision,0.0
cd8+_tcells,1000,1,5,bh,0.01,100,recall,0.0
cd8+_tcells,1000,1,5,bh,0.01,100,f1,0.0
cd8+_tcells,1000,1,5,bh,0.05,100,precision,0.0
cd8+_tcells,1000,1,5,bh,0.05,100,recall,0.0
cd8+_tcells,1000,1,5,bh,0.05,100,f1,0.0
cd8+_tcells,1000,1,6,raw,-1.0,100,mae,0.049842092392131464
cd8+_tcells,1000,1,6,raw,0.01,100,precision,0.5808929428708594
cd8+_tcells,1000,1,6,raw,0.01,100,recall,0.6092648539778449
cd8+_tcells,1000,1,6,raw,0.01,100,f1,0.5947407225362497
cd8+_tcells,1000,1,6,raw,0.05,100,precision,0.7925906600573963
cd8+_tcells,1000,1,6,raw,0.05,100,recall,0.7991582270156518
cd8+_tcells,1000,1,6,raw,0.05,100,f1,0.7958608946230925
cd8+_tcells,1000,1,6,bh,-1.0,100,mae,0.024908645142884708
cd8+_tcells,1000,1,6,bh,0.01,100,precision,0.0
cd8+_tcells,1000,1,6,bh,0.01,100,recall,0.0
cd8+_tcells,1000,1,6,bh,0.01,100,f1,0.0
cd8+_tcells,1000,1,6,bh,0.05,100,precision,0.0
cd8+_tcells,1000,1,6,bh,0.05,100,recall,0.0
cd8+_tcells,1000,1,6,bh,0.05,100,f1,0.0
cd8+_tcells,1000,1,7,raw,-1.0,100,mae,0.04854224195028592
cd8+_tcells,1000,1,7,raw,0.01,100,precision,0.6173787806048968
cd8+_tcells,1000,1,7,raw,0.01,100,recall,0.6209560598744568
cd8+_tcells,1000,1,7,raw,0.01,100,f1,0.6191622532498796
cd8+_tcells,1000,1,7,raw,0.05,100,precision,0.791938429428646
cd8+_tcells,1000,1,7,raw,0.05,100,recall,0.8058136448101938
cd8+_tcells,1000,1,7,raw,0.05,100,f1,0.7988157894736843
cd8+_tcells,1000,1,7,bh,-1.0,100,mae,0.025291798382996975
cd8+_tcells,1000,1,7,bh,0.01,100,precision,0.0
cd8+_tcells,1000,1,7,bh,0.01,100,recall,0.0
cd8+_tcells,1000,1,7,bh,0.01,100,f1,0.0
cd8+_tcells,1000,1,7,bh,0.05,100,precision,0.0
cd8+_tcells,1000,1,7,bh,0.05,100,recall,0.0
cd8+_tcells,1000,1,7,bh,0.05,100,f1,0.0
cd8+_tcells,1000,1,8,raw,-1.0,100,mae,0.0491462149014478
cd8+_tcells,1000,1,8,raw,0.01,100,precision,0.6404224675948151
cd8+_tcells,1000,1,8,raw,0.01,100,recall,0.6091324200913242
cd8+_tcells,1000,1,8,raw,0.01,100,f1,0.6243856775099462
cd8+_tcells,1000,1,8,raw,0.05,100,precision,0.8022436733629011
cd8+_tcells,1000,1,8,raw,0.05,100,recall,0.7971484121840571
cd8+_tcells,1000,1,8,raw,0.05,100,f1,0.7996879266627658
cd8+_tcells,1000,1,8,bh,-1.0,100,mae,0.025432466082573876
cd8+_tcells,1000,1,8,bh,0.01,100,precision,0.0
cd8+_tcells,1000,1,8,bh,0.01,100,recall,0.0
cd8+_tcells,1000,1,8,bh,0.01,100,f1,0.0
cd8+_tcells,1000,1,8,bh,0.05,100,precision,0.0
cd8+_tcells,1000,1,8,bh,0.05,100,recall,0.0
cd8+_tcells,1000,1,8,bh,0.05,100,f1,0.0
cd8+_tcells,1000,1,9,raw,-1.0,100,mae,0.05098936515116037
cd8+_tcells,1000,1,9,raw,0.01,100,precision,0.6327412385981757
cd8+_tcells,1000,1,9,raw,0.01,100,recall,0.5795954265611257
cd8+_tcells,1000,1,9,raw,0.01,100,f1,0.6050034427358274
cd8+_tcells,1000,1,9,raw,0.05,100,precision,0.7856770153926428
cd8+_tcells,1000,1,9,raw,0.05,100,recall,0.7800803004792125
cd8+_tcells,1000,1,9,raw,0.05,100,f1,0.7828686553584194
cd8+_tcells,1000,1,9,bh,-1.0,100,mae,0.026845959827125034
cd8+_tcells,1000,1,9,bh,0.01,100,precision,0.0
cd8+_tcells,1000,1,9,bh,0.01,100,recall,0.0
cd8+_tcells,1000,1,9,bh,0.01,100,f1,0.0
cd8+_tcells,1000,1,9,bh,0.05,100,precision,0.0
cd8+_tcells,1000,1,9,bh,0.05,100,recall,0.0
cd8+_tcells,1000,1,9,bh,0.05,100,f1,0.0
cd8+_tcells,1000,2,3,raw,-1.0,100,mae,0.04157361724507006
cd8+_tcells,1000,2,3,raw,0.01,100,precision,0.6619718309859155
cd8+_tcells,1000,2,3,raw,0.01,100,recall,0.6741803278688525
cd8+_tcells,1000,2,3,raw,0.01,100,f1,0.6680203045685279
cd8+_tcells,1000,2,3,raw,0.05,100,precision,0.8143086816720257
cd8+_tcells,1000,2,3,raw,0.05,100,recall,0.8259274357929066
cd8+_tcells,1000,2,3,raw,0.05,100,f1,0.8200769075086015
cd8+_tcells,1000,2,3,bh,-1.0,100,mae,0.020238886870320223
cd8+_tcells,1000,2,3,bh,0.01,100,precision,0.0
cd8+_tcells,1000,2,3,bh,0.01,100,recall,0.0
cd8+_tcells,1000,2,3,bh,0.01,100,f1,0.0
cd8+_tcells,1000,2,3,bh,0.05,100,precision,0.0
cd8+_tcells,1000,2,3,bh,0.05,100,recall,0.0
cd8+_tcells,1000,2,3,bh,0.05,100,f1,0.0
cd8+_tcells,1000,2,4,raw,-1.0,100,mae,0.04682312918890598
cd8+_tcells,1000,2,4,raw,0.01,100,precision,0.7077464788732394
cd8+_tcells,1000,2,4,raw,0.01,100,recall,0.6418795620437956
cd8+_tcells,1000,2,4,raw,0.01,100,f1,0.6732057416267943
cd8+_tcells,1000,2,4,raw,0.05,100,precision,0.8214094319399786
cd8+_tcells,1000,2,4,raw,0.05,100,recall,0.8053329830553001
cd8+_tcells,1000,2,4,raw,0.05,100,f1,0.8132917689195464
cd8+_tcells,1000,2,4,bh,-1.0,100,mae,0.023347956531907542
cd8+_tcells,1000,2,4,bh,0.01,100,precision,0.0
cd8+_tcells,1000,2,4,bh,0.01,100,recall,0.0
cd8+_tcells,1000,2,4,bh,0.01,100,f1,0.0
cd8+_tcells,1000,2,4,bh,0.05,100,precision,0.0
cd8+_tcells,1000,2,4,bh,0.05,100,recall,0.0
cd8+_tcells,1000,2,4,bh,0.05,100,f1,0.0
cd8+_tcells,1000,2,5,raw,-1.0,100,mae,0.04557735844608505
cd8+_tcells,1000,2,5,raw,0.01,100,precision,0.6780684104627767
cd8+_tcells,1000,2,5,raw,0.01,100,recall,0.6689826302729529
cd8+_tcells,1000,2,5,raw,0.01,100,f1,0.6734948788408693
cd8+_tcells,1000,2,5,raw,0.05,100,precision,0.819935691318328
cd8+_tcells,1000,2,5,raw,0.05,100,recall,0.8111332007952287
cd8+_tcells,1000,2,5,raw,0.05,100,f1,0.8155106935838496
cd8+_tcells,1000,2,5,bh,-1.0,100,mae,0.021880072179607263
cd8+_tcells,1000,2,5,bh,0.01,100,precision,0.0
cd8+_tcells,1000,2,5,bh,0.01,100,recall,0.0
cd8+_tcells,1000,2,5,bh,0.01,100,f1,0.0
cd8+_tcells,1000,2,5,bh,0.05,100,precision,0.0
cd8+_tcells,1000,2,5,bh,0.05,100,recall,0.0
cd8+_tcells,1000,2,5,bh,0.05,100,f1,0.0
cd8+_tcells,1000,2,6,raw,-1.0,100,mae,0.04986601717562629
cd8+_tcells,1000,2,6,raw,0.01,100,precision,0.6096579476861167
cd8+_tcells,1000,2,6,raw,0.01,100,recall,0.6102719033232629
cd8+_tcells,1000,2,6,raw,0.01,100,f1,0.6099647710115752
cd8+_tcells,1000,2,6,raw,0.05,100,precision,0.8002411575562701
cd8+_tcells,1000,2,6,raw,0.05,100,recall,0.7856109430487965
cd8+_tcells,1000,2,6,raw,0.05,100,f1,0.792858565075994
cd8+_tcells,1000,2,6,bh,-1.0,100,mae,0.025253152306933146
cd8+_tcells,1000,2,6,bh,0.01,100,precision,0.0
cd8+_tcells,1000,2,6,bh,0.01,100,recall,0.0
cd8+_tcells,1000,2,6,bh,0.01,100,f1,0.0
cd8+_tcells,1000,2,6,bh,0.05,100,precision,0.0
cd8+_tcells,1000,2,6,bh,0.05,100,recall,0.0
cd8+_tcells,1000,2,6,bh,0.05,100,f1,0.0
cd8+_tcells,1000,2,7,raw,-1.0,100,mae,0.04859076431771133
cd8+_tcells,1000,2,7,raw,0.01,100,precision,0.6664989939637826
cd8+_tcells,1000,2,7,raw,0.01,100,recall,0.6397875422501207
cd8+_tcells,1000,2,7,raw,0.01,100,f1,0.6528701650652871
cd8+_tcells,1000,2,7,raw,0.05,100,precision,0.809887459807074
cd8+_tcells,1000,2,7,raw,0.05,100,recall,0.8023626227767454
cd8+_tcells,1000,2,7,raw,0.05,100,f1,0.8061074809974663
cd8+_tcells,1000,2,7,bh,-1.0,100,mae,0.02365909643569447
cd8+_tcells,1000,2,7,bh,0.01,100,precision,0.0
cd8+_tcells,1000,2,7,bh,0.01,100,recall,0.0
cd8+_tcells,1000,2,7,bh,0.01,100,f1,0.0
cd8+_tcells,1000,2,7,bh,0.05,100,precision,0.0
cd8+_tcells,1000,2,7,bh,0.05,100,recall,0.0
cd8+_tcells,1000,2,7,bh,0.05,100,f1,0.0
cd8+_tcells,1000,2,8,raw,-1.0,100,mae,0.04723382003088908
cd8+_tcells,1000,2,8,raw,0.01,100,precision,0.6710261569416499
cd8+_tcells,1000,2,8,raw,0.01,100,recall,0.6091324200913242
cd8+_tcells,1000,2,8,raw,0.01,100,f1,0.6385830540928674
cd8+_tcells,1000,2,8,raw,0.05,100,precision,0.8129689174705252
cd8+_tcells,1000,2,8,raw,0.05,100,recall,0.7865197666882696
cd8+_tcells,1000,2,8,raw,0.05,100,f1,0.7995256604519402
cd8+_tcells,1000,2,8,bh,-1.0,100,mae,0.024810584289350606
cd8+_tcells,1000,2,8,bh,0.01,100,precision,0.0
cd8+_tcells,1000,2,8,bh,0.01,100,recall,0.0
cd8+_tcells,1000,2,8,bh,0.01,100,f1,0.0
cd8+_tcells,1000,2,8,bh,0.05,100,precision,0.0
cd8+_tcells,1000,2,8,bh,0.05,100,recall,0.0
cd8+_tcells,1000,2,8,bh,0.05,100,f1,0.0
cd8+_tcells,1000,2,9,raw,-1.0,100,mae,0.04734938023373141
cd8+_tcells,1000,2,9,raw,0.01,100,precision,0.7037223340040242
cd8+_tcells,1000,2,9,raw,0.01,100,recall,0.6152154793315743
cd8+_tcells,1000,2,9,raw,0.01,100,f1,0.6564992961051149
cd8+_tcells,1000,2,9,raw,0.05,100,precision,0.8251607717041801
cd8+_tcells,1000,2,9,raw,0.05,100,recall,0.7976945991451885
cd8+_tcells,1000,2,9,raw,0.05,100,f1,0.811195258478762
cd8+_tcells,1000,2,9,bh,-1.0,100,mae,0.02501119937867807
cd8+_tcells,1000,2,9,bh,0.01,100,precision,0.0
cd8+_tcells,1000,2,9,bh,0.01,100,recall,0.0
cd8+_tcells,1000,2,9,bh,0.01,100,f1,0.0
cd8+_tcells,1000,2,9,bh,0.05,100,precision,0.0
cd8+_tcells,1000,2,9,bh,0.05,100,recall,0.0
cd8+_tcells,1000,2,9,bh,0.05,100,f1,0.0
cd8+_tcells,1000,3,4,raw,-1.0,100,mae,0.0466825542658629
cd8+_tcells,1000,3,4,raw,0.01,100,precision,0.6808401639344263
cd8+_tcells,1000,3,4,raw,0.01,100,recall,0.6062956204379562
cd8+_tcells,1000,3,4,raw,0.01,100,f1,0.6414092664092664
cd8+_tcells,1000,3,4,raw,0.05,100,precision,0.8248403315667889
cd8+_tcells,1000,3,4,raw,0.05,100,recall,0.7973203730461054
cd8+_tcells,1000,3,4,raw,0.05,100,f1,0.8108469142399145
cd8+_tcells,1000,3,4,bh,-1.0,100,mae,0.02399854054241429
cd8+_tcells,1000,3,4,bh,0.01,100,precision,0.0
cd8+_tcells,1000,3,4,bh,0.01,100,recall,0.0
cd8+_tcells,1000,3,4,bh,0.01,100,f1,0.0
cd8+_tcells,1000,3,4,bh,0.05,100,precision,0.0
cd8+_tcells,1000,3,4,bh,0.05,100,recall,0.0
cd8+_tcells,1000,3,4,bh,0.05,100,f1,0.0
cd8+_tcells,1000,3,5,raw,-1.0,100,mae,0.043193397750117664
cd8+_tcells,1000,3,5,raw,0.01,100,precision,0.7079918032786885
cd8+_tcells,1000,3,5,raw,0.01,100,recall,0.6858560794044665
cd8+_tcells,1000,3,5,raw,0.01,100,f1,0.6967481724224855
cd8+_tcells,1000,3,5,raw,0.05,100,precision,0.8464465280608778
cd8+_tcells,1000,3,5,raw,0.05,100,recall,0.8255798542080848
cd8+_tcells,1000,3,5,raw,0.05,100,f1,0.8358829844337091
cd8+_tcells,1000,3,5,bh,-1.0,100,mae,0.02192096801825608
cd8+_tcells,1000,3,5,bh,0.01,100,precision,0.0
cd8+_tcells,1000,3,5,bh,0.01,100,recall,0.0
cd8+_tcells,1000,3,5,bh,0.01,100,f1,0.0
cd8+_tcells,1000,3,5,bh,0.05,100,precision,0.0
cd8+_tcells,1000,3,5,bh,0.05,100,recall,0.0
cd8+_tcells,1000,3,5,bh,0.05,100,f1,0.0
cd8+_tcells,1000,3,6,raw,-1.0,100,mae,0.046103945891128345
cd8+_tcells,1000,3,6,raw,0.01,100,precision,0.641905737704918
cd8+_tcells,1000,3,6,raw,0.01,100,recall,0.6309164149043303
cd8+_tcells,1000,3,6,raw,0.01,100,f1,0.6363636363636364
cd8+_tcells,1000,3,6,raw,0.05,100,precision,0.8225302350862889
cd8+_tcells,1000,3,6,raw,0.05,100,recall,0.7961331053531501
cd8+_tcells,1000,3,6,raw,0.05,100,f1,0.8091164282849886
cd8+_tcells,1000,3,6,bh,-1.0,100,mae,0.024581663270041822
cd8+_tcells,1000,3,6,bh,0.01,100,precision,0.0
cd8+_tcells,1000,3,6,bh,0.01,100,recall,0.0
cd8+_tcells,1000,3,6,bh,0.01,100,f1,0.0
cd8+_tcells,1000,3,6,bh,0.05,100,precision,0.0
cd8+_tcells,1000,3,6,bh,0.05,100,recall,0.0
cd8+_tcells,1000,3,6,bh,0.05,100,f1,0.0
cd8+_tcells,1000,3,7,raw,-1.0,100,mae,0.04397003820510731
cd8+_tcells,1000,3,7,raw,0.01,100,precision,0.6516393442622951
cd8+_tcells,1000,3,7,raw,0.01,100,recall,0.6141960405601159
cd8+_tcells,1000,3,7,raw,0.01,100,f1,0.6323639075316928
cd8+_tcells,1000,3,7,raw,0.05,100,precision,0.8222584590297595
cd8+_tcells,1000,3,7,raw,0.05,100,recall,0.803159012476772
cd8+_tcells,1000,3,7,raw,0.05,100,f1,0.8125965218559055
cd8+_tcells,1000,3,7,bh,-1.0,100,mae,0.022351680133043846
cd8+_tcells,1000,3,7,bh,0.01,100,precision,0.0
cd8+_tcells,1000,3,7,bh,0.01,100,recall,0.0
cd8+_tcells,1000,3,7,bh,0.01,100,f1,0.0
cd8+_tcells,1000,3,7,bh,0.05,100,precision,0.0
cd8+_tcells,1000,3,7,bh,0.05,100,recall,0.0
cd8+_tcells,1000,3,7,bh,0.05,100,f1,0.0
cd8+_tcells,1000,3,8,raw,-1.0,100,mae,0.04508127577279809
cd8+_tcells,1000,3,8,raw,0.01,100,precision,0.6941598360655737
cd8+_tcells,1000,3,8,raw,0.01,100,recall,0.6187214611872146
cd8+_tcells,1000,3,8,raw,0.01,100,f1,0.6542732979237084
cd8+_tcells,1000,3,8,raw,0.05,100,precision,0.8338089414322598
cd8+_tcells,1000,3,8,raw,0.05,100,recall,0.7953337653920933
cd8+_tcells,1000,3,8,raw,0.05,100,f1,0.8141170226880722
cd8+_tcells,1000,3,8,bh,-1.0,100,mae,0.024730497326293975
cd8+_tcells,1000,3,8,bh,0.01,100,precision,0.0
cd8+_tcells,1000,3,8,bh,0.01,100,recall,0.0
cd8+_tcells,1000,3,8,bh,0.01,100,f1,0.0
cd8+_tcells,1000,3,8,bh,0.05,100,precision,0.0
cd8+_tcells,1000,3,8,bh,0.05,100,recall,0.0
cd8+_tcells,1000,3,8,bh,0.05,100,f1,0.0
cd8+_tcells,1000,3,9,raw,-1.0,100,mae,0.04358273390627045
cd8+_tcells,1000,3,9,raw,0.01,100,precision,0.7033811475409836
cd8+_tcells,1000,3,9,raw,0.01,100,recall,0.6037818821459983
cd8+_tcells,1000,3,9,raw,0.01,100,f1,0.6497870326549929
cd8+_tcells,1000,3,9,raw,0.05,100,precision,0.8308194048104361
cd8+_tcells,1000,3,9,raw,0.05,100,recall,0.7918663385571817
cd8+_tcells,1000,3,9,raw,0.05,100,f1,0.8108753315649867
cd8+_tcells,1000,3,9,bh,-1.0,100,mae,0.025176499797195988
cd8+_tcells,1000,3,9,bh,0.01,100,precision,0.0
cd8+_tcells,1000,3,9,bh,0.01,100,recall,0.0
cd8+_tcells,1000,3,9,bh,0.01,100,f1,0.0
cd8+_tcells,1000,3,9,bh,0.05,100,precision,0.0
cd8+_tcells,1000,3,9,bh,0.05,100,recall,0.0
cd8+_tcells,1000,3,9,bh,0.05,100,f1,0.0
cd8+_tcells,1000,4,5,raw,-1.0,100,mae,0.04702523843980163
cd8+_tcells,1000,4,5,raw,0.01,100,precision,0.6710766423357665
cd8+_tcells,1000,4,5,raw,0.01,100,recall,0.7300248138957817
cd8+_tcells,1000,4,5,raw,0.01,100,f1,0.6993106726883765
cd8+_tcells,1000,4,5,raw,0.05,100,precision,0.8258242479968475
cd8+_tcells,1000,4,5,raw,0.05,100,recall,0.8332670642809807
cd8+_tcells,1000,4,5,raw,0.05,100,f1,0.8295289616044333
cd8+_tcells,1000,4,5,bh,-1.0,100,mae,0.023544270726804383
cd8+_tcells,1000,4,5,bh,0.01,100,precision,0.0
cd8+_tcells,1000,4,5,bh,0.01,100,recall,0.0
cd8+_tcells,1000,4,5,bh,0.01,100,f1,0.0
cd8+_tcells,1000,4,5,bh,0.05,100,precision,0.0
cd8+_tcells,1000,4,5,bh,0.05,100,recall,0.0
cd8+_tcells,1000,4,5,bh,0.05,100,f1,0.0
cd8+_tcells,1000,4,6,raw,-1.0,100,mae,0.04864869243522836
cd8+_tcells,1000,4,6,raw,0.01,100,precision,0.5871350364963503
cd8+_tcells,1000,4,6,raw,0.01,100,recall,0.648036253776435
cd8+_tcells,1000,4,6,raw,0.01,100,f1,0.6160842508377214
cd8+_tcells,1000,4,6,raw,0.05,100,precision,0.7978457900958886
cd8+_tcells,1000,4,6,raw,0.05,100,recall,0.7988951729580429
cd8+_tcells,1000,4,6,raw,0.05,100,f1,0.7983701366982124
cd8+_tcells,1000,4,6,bh,-1.0,100,mae,0.026439273851243294
cd8+_tcells,1000,4,6,bh,0.01,100,precision,0.0
cd8+_tcells,1000,4,6,bh,0.01,100,recall,0.0
cd8+_tcells,1000,4,6,bh,0.01,100,f1,0.0
cd8+_tcells,1000,4,6,bh,0.05,100,precision,0.0
cd8+_tcells,1000,4,6,bh,0.05,100,recall,0.0
cd8+_tcells,1000,4,6,bh,0.05,100,f1,0.0
cd8+_tcells,1000,4,7,raw,-1.0,100,mae,0.04920391426681666
cd8+_tcells,1000,4,7,raw,0.01,100,precision,0.6573905109489051
cd8+_tcells,1000,4,7,raw,0.01,100,recall,0.6957991308546596
cd8+_tcells,1000,4,7,raw,0.01,100,f1,0.6760497302369224
cd8+_tcells,1000,4,7,raw,0.05,100,precision,0.8115066333902535
cd8+_tcells,1000,4,7,raw,0.05,100,recall,0.8200159277940006
cd8+_tcells,1000,4,7,raw,0.05,100,f1,0.8157390902488941
cd8+_tcells,1000,4,7,bh,-1.0,100,mae,0.024342324182186105
cd8+_tcells,1000,4,7,bh,0.01,100,precision,0.0
cd8+_tcells,1000,4,7,bh,0.01,100,recall,0.0
cd8+_tcells,1000,4,7,bh,0.01,100,f1,0.0
cd8+_tcells,1000,4,7,bh,0.05,100,precision,0.0
cd8+_tcells,1000,4,7,bh,0.05,100,recall,0.0
cd8+_tcells,1000,4,7,bh,0.05,100,f1,0.0
cd8+_tcells,1000,4,8,raw,-1.0,100,mae,0.04762699114952557
cd8+_tcells,1000,4,8,raw,0.01,100,precision,0.6806569343065694
cd8+_tcells,1000,4,8,raw,0.01,100,recall,0.6812785388127854
cd8+_tcells,1000,4,8,raw,0.01,100,f1,0.6809675947056139
cd8+_tcells,1000,4,8,raw,0.05,100,precision,0.8314724812820176
cd8+_tcells,1000,4,8,raw,0.05,100,recall,0.8204795852235904
cd8+_tcells,1000,4,8,raw,0.05,100,f1,0.8259394572025052
cd8+_tcells,1000,4,8,bh,-1.0,100,mae,0.024197120492668776
cd8+_tcells,1000,4,8,bh,0.01,100,precision,0.0
cd8+_tcells,1000,4,8,bh,0.01,100,recall,0.0
cd8+_tcells,1000,4,8,bh,0.01,100,f1,0.0
cd8+_tcells,1000,4,8,bh,0.05,100,precision,0.0
cd8+_tcells,1000,4,8,bh,0.05,100,recall,0.0
cd8+_tcells,1000,4,8,bh,0.05,100,f1,0.0
cd8+_tcells,1000,4,9,raw,-1.0,100,mae,0.046811853053603004
cd8+_tcells,1000,4,9,raw,0.01,100,precision,0.7052919708029197
cd8+_tcells,1000,4,9,raw,0.01,100,recall,0.6798592788038699
cd8+_tcells,1000,4,9,raw,0.01,100,f1,0.6923421406180027
cd8+_tcells,1000,4,9,raw,0.05,100,precision,0.8259556022592933
cd8+_tcells,1000,4,9,raw,0.05,100,recall,0.8144022794974745
cd8+_tcells,1000,4,9,raw,0.05,100,f1,0.8201382548584845
cd8+_tcells,1000,4,9,bh,-1.0,100,mae,0.02456290490434645
cd8+_tcells,1000,4,9,bh,0.01,100,precision,0.0
cd8+_tcells,1000,4,9,bh,0.01,100,recall,0.0
cd8+_tcells,1000,4,9,bh,0.01,100,f1,0.0
cd8+_tcells,1000,4,9,bh,0.05,100,precision,0.0
cd8+_tcells,1000,4,9,bh,0.05,100,recall,0.0
cd8+_tcells,1000,4,9,bh,0.05,100,f1,0.0
cd8+_tcells,1000,5,6,raw,-1.0,100,mae,0.05077906119095743
cd8+_tcells,1000,5,6,raw,0.01,100,precision,0.6307692307692307
cd8+_tcells,1000,5,6,raw,0.01,100,recall,0.6399798590130916
cd8+_tcells,1000,5,6,raw,0.01,100,f1,0.6353411647088228
cd8+_tcells,1000,5,6,raw,0.05,100,precision,0.8092776673293572
cd8+_tcells,1000,5,6,raw,0.05,100,recall,0.8031040378797843
cd8+_tcells,1000,5,6,raw,0.05,100,f1,0.8061790335357804
cd8+_tcells,1000,5,6,bh,-1.0,100,mae,0.02496859679569865
cd8+_tcells,1000,5,6,bh,0.01,100,precision,0.0
cd8+_tcells,1000,5,6,bh,0.01,100,recall,0.0
cd8+_tcells,1000,5,6,bh,0.01,100,f1,0.0
cd8+_tcells,1000,5,6,bh,0.05,100,precision,0.0
cd8+_tcells,1000,5,6,bh,0.05,100,recall,0.0
cd8+_tcells,1000,5,6,bh,0.05,100,f1,0.0
cd8+_tcells,1000,5,7,raw,-1.0,100,mae,0.04358930043852326
cd8+_tcells,1000,5,7,raw,0.01,100,precision,0.6918114143920595
cd8+_tcells,1000,5,7,raw,0.01,100,recall,0.6731047802993723
cd8+_tcells,1000,5,7,raw,0.01,100,f1,0.6823299069995106
cd8+_tcells,1000,5,7,raw,0.05,100,precision,0.827037773359841
cd8+_tcells,1000,5,7,raw,0.05,100,recall,0.8282452880276082
cd8+_tcells,1000,5,7,raw,0.05,100,f1,0.8276410902579747
cd8+_tcells,1000,5,7,bh,-1.0,100,mae,0.021729243590732444
cd8+_tcells,1000,5,7,bh,0.01,100,precision,0.0
cd8+_tcells,1000,5,7,bh,0.01,100,recall,0.0
cd8+_tcells,1000,5,7,bh,0.01,100,f1,0.0
cd8+_tcells,1000,5,7,bh,0.05,100,precision,0.0
cd8+_tcells,1000,5,7,bh,0.05,100,recall,0.0
cd8+_tcells,1000,5,7,bh,0.05,100,f1,0.0
cd8+_tcells,1000,5,8,raw,-1.0,100,mae,0.043532691009860264
cd8+_tcells,1000,5,8,raw,0.01,100,precision,0.7325062034739455
cd8+_tcells,1000,5,8,raw,0.01,100,recall,0.673972602739726
cd8+_tcells,1000,5,8,raw,0.01,100,f1,0.7020214030915577
cd8+_tcells,1000,5,8,raw,0.05,100,precision,0.8402915838303512
cd8+_tcells,1000,5,8,raw,0.05,100,recall,0.8217757615035645
cd8+_tcells,1000,5,8,raw,0.05,100,f1,0.8309305373525557
cd8+_tcells,1000,5,8,bh,-1.0,100,mae,0.022226265291197967
cd8+_tcells,1000,5,8,bh,0.01,100,precision,0.0
cd8+_tcells,1000,5,8,bh,0.01,100,recall,0.0
cd8+_tcells,1000,5,8,bh,0.01,100,f1,0.0
cd8+_tcells,1000,5,8,bh,0.05,100,precision,0.0
cd8+_tcells,1000,5,8,bh,0.05,100,recall,0.0
cd8+_tcells,1000,5,8,bh,0.05,100,f1,0.0
cd8+_tcells,1000,5,9,raw,-1.0,100,mae,0.045141329939692054
cd8+_tcells,1000,5,9,raw,0.01,100,precision,0.7280397022332507
cd8+_tcells,1000,5,9,raw,0.01,100,recall,0.6451187335092349
cd8+_tcells,1000,5,9,raw,0.01,100,f1,0.6840755420844019
cd8+_tcells,1000,5,9,raw,0.05,100,precision,0.831013916500994
cd8+_tcells,1000,5,9,raw,0.05,100,recall,0.8120709752622717
cd8+_tcells,1000,5,9,raw,0.05,100,f1,0.8214332503602777
cd8+_tcells,1000,5,9,bh,-1.0,100,mae,0.02341354903005733
cd8+_tcells,1000,5,9,bh,0.01,100,precision,0.0
cd8+_tcells,1000,5,9,bh,0.01,100,recall,0.0
cd8+_tcells,1000,5,9,bh,0.01,100,f1,0.0
cd8+_tcells,1000,5,9,bh,0.05,100,precision,0.0
cd8+_tcells,1000,5,9,bh,0.05,100,recall,0.0
cd8+_tcells,1000,5,9,bh,0.05,100,f1,0.0
cd8+_tcells,1000,6,7,raw,-1.0,100,mae,0.04723793756955579
cd8+_tcells,1000,6,7,raw,0.01,100,precision,0.6268882175226587
cd8+_tcells,1000,6,7,raw,0.01,100,recall,0.601158860453887
cd8+_tcells,1000,6,7,raw,0.01,100,f1,0.6137540054227262
cd8+_tcells,1000,6,7,raw,0.05,100,precision,0.795475470209128
cd8+_tcells,1000,6,7,raw,0.05,100,recall,0.8027608176267587
cd8+_tcells,1000,6,7,raw,0.05,100,f1,0.7991015392746251
cd8+_tcells,1000,6,7,bh,-1.0,100,mae,0.024883441575492223
cd8+_tcells,1000,6,7,bh,0.01,100,precision,0.0
cd8+_tcells,1000,6,7,bh,0.01,100,recall,0.0
cd8+_tcells,1000,6,7,bh,0.01,100,f1,0.0
cd8+_tcells,1000,6,7,bh,0.05,100,precision,0.0
cd8+_tcells,1000,6,7,bh,0.05,100,recall,0.0
cd8+_tcells,1000,6,7,bh,0.05,100,f1,0.0
cd8+_tcells,1000,6,8,raw,-1.0,100,mae,0.047330905133766046
cd8+_tcells,1000,6,8,raw,0.01,100,precision,0.6681772406847936
cd8+_tcells,1000,6,8,raw,0.01,100,recall,0.6059360730593607
cd8+_tcells,1000,6,8,raw,0.01,100,f1,0.6355363984674329
cd8+_tcells,1000,6,8,raw,0.05,100,precision,0.809285808233592
cd8+_tcells,1000,6,8,raw,0.05,100,recall,0.7975372650680492
cd8+_tcells,1000,6,8,raw,0.05,100,f1,0.8033685859772817
cd8+_tcells,1000,6,8,bh,-1.0,100,mae,0.02473463256732442
cd8+_tcells,1000,6,8,bh,0.01,100,precision,0.0
cd8+_tcells,1000,6,8,bh,0.01,100,recall,0.0
cd8+_tcells,1000,6,8,bh,0.01,100,f1,0.0
cd8+_tcells,1000,6,8,bh,0.05,100,precision,0.0
cd8+_tcells,1000,6,8,bh,0.05,100,recall,0.0
cd8+_tcells,1000,6,8,bh,0.05,100,f1,0.0
cd8+_tcells,1000,6,9,raw,-1.0,100,mae,0.04966479602130582
cd8+_tcells,1000,6,9,raw,0.01,100,precision,0.649043303121853
cd8+_tcells,1000,6,9,raw,0.01,100,recall,0.5668425681618294
cd8+_tcells,1000,6,9,raw,0.01,100,f1,0.6051643192488263
cd8+_tcells,1000,6,9,raw,0.05,100,precision,0.7985005918716296
cd8+_tcells,1000,6,9,raw,0.05,100,recall,0.7862971117730864
cd8+_tcells,1000,6,9,raw,0.05,100,f1,0.7923518663534326
cd8+_tcells,1000,6,9,bh,-1.0,100,mae,0.026551495278600745
cd8+_tcells,1000,6,9,bh,0.01,100,precision,0.0
cd8+_tcells,1000,6,9,bh,0.01,100,recall,0.0
cd8+_tcells,1000,6,9,bh,0.01,100,f1,0.0
cd8+_tcells,1000,6,9,bh,0.05,100,precision,0.0
cd8+_tcells,1000,6,9,bh,0.05,100,recall,0.0
cd8+_tcells,1000,6,9,bh,0.05,100,f1,0.0
cd8+_tcells,1000,7,8,raw,-1.0,100,mae,0.04671174034876521
cd8+_tcells,1000,7,8,raw,0.01,100,precision,0.6933848382423949
cd8+_tcells,1000,7,8,raw,0.01,100,recall,0.6557077625570776
cd8+_tcells,1000,7,8,raw,0.01,100,f1,0.6740201830556207
cd8+_tcells,1000,7,8,raw,0.05,100,precision,0.829439872577648
cd8+_tcells,1000,7,8,raw,0.05,100,recall,0.8099805573558004
cd8+_tcells,1000,7,8,raw,0.05,100,f1,0.8195947275231162
cd8+_tcells,1000,7,8,bh,-1.0,100,mae,0.02377995437471101
cd8+_tcells,1000,7,8,bh,0.01,100,precision,0.0
cd8+_tcells,1000,7,8,bh,0.01,100,recall,0.0
cd8+_tcells,1000,7,8,bh,0.01,100,f1,0.0
cd8+_tcells,1000,7,8,bh,0.05,100,precision,0.0
cd8+_tcells,1000,7,8,bh,0.05,100,recall,0.0
cd8+_tcells,1000,7,8,bh,0.05,100,f1,0.0
cd8+_tcells,1000,7,9,raw,-1.0,100,mae,0.04693605201404021
cd8+_tcells,1000,7,9,raw,0.01,100,precision,0.6851762433606953
cd8+_tcells,1000,7,9,raw,0.01,100,recall,0.6240105540897097
cd8+_tcells,1000,7,9,raw,0.01,100,f1,0.6531645569620254
cd8+_tcells,1000,7,9,raw,0.05,100,precision,0.8180249535439341
cd8+_tcells,1000,7,9,raw,0.05,100,recall,0.7982126667530113
cd8+_tcells,1000,7,9,raw,0.05,100,f1,0.8079973779088824
cd8+_tcells,1000,7,9,bh,-1.0,100,mae,0.024925718926291546
cd8+_tcells,1000,7,9,bh,0.01,100,precision,0.0
cd8+_tcells,1000,7,9,bh,0.01,100,recall,0.0
cd8+_tcells,1000,7,9,bh,0.01,100,f1,0.0
cd8+_tcells,1000,7,9,bh,0.05,100,precision,0.0
cd8+_tcells,1000,7,9,bh,0.05,100,recall,0.0
cd8+_tcells,1000,7,9,bh,0.05,100,f1,0.0
cd8+_tcells,1000,8,9,raw,-1.0,100,mae,0.051780282431396374
cd8+_tcells,1000,8,9,raw,0.01,100,precision,0.673972602739726
cd8+_tcells,1000,8,9,raw,0.01,100,recall,0.6490765171503958
cd8+_tcells,1000,8,9,raw,0.01,100,f1,0.6612903225806451
cd8+_tcells,1000,8,9,raw,0.05,100,precision,0.8033700583279326
cd8+_tcells,1000,8,9,raw,0.05,100,recall,0.802745758321461
cd8+_tcells,1000,8,9,raw,0.05,100,f1,0.8030577869914486
cd8+_tcells,1000,8,9,bh,-1.0,100,mae,0.026702082240781203
cd8+_tcells,1000,8,9,bh,0.01,100,precision,0.0
cd8+_tcells,1000,8,9,bh,0.01,100,recall,0.0
cd8+_tcells,1000,8,9,bh,0.01,100,f1,0.0
cd8+_tcells,1000,8,9,bh,0.05,100,precision,0.0
cd8+_tcells,1000,8,9,bh,0.05,100,recall,0.0
cd8+_tcells,1000,8,9,bh,0.05,100,f1,0.0
cd8+_tcells,3000,-1,0,raw,-1.0,100,mae,0.04322341355446104
cd8+_tcells,3000,-1,0,raw,0.01,100,precision,0.6620484908461158
cd8+_tcells,3000,-1,0,raw,0.01,100,recall,0.6587887740029542
cd8+_tcells,3000,-1,0,raw,0.01,100,f1,0.6604146100691016
cd8+_tcells,3000,-1,0,raw,0.05,100,precision,0.8211884915299812
cd8+_tcells,3000,-1,0,raw,0.05,100,recall,0.8080433919830665
cd8+_tcells,3000,-1,0,raw,0.05,100,f1,0.8145629125825165
cd8+_tcells,3000,-1,0,bh,-1.0,100,mae,0.021267498621483746
cd8+_tcells,3000,-1,0,bh,0.01,100,precision,0.0
cd8+_tcells,3000,-1,0,bh,0.01,100,recall,0.0
cd8+_tcells,3000,-1,0,bh,0.01,100,f1,0.0
cd8+_tcells,3000,-1,0,bh,0.05,100,precision,0.0
cd8+_tcells,3000,-1,0,bh,0.05,100,recall,0.0
cd8+_tcells,3000,-1,0,bh,0.05,100,f1,0.0
cd8+_tcells,3000,-1,1,raw,-1.0,100,mae,0.046833297425233504
cd8+_tcells,3000,-1,1,raw,0.01,100,precision,0.6744186046511628
cd8+_tcells,3000,-1,1,raw,0.01,100,recall,0.6414117647058823
cd8+_tcells,3000,-1,1,raw,0.01,100,f1,0.6575012059816691
cd8+_tcells,3000,-1,1,raw,0.05,100,precision,0.817155149233665
cd8+_tcells,3000,-1,1,raw,0.05,100,recall,0.7919218241042345
cd8+_tcells,3000,-1,1,raw,0.05,100,f1,0.8043406338913518
cd8+_tcells,3000,-1,1,bh,-1.0,100,mae,0.024939714965257088
cd8+_tcells,3000,-1,1,bh,0.01,100,precision,0.0
cd8+_tcells,3000,-1,1,bh,0.01,100,recall,0.0
cd8+_tcells,3000,-1,1,bh,0.01,100,f1,0.0
cd8+_tcells,3000,-1,1,bh,0.05,100,precision,0.0
cd8+_tcells,3000,-1,1,bh,0.05,100,recall,0.0
cd8+_tcells,3000,-1,1,bh,0.05,100,f1,0.0
cd8+_tcells,3000,-1,2,raw,-1.0,100,mae,0.04173293492203657
cd8+_tcells,3000,-1,2,raw,0.01,100,precision,0.7046016823354775
cd8+_tcells,3000,-1,2,raw,0.01,100,recall,0.6875905359729599
cd8+_tcells,3000,-1,2,raw,0.01,100,f1,0.6959921798631477
cd8+_tcells,3000,-1,2,raw,0.05,100,precision,0.8367840817424038
cd8+_tcells,3000,-1,2,raw,0.05,100,recall,0.8239343394228223
cd8+_tcells,3000,-1,2,raw,0.05,100,f1,0.8303094983991463
cd8+_tcells,3000,-1,2,bh,-1.0,100,mae,0.021620164325795038
cd8+_tcells,3000,-1,2,bh,0.01,100,precision,0.0
cd8+_tcells,3000,-1,2,bh,0.01,100,recall,0.0
cd8+_tcells,3000,-1,2,bh,0.01,100,f1,0.0
cd8+_tcells,3000,-1,2,bh,0.05,100,precision,0.0
cd8+_tcells,3000,-1,2,bh,0.05,100,recall,0.0
cd8+_tcells,3000,-1,2,bh,0.05,100,f1,0.0
cd8+_tcells,3000,-1,3,raw,-1.0,100,mae,0.04218647123372515
cd8+_tcells,3000,-1,3,raw,0.01,100,precision,0.686293913904008
cd8+_tcells,3000,-1,3,raw,0.01,100,recall,0.7186528497409327
cd8+_tcells,3000,-1,3,raw,0.01,100,f1,0.7021007339913946
cd8+_tcells,3000,-1,3,raw,0.05,100,precision,0.8292551761226136
cd8+_tcells,3000,-1,3,raw,0.05,100,recall,0.840098065922092
cd8+_tcells,3000,-1,3,raw,0.05,100,f1,0.8346414073071718
cd8+_tcells,3000,-1,3,bh,-1.0,100,mae,0.019874083957349808
cd8+_tcells,3000,-1,3,bh,0.01,100,precision,0.0
cd8+_tcells,3000,-1,3,bh,0.01,100,recall,0.0
cd8+_tcells,3000,-1,3,bh,0.01,100,f1,0.0
cd8+_tcells,3000,-1,3,bh,0.05,100,precision,0.0
cd8+_tcells,3000,-1,3,bh,0.05,100,recall,0.0
cd8+_tcells,3000,-1,3,bh,0.05,100,f1,0.0
cd8+_tcells,3000,-1,4,raw,-1.0,100,mae,0.046150928327986285
cd8+_tcells,3000,-1,4,raw,0.01,100,precision,0.6669965363681346
cd8+_tcells,3000,-1,4,raw,0.01,100,recall,0.6132848043676069
cd8+_tcells,3000,-1,4,raw,0.01,100,f1,0.6390139843564826
cd8+_tcells,3000,-1,4,raw,0.05,100,precision,0.8096262436138747
cd8+_tcells,3000,-1,4,raw,0.05,100,recall,0.7825860948667966
cd8+_tcells,3000,-1,4,raw,0.05,100,f1,0.7958765611577348
cd8+_tcells,3000,-1,4,bh,-1.0,100,mae,0.02522978924947188
cd8+_tcells,3000,-1,4,bh,0.01,100,precision,0.0
cd8+_tcells,3000,-1,4,bh,0.01,100,recall,0.0
cd8+_tcells,3000,-1,4,bh,0.01,100,f1,0.0
cd8+_tcells,3000,-1,4,bh,0.05,100,precision,0.0
cd8+_tcells,3000,-1,4,bh,0.05,100,recall,0.0
cd8+_tcells,3000,-1,4,bh,0.05,100,f1,0.0
cd8+_tcells,3000,-1,5,raw,-1.0,100,mae,0.04325312178072051
cd8+_tcells,3000,-1,5,raw,0.01,100,precision,0.7164769915883226
cd8+_tcells,3000,-1,5,raw,0.01,100,recall,0.694484412470024
cd8+_tcells,3000,-1,5,raw,0.01,100,f1,0.7053093034583536
cd8+_tcells,3000,-1,5,raw,0.05,100,precision,0.8275073944608766
cd8+_tcells,3000,-1,5,raw,0.05,100,recall,0.8225310704262996
cd8+_tcells,3000,-1,5,raw,0.05,100,f1,0.8250117284364319
cd8+_tcells,3000,-1,5,bh,-1.0,100,mae,0.02073744838073861
cd8+_tcells,3000,-1,5,bh,0.01,100,precision,0.0
cd8+_tcells,3000,-1,5,bh,0.01,100,recall,0.0
cd8+_tcells,3000,-1,5,bh,0.01,100,f1,0.0
cd8+_tcells,3000,-1,5,bh,0.05,100,precision,0.0
cd8+_tcells,3000,-1,5,bh,0.05,100,recall,0.0
cd8+_tcells,3000,-1,5,bh,0.05,100,f1,0.0
cd8+_tcells,3000,-1,6,raw,-1.0,100,mae,0.04297531238767685
cd8+_tcells,3000,-1,6,raw,0.01,100,precision,0.65264720435428
cd8+_tcells,3000,-1,6,raw,0.01,100,recall,0.6575274177467597
cd8+_tcells,3000,-1,6,raw,0.01,100,f1,0.6550782220014899
cd8+_tcells,3000,-1,6,raw,0.05,100,precision,0.8277762839472976
cd8+_tcells,3000,-1,6,raw,0.05,100,recall,0.8056791415859723
cd8+_tcells,3000,-1,6,raw,0.05,100,f1,0.8165782493368701
cd8+_tcells,3000,-1,6,bh,-1.0,100,mae,0.022329201756051617
cd8+_tcells,3000,-1,6,bh,0.01,100,precision,0.0
cd8+_tcells,3000,-1,6,bh,0.01,100,recall,0.0
cd8+_tcells,3000,-1,6,bh,0.01,100,f1,0.0
cd8+_tcells,3000,-1,6,bh,0.05,100,precision,0.0
cd8+_tcells,3000,-1,6,bh,0.05,100,recall,0.0
cd8+_tcells,3000,-1,6,bh,0.05,100,f1,0.0
cd8+_tcells,3000,-1,7,raw,-1.0,100,mae,0.04403904103479385
cd8+_tcells,3000,-1,7,raw,0.01,100,precision,0.6783770410687778
cd8+_tcells,3000,-1,7,raw,0.01,100,recall,0.6681286549707602
cd8+_tcells,3000,-1,7,raw,0.01,100,f1,0.6732138472870121
cd8+_tcells,3000,-1,7,raw,0.05,100,precision,0.8187684861521914
cd8+_tcells,3000,-1,7,raw,0.05,100,recall,0.8143888740304894
cd8+_tcells,3000,-1,7,raw,0.05,100,f1,0.8165728077232502
cd8+_tcells,3000,-1,7,bh,-1.0,100,mae,0.021679719518013542
cd8+_tcells,3000,-1,7,bh,0.01,100,precision,0.0
cd8+_tcells,3000,-1,7,bh,0.01,100,recall,0.0
cd8+_tcells,3000,-1,7,bh,0.01,100,f1,0.0
cd8+_tcells,3000,-1,7,bh,0.05,100,precision,0.0
cd8+_tcells,3000,-1,7,bh,0.05,100,recall,0.0
cd8+_tcells,3000,-1,7,bh,0.05,100,f1,0.0
cd8+_tcells,3000,-1,8,raw,-1.0,100,mae,0.04663238651239886
cd8+_tcells,3000,-1,8,raw,0.01,100,precision,0.7006432459178624
cd8+_tcells,3000,-1,8,raw,0.01,100,recall,0.6489459211732356
cd8+_tcells,3000,-1,8,raw,0.01,100,f1,0.6738044254104212
cd8+_tcells,3000,-1,8,raw,0.05,100,precision,0.8268351707448238
cd8+_tcells,3000,-1,8,raw,0.05,100,recall,0.7940606843124597
cd8+_tcells,3000,-1,8,raw,0.05,100,f1,0.8101165777514325
cd8+_tcells,3000,-1,8,bh,-1.0,100,mae,0.024532958071645457
cd8+_tcells,3000,-1,8,bh,0.01,100,precision,0.0
cd8+_tcells,3000,-1,8,bh,0.01,100,recall,0.0
cd8+_tcells,3000,-1,8,bh,0.01,100,f1,0.0
cd8+_tcells,3000,-1,8,bh,0.05,100,precision,0.0
cd8+_tcells,3000,-1,8,bh,0.05,100,recall,0.0
cd8+_tcells,3000,-1,8,bh,0.05,100,f1,0.0
cd8+_tcells,3000,-1,9,raw,-1.0,100,mae,0.04853294548935006
cd8+_tcells,3000,-1,9,raw,0.01,100,precision,0.6580900544285008
cd8+_tcells,3000,-1,9,raw,0.01,100,recall,0.6434446057087566
cd8+_tcells,3000,-1,9,raw,0.01,100,f1,0.6506849315068494
cd8+_tcells,3000,-1,9,raw,0.05,100,precision,0.815676257058349
cd8+_tcells,3000,-1,9,raw,0.05,100,recall,0.7942139023432386
cd8+_tcells,3000,-1,9,raw,0.05,100,f1,0.8048020163162433
cd8+_tcells,3000,-1,9,bh,-1.0,100,mae,0.0240204976941093
cd8+_tcells,3000,-1,9,bh,0.01,100,precision,0.0
cd8+_tcells,3000,-1,9,bh,0.01,100,recall,0.0
cd8+_tcells,3000,-1,9,bh,0.01,100,f1,0.0
cd8+_tcells,3000,-1,9,bh,0.05,100,precision,0.0
cd8+_tcells,3000,-1,9,bh,0.05,100,recall,0.0
cd8+_tcells,3000,-1,9,bh,0.05,100,f1,0.0
cd8+_tcells,3000,0,1,raw,-1.0,100,mae,0.0440281164506096
cd8+_tcells,3000,0,1,raw,0.01,100,precision,0.6873461349089118
cd8+_tcells,3000,0,1,raw,0.01,100,recall,0.6569411764705883
cd8+_tcells,3000,0,1,raw,0.01,100,f1,0.6717998075072185
cd8+_tcells,3000,0,1,raw,0.05,100,precision,0.826035189839926
cd8+_tcells,3000,0,1,raw,0.05,100,recall,0.8135504885993485
cd8+_tcells,3000,0,1,raw,0.05,100,f1,0.8197453065511356
cd8+_tcells,3000,0,1,bh,-1.0,100,mae,0.0226905078039398
cd8+_tcells,3000,0,1,bh,0.01,100,precision,0.0
cd8+_tcells,3000,0,1,bh,0.01,100,recall,0.0
cd8+_tcells,3000,0,1,bh,0.01,100,f1,0.0
cd8+_tcells,3000,0,1,bh,0.05,100,precision,0.0
cd8+_tcells,3000,0,1,bh,0.05,100,recall,0.0
cd8+_tcells,3000,0,1,bh,0.05,100,f1,0.0
cd8+_tcells,3000,0,2,raw,-1.0,100,mae,0.043311761752933824
cd8+_tcells,3000,0,2,raw,0.01,100,precision,0.6853766617429837
cd8+_tcells,3000,0,2,raw,0.01,100,recall,0.6721390632544665
cd8+_tcells,3000,0,2,raw,0.01,100,f1,0.6786933203315456
cd8+_tcells,3000,0,2,raw,0.05,100,precision,0.8142611456541871
cd8+_tcells,3000,0,2,raw,0.05,100,recall,0.8148001059041567
cd8+_tcells,3000,0,2,raw,0.05,100,f1,0.8145305366240985
cd8+_tcells,3000,0,2,bh,-1.0,100,mae,0.021596525647909093
cd8+_tcells,3000,0,2,bh,0.01,100,precision,0.0
cd8+_tcells,3000,0,2,bh,0.01,100,recall,0.0
cd8+_tcells,3000,0,2,bh,0.01,100,f1,0.0
cd8+_tcells,3000,0,2,bh,0.05,100,precision,0.0
cd8+_tcells,3000,0,2,bh,0.05,100,recall,0.0
cd8+_tcells,3000,0,2,bh,0.05,100,f1,0.0
cd8+_tcells,3000,0,3,raw,-1.0,100,mae,0.0461232039415828
cd8+_tcells,3000,0,3,raw,0.01,100,precision,0.6440177252584933
cd8+_tcells,3000,0,3,raw,0.01,100,recall,0.677720207253886
cd8+_tcells,3000,0,3,raw,0.01,100,f1,0.6604392830093411
cd8+_tcells,3000,0,3,raw,0.05,100,precision,0.8010318825241434
cd8+_tcells,3000,0,3,raw,0.05,100,recall,0.8247071642604195
cd8+_tcells,3000,0,3,raw,0.05,100,f1,0.8126971344205087
cd8+_tcells,3000,0,3,bh,-1.0,100,mae,0.02314793248403177
cd8+_tcells,3000,0,3,bh,0.01,100,precision,0.0
cd8+_tcells,3000,0,3,bh,0.01,100,recall,0.0
cd8+_tcells,3000,0,3,bh,0.01,100,f1,0.0
cd8+_tcells,3000,0,3,bh,0.05,100,precision,0.0
cd8+_tcells,3000,0,3,bh,0.05,100,recall,0.0
cd8+_tcells,3000,0,3,bh,0.05,100,f1,0.0
cd8+_tcells,3000,0,4,raw,-1.0,100,mae,0.0447875052128534
cd8+_tcells,3000,0,4,raw,0.01,100,precision,0.6927621861152142
cd8+_tcells,3000,0,4,raw,0.01,100,recall,0.6401273885350318
cd8+_tcells,3000,0,4,raw,0.01,100,f1,0.6654055332229841
cd8+_tcells,3000,0,4,raw,0.05,100,precision,0.8104246593464745
cd8+_tcells,3000,0,4,raw,0.05,100,recall,0.7961013645224172
cd8+_tcells,3000,0,4,raw,0.05,100,f1,0.8031991608758359
cd8+_tcells,3000,0,4,bh,-1.0,100,mae,0.02308803184498386
cd8+_tcells,3000,0,4,bh,0.01,100,precision,0.0
cd8+_tcells,3000,0,4,bh,0.01,100,recall,0.0
cd8+_tcells,3000,0,4,bh,0.01,100,f1,0.0
cd8+_tcells,3000,0,4,bh,0.05,100,precision,0.0
cd8+_tcells,3000,0,4,bh,0.05,100,recall,0.0
cd8+_tcells,3000,0,4,bh,0.05,100,f1,0.0
cd8+_tcells,3000,0,5,raw,-1.0,100,mae,0.041985542367588634
cd8+_tcells,3000,0,5,raw,0.01,100,precision,0.6996553421959626
cd8+_tcells,3000,0,5,raw,0.01,100,recall,0.6815347721822542
cd8+_tcells,3000,0,5,raw,0.01,100,f1,0.6904761904761905
cd8+_tcells,3000,0,5,raw,0.05,100,precision,0.8198174361688054
cd8+_tcells,3000,0,5,raw,0.05,100,recall,0.8281437925965521
cd8+_tcells,3000,0,5,raw,0.05,100,f1,0.823959579843106
cd8+_tcells,3000,0,5,bh,-1.0,100,mae,0.020983642878350705
cd8+_tcells,3000,0,5,bh,0.01,100,precision,0.0
cd8+_tcells,3000,0,5,bh,0.01,100,recall,0.0
cd8+_tcells,3000,0,5,bh,0.01,100,f1,0.0
cd8+_tcells,3000,0,5,bh,0.05,100,precision,0.0
cd8+_tcells,3000,0,5,bh,0.05,100,recall,0.0
cd8+_tcells,3000,0,5,bh,0.05,100,f1,0.0
cd8+_tcells,3000,0,6,raw,-1.0,100,mae,0.04364906838835481
cd8+_tcells,3000,0,6,raw,0.01,100,precision,0.637124569177745
cd8+_tcells,3000,0,6,raw,0.01,100,recall,0.6450648055832503
cd8+_tcells,3000,0,6,raw,0.01,100,f1,0.6410701015605648
cd8+_tcells,3000,0,6,raw,0.05,100,precision,0.8177007540679984
cd8+_tcells,3000,0,6,raw,0.05,100,recall,0.8088196807118555
cd8+_tcells,3000,0,6,raw,0.05,100,f1,0.8132359713176764
cd8+_tcells,3000,0,6,bh,-1.0,100,mae,0.022552461023095938
cd8+_tcells,3000,0,6,bh,0.01,100,precision,0.0
cd8+_tcells,3000,0,6,bh,0.01,100,recall,0.0
cd8+_tcells,3000,0,6,bh,0.01,100,f1,0.0
cd8+_tcells,3000,0,6,bh,0.05,100,precision,0.0
cd8+_tcells,3000,0,6,bh,0.05,100,recall,0.0
cd8+_tcells,3000,0,6,bh,0.05,100,f1,0.0
cd8+_tcells,3000,0,7,raw,-1.0,100,mae,0.041164928357663104
cd8+_tcells,3000,0,7,raw,0.01,100,precision,0.671590349581487
cd8+_tcells,3000,0,7,raw,0.01,100,recall,0.6647173489278753
cd8+_tcells,3000,0,7,raw,0.01,100,f1,0.6681361743815821
cd8+_tcells,3000,0,7,raw,0.05,100,precision,0.8178330466992989
cd8+_tcells,3000,0,7,raw,0.05,100,recall,0.826691628777748
cd8+_tcells,3000,0,7,raw,0.05,100,f1,0.8222384784198976
cd8+_tcells,3000,0,7,bh,-1.0,100,mae,0.020740744945921877
cd8+_tcells,3000,0,7,bh,0.01,100,precision,0.0
cd8+_tcells,3000,0,7,bh,0.01,100,recall,0.0
cd8+_tcells,3000,0,7,bh,0.01,100,f1,0.0
cd8+_tcells,3000,0,7,bh,0.05,100,precision,0.0
cd8+_tcells,3000,0,7,bh,0.05,100,recall,0.0
cd8+_tcells,3000,0,7,bh,0.05,100,f1,0.0
cd8+_tcells,3000,0,8,raw,-1.0,100,mae,0.043418040811643285
cd8+_tcells,3000,0,8,raw,0.01,100,precision,0.7291974396848843
cd8+_tcells,3000,0,8,raw,0.01,100,recall,0.6787351054078826
cd8+_tcells,3000,0,8,raw,0.01,100,f1,0.7030619511037266
cd8+_tcells,3000,0,8,raw,0.05,100,precision,0.8367508929752613
cd8+_tcells,3000,0,8,raw,0.05,100,recall,0.8166559070367979
cd8+_tcells,3000,0,8,raw,0.05,100,f1,0.8265812859383168
cd8+_tcells,3000,0,8,bh,-1.0,100,mae,0.022138443224797275
cd8+_tcells,3000,0,8,bh,0.01,100,precision,0.0
cd8+_tcells,3000,0,8,bh,0.01,100,recall,0.0
cd8+_tcells,3000,0,8,bh,0.01,100,f1,0.0
cd8+_tcells,3000,0,8,bh,0.05,100,precision,0.0
cd8+_tcells,3000,0,8,bh,0.05,100,recall,0.0
cd8+_tcells,3000,0,8,bh,0.05,100,f1,0.0
cd8+_tcells,3000,0,9,raw,-1.0,100,mae,0.04572130132605511
cd8+_tcells,3000,0,9,raw,0.01,100,precision,0.6770064007877893
cd8+_tcells,3000,0,9,raw,0.01,100,recall,0.6652152878567973
cd8+_tcells,3000,0,9,raw,0.01,100,f1,0.6710590531966814
cd8+_tcells,3000,0,9,raw,0.05,100,precision,0.8221987035322132
cd8+_tcells,3000,0,9,raw,0.05,100,recall,0.8135881659903129
cd8+_tcells,3000,0,9,raw,0.05,100,f1,0.8178707724700619
cd8+_tcells,3000,0,9,bh,-1.0,100,mae,0.02230070251213127
cd8+_tcells,3000,0,9,bh,0.01,100,precision,0.0
cd8+_tcells,3000,0,9,bh,0.01,100,recall,0.0
cd8+_tcells,3000,0,9,bh,0.01,100,f1,0.0
cd8+_tcells,3000,0,9,bh,0.05,100,precision,0.0
cd8+_tcells,3000,0,9,bh,0.05,100,recall,0.0
cd8+_tcells,3000,0,9,bh,0.05,100,f1,0.0
cd8+_tcells,3000,1,2,raw,-1.0,100,mae,0.04629884558204385
cd8+_tcells,3000,1,2,raw,0.01,100,precision,0.6597647058823529
cd8+_tcells,3000,1,2,raw,0.01,100,recall,0.6769676484789957
cd8+_tcells,3000,1,2,raw,0.01,100,f1,0.6682554814108675
cd8+_tcells,3000,1,2,raw,0.05,100,precision,0.8027361563517915
cd8+_tcells,3000,1,2,raw,0.05,100,recall,0.8155943870796929
cd8+_tcells,3000,1,2,raw,0.05,100,f1,0.8091141900321754
cd8+_tcells,3000,1,2,bh,-1.0,100,mae,0.024048895180735254
cd8+_tcells,3000,1,2,bh,0.01,100,precision,0.0
cd8+_tcells,3000,1,2,bh,0.01,100,recall,0.0
cd8+_tcells,3000,1,2,bh,0.01,100,f1,0.0
cd8+_tcells,3000,1,2,bh,0.05,100,precision,0.0
cd8+_tcells,3000,1,2,bh,0.05,100,recall,0.0
cd8+_tcells,3000,1,2,bh,0.05,100,f1,0.0
cd8+_tcells,3000,1,3,raw,-1.0,100,mae,0.04697258811774541
cd8+_tcells,3000,1,3,raw,0.01,100,precision,0.6164705882352941
cd8+_tcells,3000,1,3,raw,0.01,100,recall,0.6787564766839378
cd8+_tcells,3000,1,3,raw,0.01,100,f1,0.6461159062885327
cd8+_tcells,3000,1,3,raw,0.05,100,precision,0.7904885993485342
cd8+_tcells,3000,1,3,raw,0.05,100,recall,0.8263415962952874
cd8+_tcells,3000,1,3,raw,0.05,100,f1,0.808017580075914
cd8+_tcells,3000,1,3,bh,-1.0,100,mae,0.026600709723651784
cd8+_tcells,3000,1,3,bh,0.01,100,precision,0.0
cd8+_tcells,3000,1,3,bh,0.01,100,recall,0.0
cd8+_tcells,3000,1,3,bh,0.01,100,f1,0.0
cd8+_tcells,3000,1,3,bh,0.05,100,precision,0.0
cd8+_tcells,3000,1,3,bh,0.05,100,recall,0.0
cd8+_tcells,3000,1,3,bh,0.05,100,f1,0.0
cd8+_tcells,3000,1,4,raw,-1.0,100,mae,0.053500013702857646
cd8+_tcells,3000,1,4,raw,0.01,100,precision,0.6550588235294118
cd8+_tcells,3000,1,4,raw,0.01,100,recall,0.6333030027297544
cd8+_tcells,3000,1,4,raw,0.01,100,f1,0.6439972241498959
cd8+_tcells,3000,1,4,raw,0.05,100,precision,0.7911400651465798
cd8+_tcells,3000,1,4,raw,0.05,100,recall,0.789083820662768
cd8+_tcells,3000,1,4,raw,0.05,100,f1,0.7901106050748211
cd8+_tcells,3000,1,4,bh,-1.0,100,mae,0.027230540871543665
cd8+_tcells,3000,1,4,bh,0.01,100,precision,0.0
cd8+_tcells,3000,1,4,bh,0.01,100,recall,0.0
cd8+_tcells,3000,1,4,bh,0.01,100,f1,0.0
cd8+_tcells,3000,1,4,bh,0.05,100,precision,0.0
cd8+_tcells,3000,1,4,bh,0.05,100,recall,0.0
cd8+_tcells,3000,1,4,bh,0.05,100,f1,0.0
cd8+_tcells,3000,1,5,raw,-1.0,100,mae,0.04604550653944083
cd8+_tcells,3000,1,5,raw,0.01,100,precision,0.6823529411764706
cd8+_tcells,3000,1,5,raw,0.01,100,recall,0.6954436450839329
cd8+_tcells,3000,1,5,raw,0.01,100,f1,0.6888361045130641
cd8+_tcells,3000,1,5,raw,0.05,100,precision,0.8157654723127036
cd8+_tcells,3000,1,5,raw,0.05,100,recall,0.8366965120940799
cd8+_tcells,3000,1,5,raw,0.05,100,f1,0.8260984298720148
cd8+_tcells,3000,1,5,bh,-1.0,100,mae,0.02460555442055709
cd8+_tcells,3000,1,5,bh,0.01,100,precision,0.0
cd8+_tcells,3000,1,5,bh,0.01,100,recall,0.0
cd8+_tcells,3000,1,5,bh,0.01,100,f1,0.0
cd8+_tcells,3000,1,5,bh,0.05,100,precision,0.0
cd8+_tcells,3000,1,5,bh,0.05,100,recall,0.0
cd8+_tcells,3000,1,5,bh,0.05,100,f1,0.0
cd8+_tcells,3000,1,6,raw,-1.0,100,mae,0.04472142359701746
cd8+_tcells,3000,1,6,raw,0.01,100,precision,0.6141176470588235
cd8+_tcells,3000,1,6,raw,0.01,100,recall,0.6505483549351944
cd8+_tcells,3000,1,6,raw,0.01,100,f1,0.6318082788671024
cd8+_tcells,3000,1,6,raw,0.05,100,precision,0.8106840390879478
cd8+_tcells,3000,1,6,raw,0.05,100,recall,0.8141847683852395
cd8+_tcells,3000,1,6,raw,0.05,100,f1,0.8124306326304107
cd8+_tcells,3000,1,6,bh,-1.0,100,mae,0.022923430525188793
cd8+_tcells,3000,1,6,bh,0.01,100,precision,0.0
cd8+_tcells,3000,1,6,bh,0.01,100,recall,0.0
cd8+_tcells,3000,1,6,bh,0.01,100,f1,0.0
cd8+_tcells,3000,1,6,bh,0.05,100,precision,0.0
cd8+_tcells,3000,1,6,bh,0.05,100,recall,0.0
cd8+_tcells,3000,1,6,bh,0.05,100,f1,0.0
cd8+_tcells,3000,1,7,raw,-1.0,100,mae,0.04548252241126382
cd8+_tcells,3000,1,7,raw,0.01,100,precision,0.6541176470588236
cd8+_tcells,3000,1,7,raw,0.01,100,recall,0.6773879142300195
cd8+_tcells,3000,1,7,raw,0.01,100,f1,0.6655494373952597
cd8+_tcells,3000,1,7,raw,0.05,100,precision,0.8063843648208469
cd8+_tcells,3000,1,7,raw,0.05,100,recall,0.8276277079433003
cd8+_tcells,3000,1,7,raw,0.05,100,f1,0.8168679469411998
cd8+_tcells,3000,1,7,bh,-1.0,100,mae,0.023569381934446933
cd8+_tcells,3000,1,7,bh,0.01,100,precision,0.0
cd8+_tcells,3000,1,7,bh,0.01,100,recall,0.0
cd8+_tcells,3000,1,7,bh,0.01,100,f1,0.0
cd8+_tcells,3000,1,7,bh,0.05,100,precision,0.0
cd8+_tcells,3000,1,7,bh,0.05,100,recall,0.0
cd8+_tcells,3000,1,7,bh,0.05,100,f1,0.0
cd8+_tcells,3000,1,8,raw,-1.0,100,mae,0.04810514074755808
cd8+_tcells,3000,1,8,raw,0.01,100,precision,0.6282352941176471
cd8+_tcells,3000,1,8,raw,0.01,100,recall,0.6118240146654446
cd8+_tcells,3000,1,8,raw,0.01,100,f1,0.6199210587415834
cd8+_tcells,3000,1,8,raw,0.05,100,precision,0.7960912052117264
cd8+_tcells,3000,1,8,raw,0.05,100,recall,0.788896061975468
cd8+_tcells,3000,1,8,raw,0.05,100,f1,0.7924773022049286
cd8+_tcells,3000,1,8,bh,-1.0,100,mae,0.025454793753613154
cd8+_tcells,3000,1,8,bh,0.01,100,precision,0.0
cd8+_tcells,3000,1,8,bh,0.01,100,recall,0.0
cd8+_tcells,3000,1,8,bh,0.01,100,f1,0.0
cd8+_tcells,3000,1,8,bh,0.05,100,precision,0.0
cd8+_tcells,3000,1,8,bh,0.05,100,recall,0.0
cd8+_tcells,3000,1,8,bh,0.05,100,f1,0.0
cd8+_tcells,3000,1,9,raw,-1.0,100,mae,0.05061296118340841
cd8+_tcells,3000,1,9,raw,0.01,100,precision,0.6164705882352941
cd8+_tcells,3000,1,9,raw,0.01,100,recall,0.6337687469762942
cd8+_tcells,3000,1,9,raw,0.01,100,f1,0.625
cd8+_tcells,3000,1,9,raw,0.05,100,precision,0.7886644951140065
cd8+_tcells,3000,1,9,raw,0.05,100,recall,0.7923812017279749
cd8+_tcells,3000,1,9,raw,0.05,100,f1,0.7905184798223848
cd8+_tcells,3000,1,9,bh,-1.0,100,mae,0.02636979339602586
cd8+_tcells,3000,1,9,bh,0.01,100,precision,0.0
cd8+_tcells,3000,1,9,bh,0.01,100,recall,0.0
cd8+_tcells,3000,1,9,bh,0.01,100,f1,0.0
cd8+_tcells,3000,1,9,bh,0.05,100,precision,0.0
cd8+_tcells,3000,1,9,bh,0.05,100,recall,0.0
cd8+_tcells,3000,1,9,bh,0.05,100,f1,0.0
cd8+_tcells,3000,2,3,raw,-1.0,100,mae,0.04463935905419708
cd8+_tcells,3000,2,3,raw,0.01,100,precision,0.6591018831482376
cd8+_tcells,3000,2,3,raw,0.01,100,recall,0.7072538860103627
cd8+_tcells,3000,2,3,raw,0.01,100,f1,0.6823294176455886
cd8+_tcells,3000,2,3,raw,0.05,100,precision,0.8132115435530844
cd8+_tcells,3000,2,3,raw,0.05,100,recall,0.836692999182784
cd8+_tcells,3000,2,3,raw,0.05,100,f1,0.8247851772287863
cd8+_tcells,3000,2,3,bh,-1.0,100,mae,0.024284403774841562
cd8+_tcells,3000,2,3,bh,0.01,100,precision,0.0
cd8+_tcells,3000,2,3,bh,0.01,100,recall,0.0
cd8+_tcells,3000,2,3,bh,0.01,100,f1,0.0
cd8+_tcells,3000,2,3,bh,0.05,100,precision,0.0
cd8+_tcells,3000,2,3,bh,0.05,100,recall,0.0
cd8+_tcells,3000,2,3,bh,0.05,100,f1,0.0
cd8+_tcells,3000,2,4,raw,-1.0,100,mae,0.04631889044357501
cd8+_tcells,3000,2,4,raw,0.01,100,precision,0.6755190729116369
cd8+_tcells,3000,2,4,raw,0.01,100,recall,0.6364877161055505
cd8+_tcells,3000,2,4,raw,0.01,100,f1,0.6554228156476927
cd8+_tcells,3000,2,4,raw,0.05,100,precision,0.8105639396346307
cd8+_tcells,3000,2,4,raw,0.05,100,recall,0.7957115009746588
cd8+_tcells,3000,2,4,raw,0.05,100,f1,0.80306905370844
cd8+_tcells,3000,2,4,bh,-1.0,100,mae,0.024064007440945702
cd8+_tcells,3000,2,4,bh,0.01,100,precision,0.0
cd8+_tcells,3000,2,4,bh,0.01,100,recall,0.0
cd8+_tcells,3000,2,4,bh,0.01,100,f1,0.0
cd8+_tcells,3000,2,4,bh,0.05,100,precision,0.0
cd8+_tcells,3000,2,4,bh,0.05,100,recall,0.0
cd8+_tcells,3000,2,4,bh,0.05,100,f1,0.0
cd8+_tcells,3000,2,5,raw,-1.0,100,mae,0.04398624486233728
cd8+_tcells,3000,2,5,raw,0.01,100,precision,0.6774505070014486
cd8+_tcells,3000,2,5,raw,0.01,100,recall,0.6729016786570743
cd8+_tcells,3000,2,5,raw,0.01,100,f1,0.6751684311838306
cd8+_tcells,3000,2,5,raw,0.05,100,precision,0.8106963198305533
cd8+_tcells,3000,2,5,raw,0.05,100,recall,0.8183883469196847
cd8+_tcells,3000,2,5,raw,0.05,100,f1,0.8145241737048613
cd8+_tcells,3000,2,5,bh,-1.0,100,mae,0.02284024887628187
cd8+_tcells,3000,2,5,bh,0.01,100,precision,0.0
cd8+_tcells,3000,2,5,bh,0.01,100,recall,0.0
cd8+_tcells,3000,2,5,bh,0.01,100,f1,0.0
cd8+_tcells,3000,2,5,bh,0.05,100,precision,0.0
cd8+_tcells,3000,2,5,bh,0.05,100,recall,0.0
cd8+_tcells,3000,2,5,bh,0.05,100,f1,0.0
cd8+_tcells,3000,2,6,raw,-1.0,100,mae,0.043239100251964716
cd8+_tcells,3000,2,6,raw,0.01,100,precision,0.674553355866731
cd8+_tcells,3000,2,6,raw,0.01,100,recall,0.6964107676969092
cd8+_tcells,3000,2,6,raw,0.01,100,f1,0.6853078243806721
cd8+_tcells,3000,2,6,raw,0.05,100,precision,0.8265819433412761
cd8+_tcells,3000,2,6,raw,0.05,100,recall,0.8170635959172992
cd8+_tcells,3000,2,6,raw,0.05,100,f1,0.8217952092655962
cd8+_tcells,3000,2,6,bh,-1.0,100,mae,0.021774259359953273
cd8+_tcells,3000,2,6,bh,0.01,100,precision,0.0
cd8+_tcells,3000,2,6,bh,0.01,100,recall,0.0
cd8+_tcells,3000,2,6,bh,0.01,100,f1,0.0
cd8+_tcells,3000,2,6,bh,0.05,100,precision,0.0
cd8+_tcells,3000,2,6,bh,0.05,100,recall,0.0
cd8+_tcells,3000,2,6,bh,0.05,100,f1,0.0
cd8+_tcells,3000,2,7,raw,-1.0,100,mae,0.04407901406139407
cd8+_tcells,3000,2,7,raw,0.01,100,precision,0.6784162240463544
cd8+_tcells,3000,2,7,raw,0.01,100,recall,0.6846978557504874
cd8+_tcells,3000,2,7,raw,0.01,100,f1,0.681542566092651
cd8+_tcells,3000,2,7,raw,0.05,100,precision,0.8136086841408525
cd8+_tcells,3000,2,7,raw,0.05,100,recall,0.8218775073549077
cd8+_tcells,3000,2,7,raw,0.05,100,f1,0.8177221926556679
cd8+_tcells,3000,2,7,bh,-1.0,100,mae,0.021975732615951492
cd8+_tcells,3000,2,7,bh,0.01,100,precision,0.0
cd8+_tcells,3000,2,7,bh,0.01,100,recall,0.0
cd8+_tcells,3000,2,7,bh,0.01,100,f1,0.0
cd8+_tcells,3000,2,7,bh,0.05,100,precision,0.0
cd8+_tcells,3000,2,7,bh,0.05,100,recall,0.0
cd8+_tcells,3000,2,7,bh,0.05,100,f1,0.0
cd8+_tcells,3000,2,8,raw,-1.0,100,mae,0.048862689296360826
cd8+_tcells,3000,2,8,raw,0.01,100,precision,0.6890391115403187
cd8+_tcells,3000,2,8,raw,0.01,100,recall,0.653987167736022
cd8+_tcells,3000,2,8,raw,0.01,100,f1,0.6710557253703269
cd8+_tcells,3000,2,8,raw,0.05,100,precision,0.8175800900185333
cd8+_tcells,3000,2,8,raw,0.05,100,recall,0.7974176888315042
cd8+_tcells,3000,2,8,raw,0.05,100,f1,0.8073730309170534
cd8+_tcells,3000,2,8,bh,-1.0,100,mae,0.025298208172769267
cd8+_tcells,3000,2,8,bh,0.01,100,precision,0.0
cd8+_tcells,3000,2,8,bh,0.01,100,recall,0.0
cd8+_tcells,3000,2,8,bh,0.01,100,f1,0.0
cd8+_tcells,3000,2,8,bh,0.05,100,precision,0.0
cd8+_tcells,3000,2,8,bh,0.05,100,recall,0.0
cd8+_tcells,3000,2,8,bh,0.05,100,f1,0.0
cd8+_tcells,3000,2,9,raw,-1.0,100,mae,0.04173354533429996
cd8+_tcells,3000,2,9,raw,0.01,100,precision,0.6760019314340898
cd8+_tcells,3000,2,9,raw,0.01,100,recall,0.6773101112723754
cd8+_tcells,3000,2,9,raw,0.01,100,f1,0.6766553890768487
cd8+_tcells,3000,2,9,raw,0.05,100,precision,0.8333333333333334
cd8+_tcells,3000,2,9,raw,0.05,100,recall,0.8240607409346773
cd8+_tcells,3000,2,9,raw,0.05,100,f1,0.8286710985322188
cd8+_tcells,3000,2,9,bh,-1.0,100,mae,0.02117051073455734
cd8+_tcells,3000,2,9,bh,0.01,100,precision,0.0
cd8+_tcells,3000,2,9,bh,0.01,100,recall,0.0
cd8+_tcells,3000,2,9,bh,0.01,100,f1,0.0
cd8+_tcells,3000,2,9,bh,0.05,100,precision,0.0
cd8+_tcells,3000,2,9,bh,0.05,100,recall,0.0
cd8+_tcells,3000,2,9,bh,0.05,100,f1,0.0
cd8+_tcells,3000,3,4,raw,-1.0,100,mae,0.048909345439579914
cd8+_tcells,3000,3,4,raw,0.01,100,precision,0.6668393782383419
cd8+_tcells,3000,3,4,raw,0.01,100,recall,0.5855323020928116
cd8+_tcells,3000,3,4,raw,0.01,100,f1,0.623546511627907
cd8+_tcells,3000,3,4,raw,0.05,100,precision,0.8127213293380551
cd8+_tcells,3000,3,4,raw,0.05,100,recall,0.775438596491228
cd8+_tcells,3000,3,4,raw,0.05,100,f1,0.7936423488727805
cd8+_tcells,3000,3,4,bh,-1.0,100,mae,0.028149844677257414
cd8+_tcells,3000,3,4,bh,0.01,100,precision,0.0
cd8+_tcells,3000,3,4,bh,0.01,100,recall,0.0
cd8+_tcells,3000,3,4,bh,0.01,100,f1,0.0
cd8+_tcells,3000,3,4,bh,0.05,100,precision,0.0
cd8+_tcells,3000,3,4,bh,0.05,100,recall,0.0
cd8+_tcells,3000,3,4,bh,0.05,100,f1,0.0
cd8+_tcells,3000,3,5,raw,-1.0,100,mae,0.039994902698534784
cd8+_tcells,3000,3,5,raw,0.01,100,precision,0.7642487046632125
cd8+_tcells,3000,3,5,raw,0.01,100,recall,0.7074340527577938
cd8+_tcells,3000,3,5,raw,0.01,100,f1,0.7347447073474471
cd8+_tcells,3000,3,5,raw,0.05,100,precision,0.8578044129664941
cd8+_tcells,3000,3,5,raw,0.05,100,recall,0.8416410530535882
cd8+_tcells,3000,3,5,raw,0.05,100,f1,0.84964586846543
cd8+_tcells,3000,3,5,bh,-1.0,100,mae,0.019590584394442348
cd8+_tcells,3000,3,5,bh,0.01,100,precision,0.0
cd8+_tcells,3000,3,5,bh,0.01,100,recall,0.0
cd8+_tcells,3000,3,5,bh,0.01,100,f1,0.0
cd8+_tcells,3000,3,5,bh,0.05,100,precision,0.0
cd8+_tcells,3000,3,5,bh,0.05,100,recall,0.0
cd8+_tcells,3000,3,5,bh,0.05,100,f1,0.0
cd8+_tcells,3000,3,6,raw,-1.0,100,mae,0.04472213275244109
cd8+_tcells,3000,3,6,raw,0.01,100,precision,0.6808290155440414
cd8+_tcells,3000,3,6,raw,0.01,100,recall,0.6550348953140578
cd8+_tcells,3000,3,6,raw,0.01,100,f1,0.6676829268292683
cd8+_tcells,3000,3,6,raw,0.05,100,precision,0.836692999182784
cd8+_tcells,3000,3,6,raw,0.05,100,recall,0.803847160429207
cd8+_tcells,3000,3,6,raw,0.05,100,f1,0.8199412706887347
cd8+_tcells,3000,3,6,bh,-1.0,100,mae,0.024317455108206112
cd8+_tcells,3000,3,6,bh,0.01,100,precision,0.0
cd8+_tcells,3000,3,6,bh,0.01,100,recall,0.0
cd8+_tcells,3000,3,6,bh,0.01,100,f1,0.0
cd8+_tcells,3000,3,6,bh,0.05,100,precision,0.0
cd8+_tcells,3000,3,6,bh,0.05,100,recall,0.0
cd8+_tcells,3000,3,6,bh,0.05,100,f1,0.0
cd8+_tcells,3000,3,7,raw,-1.0,100,mae,0.04119911593273763
cd8+_tcells,3000,3,7,raw,0.01,100,precision,0.7025906735751295
cd8+_tcells,3000,3,7,raw,0.01,100,recall,0.6608187134502924
cd8+_tcells,3000,3,7,raw,0.01,100,f1,0.6810647915620291
cd8+_tcells,3000,3,7,raw,0.05,100,precision,0.827431217651866
cd8+_tcells,3000,3,7,raw,0.05,100,recall,0.8123829901043059
cd8+_tcells,3000,3,7,raw,0.05,100,f1,0.819838056680162
cd8+_tcells,3000,3,7,bh,-1.0,100,mae,0.02163919443847113
cd8+_tcells,3000,3,7,bh,0.01,100,precision,0.0
cd8+_tcells,3000,3,7,bh,0.01,100,recall,0.0
cd8+_tcells,3000,3,7,bh,0.01,100,f1,0.0
cd8+_tcells,3000,3,7,bh,0.05,100,precision,0.0
cd8+_tcells,3000,3,7,bh,0.05,100,recall,0.0
cd8+_tcells,3000,3,7,bh,0.05,100,f1,0.0
cd8+_tcells,3000,3,8,raw,-1.0,100,mae,0.045533258442331505
cd8+_tcells,3000,3,8,raw,0.01,100,precision,0.6870466321243524
cd8+_tcells,3000,3,8,raw,0.01,100,recall,0.6076993583868011
cd8+_tcells,3000,3,8,raw,0.01,100,f1,0.6449416342412452
cd8+_tcells,3000,3,8,raw,0.05,100,precision,0.8248433669299918
cd8+_tcells,3000,3,8,raw,0.05,100,recall,0.7819238218205293
cd8+_tcells,3000,3,8,raw,0.05,100,f1,0.8028103665407305
cd8+_tcells,3000,3,8,bh,-1.0,100,mae,0.025642058409602795
cd8+_tcells,3000,3,8,bh,0.01,100,precision,0.0
cd8+_tcells,3000,3,8,bh,0.01,100,recall,0.0
cd8+_tcells,3000,3,8,bh,0.01,100,f1,0.0
cd8+_tcells,3000,3,8,bh,0.05,100,precision,0.0
cd8+_tcells,3000,3,8,bh,0.05,100,recall,0.0
cd8+_tcells,3000,3,8,bh,0.05,100,f1,0.0
cd8+_tcells,3000,3,9,raw,-1.0,100,mae,0.0465361523260823
cd8+_tcells,3000,3,9,raw,0.01,100,precision,0.6870466321243524
cd8+_tcells,3000,3,9,raw,0.01,100,recall,0.6415094339622641
cd8+_tcells,3000,3,9,raw,0.01,100,f1,0.663497623217413
cd8+_tcells,3000,3,9,raw,0.05,100,precision,0.8334241351130482
cd8+_tcells,3000,3,9,raw,0.05,100,recall,0.8010210760570755
cd8+_tcells,3000,3,9,raw,0.05,100,f1,0.8169014084507042
cd8+_tcells,3000,3,9,bh,-1.0,100,mae,0.024667417590168425
cd8+_tcells,3000,3,9,bh,0.01,100,precision,0.0
cd8+_tcells,3000,3,9,bh,0.01,100,recall,0.0
cd8+_tcells,3000,3,9,bh,0.01,100,f1,0.0
cd8+_tcells,3000,3,9,bh,0.05,100,precision,0.0
cd8+_tcells,3000,3,9,bh,0.05,100,recall,0.0
cd8+_tcells,3000,3,9,bh,0.05,100,f1,0.0
cd8+_tcells,3000,4,5,raw,-1.0,100,mae,0.045306485798161746
cd8+_tcells,3000,4,5,raw,0.01,100,precision,0.651501364877161
cd8+_tcells,3000,4,5,raw,0.01,100,recall,0.686810551558753
cd8+_tcells,3000,4,5,raw,0.01,100,f1,0.6686901704412794
cd8+_tcells,3000,4,5,raw,0.05,100,precision,0.8019493177387914
cd8+_tcells,3000,4,5,raw,0.05,100,recall,0.8246692503006815
cd8+_tcells,3000,4,5,raw,0.05,100,f1,0.8131506127289498
cd8+_tcells,3000,4,5,bh,-1.0,100,mae,0.02457491623166089
cd8+_tcells,3000,4,5,bh,0.01,100,precision,0.0
cd8+_tcells,3000,4,5,bh,0.01,100,recall,0.0
cd8+_tcells,3000,4,5,bh,0.01,100,f1,0.0
cd8+_tcells,3000,4,5,bh,0.05,100,precision,0.0
cd8+_tcells,3000,4,5,bh,0.05,100,recall,0.0
cd8+_tcells,3000,4,5,bh,0.05,100,f1,0.0
cd8+_tcells,3000,4,6,raw,-1.0,100,mae,0.04892482118578669
cd8+_tcells,3000,4,6,raw,0.01,100,precision,0.6119199272065514
cd8+_tcells,3000,4,6,raw,0.01,100,recall,0.6704885343968096
cd8+_tcells,3000,4,6,raw,0.01,100,f1,0.6398667935299714
cd8+_tcells,3000,4,6,raw,0.05,100,precision,0.7940220922677063
cd8+_tcells,3000,4,6,raw,0.05,100,recall,0.7995289191311175
cd8+_tcells,3000,4,6,raw,0.05,100,f1,0.7967659907413445
cd8+_tcells,3000,4,6,bh,-1.0,100,mae,0.0255400088352445
cd8+_tcells,3000,4,6,bh,0.01,100,precision,0.0
cd8+_tcells,3000,4,6,bh,0.01,100,recall,0.0
cd8+_tcells,3000,4,6,bh,0.01,100,f1,0.0
cd8+_tcells,3000,4,6,bh,0.05,100,precision,0.0
cd8+_tcells,3000,4,6,bh,0.05,100,recall,0.0
cd8+_tcells,3000,4,6,bh,0.05,100,f1,0.0
cd8+_tcells,3000,4,7,raw,-1.0,100,mae,0.04450696691792642
cd8+_tcells,3000,4,7,raw,0.01,100,precision,0.6478616924476797
cd8+_tcells,3000,4,7,raw,0.01,100,recall,0.6939571150097466
cd8+_tcells,3000,4,7,raw,0.01,100,f1,0.6701176470588235
cd8+_tcells,3000,4,7,raw,0.05,100,precision,0.8114359974009097
cd8+_tcells,3000,4,7,raw,0.05,100,recall,0.8349826156726398
cd8+_tcells,3000,4,7,raw,0.05,100,f1,0.8230409279641469
cd8+_tcells,3000,4,7,bh,-1.0,100,mae,0.02350975294469611
cd8+_tcells,3000,4,7,bh,0.01,100,precision,0.0
cd8+_tcells,3000,4,7,bh,0.01,100,recall,0.0
cd8+_tcells,3000,4,7,bh,0.01,100,f1,0.0
cd8+_tcells,3000,4,7,bh,0.05,100,precision,0.0
cd8+_tcells,3000,4,7,bh,0.05,100,recall,0.0
cd8+_tcells,3000,4,7,bh,0.05,100,f1,0.0
cd8+_tcells,3000,4,8,raw,-1.0,100,mae,0.04643735979425014
cd8+_tcells,3000,4,8,raw,0.01,100,precision,0.6706096451319381
cd8+_tcells,3000,4,8,raw,0.01,100,recall,0.6755270394133822
cd8+_tcells,3000,4,8,raw,0.01,100,f1,0.6730593607305936
cd8+_tcells,3000,4,8,raw,0.05,100,precision,0.8185834957764783
cd8+_tcells,3000,4,8,raw,0.05,100,recall,0.8132989025177534
cd8+_tcells,3000,4,8,raw,0.05,100,f1,0.8159326424870467
cd8+_tcells,3000,4,8,bh,-1.0,100,mae,0.02451733736058764
cd8+_tcells,3000,4,8,bh,0.01,100,precision,0.0
cd8+_tcells,3000,4,8,bh,0.01,100,recall,0.0
cd8+_tcells,3000,4,8,bh,0.01,100,f1,0.0
cd8+_tcells,3000,4,8,bh,0.05,100,precision,0.0
cd8+_tcells,3000,4,8,bh,0.05,100,recall,0.0
cd8+_tcells,3000,4,8,bh,0.05,100,f1,0.0
cd8+_tcells,3000,4,9,raw,-1.0,100,mae,0.04903972231771633
cd8+_tcells,3000,4,9,raw,0.01,100,precision,0.6437670609645132
cd8+_tcells,3000,4,9,raw,0.01,100,recall,0.6845670053217223
cd8+_tcells,3000,4,9,raw,0.01,100,f1,0.6635404454865181
cd8+_tcells,3000,4,9,raw,0.05,100,precision,0.8101364522417154
cd8+_tcells,3000,4,9,raw,0.05,100,recall,0.8160754025395994
cd8+_tcells,3000,4,9,raw,0.05,100,f1,0.813095082822486
cd8+_tcells,3000,4,9,bh,-1.0,100,mae,0.024944803265755728
cd8+_tcells,3000,4,9,bh,0.01,100,precision,0.0
cd8+_tcells,3000,4,9,bh,0.01,100,recall,0.0
cd8+_tcells,3000,4,9,bh,0.01,100,f1,0.0
cd8+_tcells,3000,4,9,bh,0.05,100,precision,0.0
cd8+_tcells,3000,4,9,bh,0.05,100,recall,0.0
cd8+_tcells,3000,4,9,bh,0.05,100,f1,0.0
cd8+_tcells,3000,5,6,raw,-1.0,100,mae,0.04439616362714722
cd8+_tcells,3000,5,6,raw,0.01,100,precision,0.6757793764988009
cd8+_tcells,3000,5,6,raw,0.01,100,recall,0.7023928215353938
cd8+_tcells,3000,5,6,raw,0.01,100,f1,0.688829137130286
cd8+_tcells,3000,5,6,raw,0.05,100,precision,0.833489242282507
cd8+_tcells,3000,5,6,raw,0.05,100,recall,0.8161476053389165
cd8+_tcells,3000,5,6,raw,0.05,100,f1,0.8247272727272728
cd8+_tcells,3000,5,6,bh,-1.0,100,mae,0.023386374131700943
cd8+_tcells,3000,5,6,bh,0.01,100,precision,0.0
cd8+_tcells,3000,5,6,bh,0.01,100,recall,0.0
cd8+_tcells,3000,5,6,bh,0.01,100,f1,0.0
cd8+_tcells,3000,5,6,bh,0.05,100,precision,0.0
cd8+_tcells,3000,5,6,bh,0.05,100,recall,0.0
cd8+_tcells,3000,5,6,bh,0.05,100,f1,0.0
cd8+_tcells,3000,5,7,raw,-1.0,100,mae,0.0394630944790446
cd8+_tcells,3000,5,7,raw,0.01,100,precision,0.7059952038369305
cd8+_tcells,3000,5,7,raw,0.01,100,recall,0.7173489278752436
cd8+_tcells,3000,5,7,raw,0.01,100,f1,0.7116267826927726
cd8+_tcells,3000,5,7,raw,0.05,100,precision,0.848991046371776
cd8+_tcells,3000,5,7,raw,0.05,100,recall,0.8495587055362397
cd8+_tcells,3000,5,7,raw,0.05,100,f1,0.8492747810975202
cd8+_tcells,3000,5,7,bh,-1.0,100,mae,0.020252472918731303
cd8+_tcells,3000,5,7,bh,0.01,100,precision,0.0
cd8+_tcells,3000,5,7,bh,0.01,100,recall,0.0
cd8+_tcells,3000,5,7,bh,0.01,100,f1,0.0
cd8+_tcells,3000,5,7,bh,0.05,100,precision,0.0
cd8+_tcells,3000,5,7,bh,0.05,100,recall,0.0
cd8+_tcells,3000,5,7,bh,0.05,100,f1,0.0
cd8+_tcells,3000,5,8,raw,-1.0,100,mae,0.045970609852389654
cd8+_tcells,3000,5,8,raw,0.01,100,precision,0.6935251798561151
cd8+_tcells,3000,5,8,raw,0.01,100,recall,0.6626947754353804
cd8+_tcells,3000,5,8,raw,0.01,100,f1,0.6777595500351535
cd8+_tcells,3000,5,8,raw,0.05,100,precision,0.8229319791527462
cd8+_tcells,3000,5,8,raw,0.05,100,recall,0.795093608779858
cd8+_tcells,3000,5,8,raw,0.05,100,f1,0.8087733123194116
cd8+_tcells,3000,5,8,bh,-1.0,100,mae,0.024567007751732477
cd8+_tcells,3000,5,8,bh,0.01,100,precision,0.0
cd8+_tcells,3000,5,8,bh,0.01,100,recall,0.0
cd8+_tcells,3000,5,8,bh,0.01,100,f1,0.0
cd8+_tcells,3000,5,8,bh,0.05,100,precision,0.0
cd8+_tcells,3000,5,8,bh,0.05,100,recall,0.0
cd8+_tcells,3000,5,8,bh,0.05,100,f1,0.0
cd8+_tcells,3000,5,9,raw,-1.0,100,mae,0.04391920723317706
cd8+_tcells,3000,5,9,raw,0.01,100,precision,0.6623501199040768
cd8+_tcells,3000,5,9,raw,0.01,100,recall,0.6681180454765361
cd8+_tcells,3000,5,9,raw,0.01,100,f1,0.6652215799614644
cd8+_tcells,3000,5,9,raw,0.05,100,precision,0.8242683415742349
cd8+_tcells,3000,5,9,raw,0.05,100,recall,0.8074355282104988
cd8+_tcells,3000,5,9,raw,0.05,100,f1,0.8157651104351277
cd8+_tcells,3000,5,9,bh,-1.0,100,mae,0.0227240518505988
cd8+_tcells,3000,5,9,bh,0.01,100,precision,0.0
cd8+_tcells,3000,5,9,bh,0.01,100,recall,0.0
cd8+_tcells,3000,5,9,bh,0.01,100,f1,0.0
cd8+_tcells,3000,5,9,bh,0.05,100,precision,0.0
cd8+_tcells,3000,5,9,bh,0.05,100,recall,0.0
cd8+_tcells,3000,5,9,bh,0.05,100,f1,0.0
cd8+_tcells,3000,6,7,raw,-1.0,100,mae,0.041665856897947176
cd8+_tcells,3000,6,7,raw,0.01,100,precision,0.652542372881356
cd8+_tcells,3000,6,7,raw,0.01,100,recall,0.6379142300194932
cd8+_tcells,3000,6,7,raw,0.01,100,f1,0.6451453918186298
cd8+_tcells,3000,6,7,raw,0.05,100,precision,0.8021460350693536
cd8+_tcells,3000,6,7,raw,0.05,100,recall,0.8197378978336454
cd8+_tcells,3000,6,7,raw,0.05,100,f1,0.8108465608465608
cd8+_tcells,3000,6,7,bh,-1.0,100,mae,0.02137191277696249
cd8+_tcells,3000,6,7,bh,0.01,100,precision,0.0
cd8+_tcells,3000,6,7,bh,0.01,100,recall,0.0
cd8+_tcells,3000,6,7,bh,0.01,100,f1,0.0
cd8+_tcells,3000,6,7,bh,0.05,100,precision,0.0
cd8+_tcells,3000,6,7,bh,0.05,100,recall,0.0
cd8+_tcells,3000,6,7,bh,0.05,100,f1,0.0
cd8+_tcells,3000,6,8,raw,-1.0,100,mae,0.04741848081116536
cd8+_tcells,3000,6,8,raw,0.01,100,precision,0.6729810568295115
cd8+_tcells,3000,6,8,raw,0.01,100,recall,0.618698441796517
cd8+_tcells,3000,6,8,raw,0.01,100,f1,0.6446991404011462
cd8+_tcells,3000,6,8,raw,0.05,100,precision,0.8173253075111228
cd8+_tcells,3000,6,8,raw,0.05,100,recall,0.8064557779212395
cd8+_tcells,3000,6,8,raw,0.05,100,f1,0.8118541626047963
cd8+_tcells,3000,6,8,bh,-1.0,100,mae,0.02502235280779544
cd8+_tcells,3000,6,8,bh,0.01,100,precision,0.0
cd8+_tcells,3000,6,8,bh,0.01,100,recall,0.0
cd8+_tcells,3000,6,8,bh,0.01,100,f1,0.0
cd8+_tcells,3000,6,8,bh,0.05,100,precision,0.0
cd8+_tcells,3000,6,8,bh,0.05,100,recall,0.0
cd8+_tcells,3000,6,8,bh,0.05,100,f1,0.0
cd8+_tcells,3000,6,9,raw,-1.0,100,mae,0.04872181422495943
cd8+_tcells,3000,6,9,raw,0.01,100,precision,0.6251246261216351
cd8+_tcells,3000,6,9,raw,0.01,100,recall,0.6066763425253991
cd8+_tcells,3000,6,9,raw,0.01,100,f1,0.6157623373434815
cd8+_tcells,3000,6,9,raw,0.05,100,precision,0.800575765506412
cd8+_tcells,3000,6,9,raw,0.05,100,recall,0.800890168870271
cd8+_tcells,3000,6,9,raw,0.05,100,f1,0.8007329363261567
cd8+_tcells,3000,6,9,bh,-1.0,100,mae,0.025281416515696802
cd8+_tcells,3000,6,9,bh,0.01,100,precision,0.0
cd8+_tcells,3000,6,9,bh,0.01,100,recall,0.0
cd8+_tcells,3000,6,9,bh,0.01,100,f1,0.0
cd8+_tcells,3000,6,9,bh,0.05,100,precision,0.0
cd8+_tcells,3000,6,9,bh,0.05,100,recall,0.0
cd8+_tcells,3000,6,9,bh,0.05,100,f1,0.0
cd8+_tcells,3000,7,8,raw,-1.0,100,mae,0.047323736748903535
cd8+_tcells,3000,7,8,raw,0.01,100,precision,0.6661793372319688
cd8+_tcells,3000,7,8,raw,0.01,100,recall,0.6264894592117324
cd8+_tcells,3000,7,8,raw,0.01,100,f1,0.6457250826641474
cd8+_tcells,3000,7,8,raw,0.05,100,precision,0.8151912276009629
cd8+_tcells,3000,7,8,raw,0.05,100,recall,0.787088444157521
cd8+_tcells,3000,7,8,raw,0.05,100,f1,0.8008933850095251
cd8+_tcells,3000,7,8,bh,-1.0,100,mae,0.024625340260201526
cd8+_tcells,3000,7,8,bh,0.01,100,precision,0.0
cd8+_tcells,3000,7,8,bh,0.01,100,recall,0.0
cd8+_tcells,3000,7,8,bh,0.01,100,f1,0.0
cd8+_tcells,3000,7,8,bh,0.05,100,precision,0.0
cd8+_tcells,3000,7,8,bh,0.05,100,recall,0.0
cd8+_tcells,3000,7,8,bh,0.05,100,f1,0.0
cd8+_tcells,3000,7,9,raw,-1.0,100,mae,0.047965149876273476
cd8+_tcells,3000,7,9,raw,0.01,100,precision,0.6622807017543859
cd8+_tcells,3000,7,9,raw,0.01,100,recall,0.6574746008708273
cd8+_tcells,3000,7,9,raw,0.01,100,f1,0.6598689002184996
cd8+_tcells,3000,7,9,raw,0.05,100,precision,0.8190692698582509
cd8+_tcells,3000,7,9,raw,0.05,100,recall,0.8018065191779029
cd8+_tcells,3000,7,9,raw,0.05,100,f1,0.8103459681153669
cd8+_tcells,3000,7,9,bh,-1.0,100,mae,0.024190510250200272
cd8+_tcells,3000,7,9,bh,0.01,100,precision,0.0
cd8+_tcells,3000,7,9,bh,0.01,100,recall,0.0
cd8+_tcells,3000,7,9,bh,0.01,100,f1,0.0
cd8+_tcells,3000,7,9,bh,0.05,100,precision,0.0
cd8+_tcells,3000,7,9,bh,0.05,100,recall,0.0
cd8+_tcells,3000,7,9,bh,0.05,100,f1,0.0
cd8+_tcells,3000,8,9,raw,-1.0,100,mae,0.04879139673465885
cd8+_tcells,3000,8,9,raw,0.01,100,precision,0.6613198900091659
cd8+_tcells,3000,8,9,raw,0.01,100,recall,0.6981132075471698
cd8+_tcells,3000,8,9,raw,0.01,100,f1,0.6792186396799247
cd8+_tcells,3000,8,9,raw,0.05,100,precision,0.8074887023886378
cd8+_tcells,3000,8,9,raw,0.05,100,recall,0.8186935462756906
cd8+_tcells,3000,8,9,raw,0.05,100,f1,0.8130525221008841
cd8+_tcells,3000,8,9,bh,-1.0,100,mae,0.024802084518861036
cd8+_tcells,3000,8,9,bh,0.01,100,precision,0.0
cd8+_tcells,3000,8,9,bh,0.01,100,recall,0.0
cd8+_tcells,3000,8,9,bh,0.01,100,f1,0.0
cd8+_tcells,3000,8,9,bh,0.05,100,precision,0.0
cd8+_tcells,3000,8,9,bh,0.05,100,recall,0.0
cd8+_tcells,3000,8,9,bh,0.05,100,f1,0.0
cd8+_tcells,5000,-1,0,raw,-1.0,100,mae,0.04806900477074381
cd8+_tcells,5000,-1,0,raw,0.01,100,precision,0.6534365924491772
cd8+_tcells,5000,-1,0,raw,0.01,100,recall,0.6719761075161772
cd8+_tcells,5000,-1,0,raw,0.01,100,f1,0.6625766871165644
cd8+_tcells,5000,-1,0,raw,0.05,100,precision,0.8085247643075288
cd8+_tcells,5000,-1,0,raw,0.05,100,recall,0.815563889633003
cd8+_tcells,5000,-1,0,raw,0.05,100,f1,0.8120290724811629
cd8+_tcells,5000,-1,0,bh,-1.0,100,mae,0.023627424471841976
cd8+_tcells,5000,-1,0,bh,0.01,100,precision,0.0
cd8+_tcells,5000,-1,0,bh,0.01,100,recall,0.0
cd8+_tcells,5000,-1,0,bh,0.01,100,f1,0.0
cd8+_tcells,5000,-1,0,bh,0.05,100,precision,0.0
cd8+_tcells,5000,-1,0,bh,0.05,100,recall,0.0
cd8+_tcells,5000,-1,0,bh,0.05,100,f1,0.0
cd8+_tcells,5000,-1,1,raw,-1.0,100,mae,0.05009259994395345
cd8+_tcells,5000,-1,1,raw,0.01,100,precision,0.6689254598257502
cd8+_tcells,5000,-1,1,raw,0.01,100,recall,0.6365730078304929
cd8+_tcells,5000,-1,1,raw,0.01,100,f1,0.6523483596884588
cd8+_tcells,5000,-1,1,raw,0.05,100,precision,0.8131722214845306
cd8+_tcells,5000,-1,1,raw,0.05,100,recall,0.7938812548612911
cd8+_tcells,5000,-1,1,raw,0.05,100,f1,0.8034109544112824
cd8+_tcells,5000,-1,1,bh,-1.0,100,mae,0.026744026357538406
cd8+_tcells,5000,-1,1,bh,0.01,100,precision,0.0
cd8+_tcells,5000,-1,1,bh,0.01,100,recall,0.0
cd8+_tcells,5000,-1,1,bh,0.01,100,f1,0.0
cd8+_tcells,5000,-1,1,bh,0.05,100,precision,0.0
cd8+_tcells,5000,-1,1,bh,0.05,100,recall,0.0
cd8+_tcells,5000,-1,1,bh,0.05,100,f1,0.0
cd8+_tcells,5000,-1,2,raw,-1.0,100,mae,0.039685207001055545
cd8+_tcells,5000,-1,2,raw,0.01,100,precision,0.7134559535333979
cd8+_tcells,5000,-1,2,raw,0.01,100,recall,0.6693914623069936
cd8+_tcells,5000,-1,2,raw,0.01,100,f1,0.6907216494845361
cd8+_tcells,5000,-1,2,raw,0.05,100,precision,0.8357455849156818
cd8+_tcells,5000,-1,2,raw,0.05,100,recall,0.8294675803900896
cd8+_tcells,5000,-1,2,raw,0.05,100,f1,0.832594748329916
cd8+_tcells,5000,-1,2,bh,-1.0,100,mae,0.021334131325107326
cd8+_tcells,5000,-1,2,bh,0.01,100,precision,0.0
cd8+_tcells,5000,-1,2,bh,0.01,100,recall,0.0
cd8+_tcells,5000,-1,2,bh,0.01,100,f1,0.0
cd8+_tcells,5000,-1,2,bh,0.05,100,precision,0.0
cd8+_tcells,5000,-1,2,bh,0.05,100,recall,0.0
cd8+_tcells,5000,-1,2,bh,0.05,100,f1,0.0
cd8+_tcells,5000,-1,3,raw,-1.0,100,mae,0.04426487887412146
cd8+_tcells,5000,-1,3,raw,0.01,100,precision,0.6665053242981607
cd8+_tcells,5000,-1,3,raw,0.01,100,recall,0.6816831683168317
cd8+_tcells,5000,-1,3,raw,0.01,100,f1,0.6740088105726872
cd8+_tcells,5000,-1,3,raw,0.05,100,precision,0.8143672819014739
cd8+_tcells,5000,-1,3,raw,0.05,100,recall,0.8251042647652361
cd8+_tcells,5000,-1,3,raw,0.05,100,f1,0.8197006148088747
cd8+_tcells,5000,-1,3,bh,-1.0,100,mae,0.022606377904434666
cd8+_tcells,5000,-1,3,bh,0.01,100,precision,0.0
cd8+_tcells,5000,-1,3,bh,0.01,100,recall,0.0
cd8+_tcells,5000,-1,3,bh,0.01,100,f1,0.0
cd8+_tcells,5000,-1,3,bh,0.05,100,precision,0.0
cd8+_tcells,5000,-1,3,bh,0.05,100,recall,0.0
cd8+_tcells,5000,-1,3,bh,0.05,100,f1,0.0
cd8+_tcells,5000,-1,4,raw,-1.0,100,mae,0.04339254990520174
cd8+_tcells,5000,-1,4,raw,0.01,100,precision,0.6824782187802517
cd8+_tcells,5000,-1,4,raw,0.01,100,recall,0.6555090655509066
cd8+_tcells,5000,-1,4,raw,0.01,100,f1,0.6687218401707374
cd8+_tcells,5000,-1,4,raw,0.05,100,precision,0.8305669897755942
cd8+_tcells,5000,-1,4,raw,0.05,100,recall,0.821297268907563
cd8+_tcells,5000,-1,4,raw,0.05,100,f1,0.8259061200237671
cd8+_tcells,5000,-1,4,bh,-1.0,100,mae,0.022843154299942818
cd8+_tcells,5000,-1,4,bh,0.01,100,precision,0.0
cd8+_tcells,5000,-1,4,bh,0.01,100,recall,0.0
cd8+_tcells,5000,-1,4,bh,0.01,100,f1,0.0
cd8+_tcells,5000,-1,4,bh,0.05,100,precision,0.0
cd8+_tcells,5000,-1,4,bh,0.05,100,recall,0.0
cd8+_tcells,5000,-1,4,bh,0.05,100,f1,0.0
cd8+_tcells,5000,-1,5,raw,-1.0,100,mae,0.040567722235838925
cd8+_tcells,5000,-1,5,raw,0.01,100,precision,0.7274927395934172
cd8+_tcells,5000,-1,5,raw,0.01,100,recall,0.7303206997084548
cd8+_tcells,5000,-1,5,raw,0.01,100,f1,0.7289039767216294
cd8+_tcells,5000,-1,5,raw,0.05,100,precision,0.8552649050590891
cd8+_tcells,5000,-1,5,raw,0.05,100,recall,0.8453865336658354
cd8+_tcells,5000,-1,5,raw,0.05,100,f1,0.8502970297029703
cd8+_tcells,5000,-1,5,bh,-1.0,100,mae,0.0204170977624317
cd8+_tcells,5000,-1,5,bh,0.01,100,precision,0.0
cd8+_tcells,5000,-1,5,bh,0.01,100,recall,0.0
cd8+_tcells,5000,-1,5,bh,0.01,100,f1,0.0
cd8+_tcells,5000,-1,5,bh,0.05,100,precision,0.0
cd8+_tcells,5000,-1,5,bh,0.05,100,recall,0.0
cd8+_tcells,5000,-1,5,bh,0.05,100,f1,0.0
cd8+_tcells,5000,-1,6,raw,-1.0,100,mae,0.04444909353303499
cd8+_tcells,5000,-1,6,raw,0.01,100,precision,0.6795740561471443
cd8+_tcells,5000,-1,6,raw,0.01,100,recall,0.6419753086419753
cd8+_tcells,5000,-1,6,raw,0.01,100,f1,0.6602398307077357
cd8+_tcells,5000,-1,6,raw,0.05,100,precision,0.8219359978754481
cd8+_tcells,5000,-1,6,raw,0.05,100,recall,0.8086218158066623
cd8+_tcells,5000,-1,6,raw,0.05,100,f1,0.815224548926643
cd8+_tcells,5000,-1,6,bh,-1.0,100,mae,0.023907866850018604
cd8+_tcells,5000,-1,6,bh,0.01,100,precision,0.0
cd8+_tcells,5000,-1,6,bh,0.01,100,recall,0.0
cd8+_tcells,5000,-1,6,bh,0.01,100,f1,0.0
cd8+_tcells,5000,-1,6,bh,0.05,100,precision,0.0
cd8+_tcells,5000,-1,6,bh,0.05,100,recall,0.0
cd8+_tcells,5000,-1,6,bh,0.05,100,f1,0.0
cd8+_tcells,5000,-1,7,raw,-1.0,100,mae,0.04771836775124973
cd8+_tcells,5000,-1,7,raw,0.01,100,precision,0.6684414327202324
cd8+_tcells,5000,-1,7,raw,0.01,100,recall,0.6681180454765361
cd8+_tcells,5000,-1,7,raw,0.01,100,f1,0.6682796999758045
cd8+_tcells,5000,-1,7,raw,0.05,100,precision,0.8118443765768159
cd8+_tcells,5000,-1,7,raw,0.05,100,recall,0.8128157404945493
cd8+_tcells,5000,-1,7,raw,0.05,100,f1,0.8123297681525278
cd8+_tcells,5000,-1,7,bh,-1.0,100,mae,0.023569624405170065
cd8+_tcells,5000,-1,7,bh,0.01,100,precision,0.0
cd8+_tcells,5000,-1,7,bh,0.01,100,recall,0.0
cd8+_tcells,5000,-1,7,bh,0.01,100,f1,0.0
cd8+_tcells,5000,-1,7,bh,0.05,100,precision,0.0
cd8+_tcells,5000,-1,7,bh,0.05,100,recall,0.0
cd8+_tcells,5000,-1,7,bh,0.05,100,f1,0.0
cd8+_tcells,5000,-1,8,raw,-1.0,100,mae,0.04401504602503437
cd8+_tcells,5000,-1,8,raw,0.01,100,precision,0.6606969990319458
cd8+_tcells,5000,-1,8,raw,0.01,100,recall,0.6652046783625731
cd8+_tcells,5000,-1,8,raw,0.01,100,f1,0.6629431762991743
cd8+_tcells,5000,-1,8,raw,0.05,100,precision,0.8328243261187094
cd8+_tcells,5000,-1,8,raw,0.05,100,recall,0.8130671506352087
cd8+_tcells,5000,-1,8,raw,0.05,100,f1,0.822827156444736
cd8+_tcells,5000,-1,8,bh,-1.0,100,mae,0.023283227727366834
cd8+_tcells,5000,-1,8,bh,0.01,100,precision,0.0
cd8+_tcells,5000,-1,8,bh,0.01,100,recall,0.0
cd8+_tcells,5000,-1,8,bh,0.01,100,f1,0.0
cd8+_tcells,5000,-1,8,bh,0.05,100,precision,0.0
cd8+_tcells,5000,-1,8,bh,0.05,100,recall,0.0
cd8+_tcells,5000,-1,8,bh,0.05,100,f1,0.0
cd8+_tcells,5000,-1,9,raw,-1.0,100,mae,0.045308136185321875
cd8+_tcells,5000,-1,9,raw,0.01,100,precision,0.6558567279767668
cd8+_tcells,5000,-1,9,raw,0.01,100,recall,0.6526974951830443
cd8+_tcells,5000,-1,9,raw,0.01,100,f1,0.6542732979237084
cd8+_tcells,5000,-1,9,raw,0.05,100,precision,0.8148984198645598
cd8+_tcells,5000,-1,9,raw,0.05,100,recall,0.8050636232454415
cd8+_tcells,5000,-1,9,raw,0.05,100,f1,0.8099511680084466
cd8+_tcells,5000,-1,9,bh,-1.0,100,mae,0.023162414882178323
cd8+_tcells,5000,-1,9,bh,0.01,100,precision,0.0
cd8+_tcells,5000,-1,9,bh,0.01,100,recall,0.0
cd8+_tcells,5000,-1,9,bh,0.01,100,f1,0.0
cd8+_tcells,5000,-1,9,bh,0.05,100,precision,0.0
cd8+_tcells,5000,-1,9,bh,0.05,100,recall,0.0
cd8+_tcells,5000,-1,9,bh,0.05,100,f1,0.0
cd8+_tcells,5000,0,1,raw,-1.0,100,mae,0.0491289123980651
cd8+_tcells,5000,0,1,raw,0.01,100,precision,0.6600298656047785
cd8+_tcells,5000,0,1,raw,0.01,100,recall,0.6107784431137725
cd8+_tcells,5000,0,1,raw,0.01,100,f1,0.6344497607655503
cd8+_tcells,5000,0,1,raw,0.05,100,precision,0.8045807661398339
cd8+_tcells,5000,0,1,raw,0.05,100,recall,0.7787140264454239
cd8+_tcells,5000,0,1,raw,0.05,100,f1,0.7914361001317523
cd8+_tcells,5000,0,1,bh,-1.0,100,mae,0.025893236140434123
cd8+_tcells,5000,0,1,bh,0.01,100,precision,0.0
cd8+_tcells,5000,0,1,bh,0.01,100,recall,0.0
cd8+_tcells,5000,0,1,bh,0.01,100,f1,0.0
cd8+_tcells,5000,0,1,bh,0.05,100,precision,0.0
cd8+_tcells,5000,0,1,bh,0.05,100,recall,0.0
cd8+_tcells,5000,0,1,bh,0.05,100,f1,0.0
cd8+_tcells,5000,0,2,raw,-1.0,100,mae,0.047507558912236306
cd8+_tcells,5000,0,2,raw,0.01,100,precision,0.6893977103036336
cd8+_tcells,5000,0,2,raw,0.01,100,recall,0.6289736603088102
cd8+_tcells,5000,0,2,raw,0.01,100,f1,0.6578009973877939
cd8+_tcells,5000,0,2,raw,0.05,100,precision,0.8090008036431824
cd8+_tcells,5000,0,2,raw,0.05,100,recall,0.7959936742224565
cd8+_tcells,5000,0,2,raw,0.05,100,f1,0.8024445330144812
cd8+_tcells,5000,0,2,bh,-1.0,100,mae,0.02492348585638819
cd8+_tcells,5000,0,2,bh,0.01,100,precision,0.0
cd8+_tcells,5000,0,2,bh,0.01,100,recall,0.0
cd8+_tcells,5000,0,2,bh,0.01,100,f1,0.0
cd8+_tcells,5000,0,2,bh,0.05,100,precision,0.0
cd8+_tcells,5000,0,2,bh,0.05,100,recall,0.0
cd8+_tcells,5000,0,2,bh,0.05,100,f1,0.0
cd8+_tcells,5000,0,3,raw,-1.0,100,mae,0.048378708191984074
cd8+_tcells,5000,0,3,raw,0.01,100,precision,0.6450970632155301
cd8+_tcells,5000,0,3,raw,0.01,100,recall,0.6415841584158416
cd8+_tcells,5000,0,3,raw,0.01,100,f1,0.6433358153387937
cd8+_tcells,5000,0,3,raw,0.05,100,precision,0.8028395392445754
cd8+_tcells,5000,0,3,raw,0.05,100,recall,0.8064038746132114
cd8+_tcells,5000,0,3,raw,0.05,100,f1,0.80461775958118
cd8+_tcells,5000,0,3,bh,-1.0,100,mae,0.023853626309997128
cd8+_tcells,5000,0,3,bh,0.01,100,precision,0.0
cd8+_tcells,5000,0,3,bh,0.01,100,recall,0.0
cd8+_tcells,5000,0,3,bh,0.01,100,f1,0.0
cd8+_tcells,5000,0,3,bh,0.05,100,precision,0.0
cd8+_tcells,5000,0,3,bh,0.05,100,recall,0.0
cd8+_tcells,5000,0,3,bh,0.05,100,f1,0.0
cd8+_tcells,5000,0,4,raw,-1.0,100,mae,0.04723954861515508
cd8+_tcells,5000,0,4,raw,0.01,100,precision,0.7048282727725237
cd8+_tcells,5000,0,4,raw,0.01,100,recall,0.6582984658298466
cd8+_tcells,5000,0,4,raw,0.01,100,f1,0.6807692307692308
cd8+_tcells,5000,0,4,raw,0.05,100,precision,0.828957942673453
cd8+_tcells,5000,0,4,raw,0.05,100,recall,0.8126313025210085
cd8+_tcells,5000,0,4,raw,0.05,100,f1,0.8207134332316669
cd8+_tcells,5000,0,4,bh,-1.0,100,mae,0.02378137913587809
cd8+_tcells,5000,0,4,bh,0.01,100,precision,0.0
cd8+_tcells,5000,0,4,bh,0.01,100,recall,0.0
cd8+_tcells,5000,0,4,bh,0.01,100,f1,0.0
cd8+_tcells,5000,0,4,bh,0.05,100,precision,0.0
cd8+_tcells,5000,0,4,bh,0.05,100,recall,0.0
cd8+_tcells,5000,0,4,bh,0.05,100,f1,0.0
cd8+_tcells,5000,0,5,raw,-1.0,100,mae,0.04401542578798698
cd8+_tcells,5000,0,5,raw,0.01,100,precision,0.701841712294674
cd8+_tcells,5000,0,5,raw,0.01,100,recall,0.685131195335277
cd8+_tcells,5000,0,5,raw,0.01,100,f1,0.6933857880501598
cd8+_tcells,5000,0,5,raw,0.05,100,precision,0.835654969193678
cd8+_tcells,5000,0,5,raw,0.05,100,recall,0.8188738679616747
cd8+_tcells,5000,0,5,raw,0.05,100,f1,0.827179317202519
cd8+_tcells,5000,0,5,bh,-1.0,100,mae,0.021816292618031013
cd8+_tcells,5000,0,5,bh,0.01,100,precision,0.0
cd8+_tcells,5000,0,5,bh,0.01,100,recall,0.0
cd8+_tcells,5000,0,5,bh,0.01,100,f1,0.0
cd8+_tcells,5000,0,5,bh,0.05,100,precision,0.0
cd8+_tcells,5000,0,5,bh,0.05,100,recall,0.0
cd8+_tcells,5000,0,5,bh,0.05,100,f1,0.0
cd8+_tcells,5000,0,6,raw,-1.0,100,mae,0.04932356380478975
cd8+_tcells,5000,0,6,raw,0.01,100,precision,0.6849178695868592
cd8+_tcells,5000,0,6,raw,0.01,100,recall,0.629172382258802
cd8+_tcells,5000,0,6,raw,0.01,100,f1,0.655862726406101
cd8+_tcells,5000,0,6,raw,0.05,100,precision,0.8182427002410929
cd8+_tcells,5000,0,6,raw,0.05,100,recall,0.7980404964075768
cd8+_tcells,5000,0,6,raw,0.05,100,f1,0.8080153429006018
cd8+_tcells,5000,0,6,bh,-1.0,100,mae,0.02531523445831741
cd8+_tcells,5000,0,6,bh,0.01,100,precision,0.0
cd8+_tcells,5000,0,6,bh,0.01,100,recall,0.0
cd8+_tcells,5000,0,6,bh,0.01,100,f1,0.0
cd8+_tcells,5000,0,6,bh,0.05,100,precision,0.0
cd8+_tcells,5000,0,6,bh,0.05,100,recall,0.0
cd8+_tcells,5000,0,6,bh,0.05,100,f1,0.0
cd8+_tcells,5000,0,7,raw,-1.0,100,mae,0.04466952842022313
cd8+_tcells,5000,0,7,raw,0.01,100,precision,0.664509706321553
cd8+_tcells,5000,0,7,raw,0.01,100,recall,0.6458635703918723
cd8+_tcells,5000,0,7,raw,0.01,100,f1,0.655053974484789
cd8+_tcells,5000,0,7,raw,0.05,100,precision,0.8098044468256095
cd8+_tcells,5000,0,7,raw,0.05,100,recall,0.8037755915979793
cd8+_tcells,5000,0,7,raw,0.05,100,f1,0.806778756338404
cd8+_tcells,5000,0,7,bh,-1.0,100,mae,0.02274102417059492
cd8+_tcells,5000,0,7,bh,0.01,100,precision,0.0
cd8+_tcells,5000,0,7,bh,0.01,100,recall,0.0
cd8+_tcells,5000,0,7,bh,0.01,100,f1,0.0
cd8+_tcells,5000,0,7,bh,0.05,100,precision,0.0
cd8+_tcells,5000,0,7,bh,0.05,100,recall,0.0
cd8+_tcells,5000,0,7,bh,0.05,100,f1,0.0
cd8+_tcells,5000,0,8,raw,-1.0,100,mae,0.04794552794405964
cd8+_tcells,5000,0,8,raw,0.01,100,precision,0.6859133897461424
cd8+_tcells,5000,0,8,raw,0.01,100,recall,0.6715399610136452
cd8+_tcells,5000,0,8,raw,0.01,100,f1,0.6786505786752032
cd8+_tcells,5000,0,8,raw,0.05,100,precision,0.8276185373694079
cd8+_tcells,5000,0,8,raw,0.05,100,recall,0.8010111485610578
cd8+_tcells,5000,0,8,raw,0.05,100,f1,0.8140974967061924
cd8+_tcells,5000,0,8,bh,-1.0,100,mae,0.02444282610053389
cd8+_tcells,5000,0,8,bh,0.01,100,precision,0.0
cd8+_tcells,5000,0,8,bh,0.01,100,recall,0.0
cd8+_tcells,5000,0,8,bh,0.01,100,f1,0.0
cd8+_tcells,5000,0,8,bh,0.05,100,precision,0.0
cd8+_tcells,5000,0,8,bh,0.05,100,recall,0.0
cd8+_tcells,5000,0,8,bh,0.05,100,f1,0.0
cd8+_tcells,5000,0,9,raw,-1.0,100,mae,0.04688718515557146
cd8+_tcells,5000,0,9,raw,0.01,100,precision,0.6814335490293678
cd8+_tcells,5000,0,9,raw,0.01,100,recall,0.6594412331406551
cd8+_tcells,5000,0,9,raw,0.01,100,f1,0.6702570379436964
cd8+_tcells,5000,0,9,raw,0.05,100,precision,0.8213233324403965
cd8+_tcells,5000,0,9,raw,0.05,100,recall,0.8044077134986226
cd8+_tcells,5000,0,9,raw,0.05,100,f1,0.8127775200477169
cd8+_tcells,5000,0,9,bh,-1.0,100,mae,0.023541595759753856
cd8+_tcells,5000,0,9,bh,0.01,100,precision,0.0
cd8+_tcells,5000,0,9,bh,0.01,100,recall,0.0
cd8+_tcells,5000,0,9,bh,0.01,100,f1,0.0
cd8+_tcells,5000,0,9,bh,0.05,100,precision,0.0
cd8+_tcells,5000,0,9,bh,0.05,100,recall,0.0
cd8+_tcells,5000,0,9,bh,0.05,100,f1,0.0
cd8+_tcells,5000,1,2,raw,-1.0,100,mae,0.04791993569174961
cd8+_tcells,5000,1,2,raw,0.01,100,precision,0.6803316444035007
cd8+_tcells,5000,1,2,raw,0.01,100,recall,0.6707538601271571
cd8+_tcells,5000,1,2,raw,0.01,100,f1,0.675508804024697
cd8+_tcells,5000,1,2,raw,0.05,100,precision,0.80347420274825
cd8+_tcells,5000,1,2,raw,0.05,100,recall,0.8168160253031101
cd8+_tcells,5000,1,2,raw,0.05,100,f1,0.8100901842896353
cd8+_tcells,5000,1,2,bh,-1.0,100,mae,0.024885374833228103
cd8+_tcells,5000,1,2,bh,0.01,100,precision,0.0
cd8+_tcells,5000,1,2,bh,0.01,100,recall,0.0
cd8+_tcells,5000,1,2,bh,0.01,100,f1,0.0
cd8+_tcells,5000,1,2,bh,0.05,100,precision,0.0
cd8+_tcells,5000,1,2,bh,0.05,100,recall,0.0
cd8+_tcells,5000,1,2,bh,0.05,100,f1,0.0
cd8+_tcells,5000,1,3,raw,-1.0,100,mae,0.04429368429808017
cd8+_tcells,5000,1,3,raw,0.01,100,precision,0.6374942422846614
cd8+_tcells,5000,1,3,raw,0.01,100,recall,0.6851485148514852
cd8+_tcells,5000,1,3,raw,0.01,100,f1,0.6604628966833691
cd8+_tcells,5000,1,3,raw,0.05,100,precision,0.7990666320974851
cd8+_tcells,5000,1,3,raw,0.05,100,recall,0.8292748553746805
cd8+_tcells,5000,1,3,raw,0.05,100,f1,0.8138905393807354
cd8+_tcells,5000,1,3,bh,-1.0,100,mae,0.023654280517202343
cd8+_tcells,5000,1,3,bh,0.01,100,precision,0.0
cd8+_tcells,5000,1,3,bh,0.01,100,recall,0.0
cd8+_tcells,5000,1,3,bh,0.01,100,f1,0.0
cd8+_tcells,5000,1,3,bh,0.05,100,precision,0.0
cd8+_tcells,5000,1,3,bh,0.05,100,recall,0.0
cd8+_tcells,5000,1,3,bh,0.05,100,f1,0.0
cd8+_tcells,5000,1,4,raw,-1.0,100,mae,0.048644114015482506
cd8+_tcells,5000,1,4,raw,0.01,100,precision,0.6577614002763703
cd8+_tcells,5000,1,4,raw,0.01,100,recall,0.6638772663877266
cd8+_tcells,5000,1,4,raw,0.01,100,f1,0.6608051827857473
cd8+_tcells,5000,1,4,raw,0.05,100,precision,0.8029556650246306
cd8+_tcells,5000,1,4,raw,0.05,100,recall,0.8132878151260504
cd8+_tcells,5000,1,4,raw,0.05,100,f1,0.80808871493803
cd8+_tcells,5000,1,4,bh,-1.0,100,mae,0.02546117009119656
cd8+_tcells,5000,1,4,bh,0.01,100,precision,0.0
cd8+_tcells,5000,1,4,bh,0.01,100,recall,0.0
cd8+_tcells,5000,1,4,bh,0.01,100,f1,0.0
cd8+_tcells,5000,1,4,bh,0.05,100,precision,0.0
cd8+_tcells,5000,1,4,bh,0.05,100,recall,0.0
cd8+_tcells,5000,1,4,bh,0.05,100,f1,0.0
cd8+_tcells,5000,1,5,raw,-1.0,100,mae,0.05344873483749952
cd8+_tcells,5000,1,5,raw,0.01,100,precision,0.6568401658222017
cd8+_tcells,5000,1,5,raw,0.01,100,recall,0.6929057337220602
cd8+_tcells,5000,1,5,raw,0.01,100,f1,0.6743911090092221
cd8+_tcells,5000,1,5,raw,0.05,100,precision,0.7972517500648172
cd8+_tcells,5000,1,5,raw,0.05,100,recall,0.807192544953406
cd8+_tcells,5000,1,5,raw,0.05,100,f1,0.8021913519859127
cd8+_tcells,5000,1,5,bh,-1.0,100,mae,0.02690758072079508
cd8+_tcells,5000,1,5,bh,0.01,100,precision,0.0
cd8+_tcells,5000,1,5,bh,0.01,100,recall,0.0
cd8+_tcells,5000,1,5,bh,0.01,100,f1,0.0
cd8+_tcells,5000,1,5,bh,0.05,100,precision,0.0
cd8+_tcells,5000,1,5,bh,0.05,100,recall,0.0
cd8+_tcells,5000,1,5,bh,0.05,100,f1,0.0
cd8+_tcells,5000,1,6,raw,-1.0,100,mae,0.04791907381838199
cd8+_tcells,5000,1,6,raw,0.01,100,precision,0.6499309074159374
cd8+_tcells,5000,1,6,raw,0.01,100,recall,0.6451760402377686
cd8+_tcells,5000,1,6,raw,0.01,100,f1,0.6475447452960074
cd8+_tcells,5000,1,6,raw,0.05,100,precision,0.8014000518537724
cd8+_tcells,5000,1,6,raw,0.05,100,recall,0.8075767472240366
cd8+_tcells,5000,1,6,raw,0.05,100,f1,0.8044765436918472
cd8+_tcells,5000,1,6,bh,-1.0,100,mae,0.025368555503680865
cd8+_tcells,5000,1,6,bh,0.01,100,precision,0.0
cd8+_tcells,5000,1,6,bh,0.01,100,recall,0.0
cd8+_tcells,5000,1,6,bh,0.01,100,f1,0.0
cd8+_tcells,5000,1,6,bh,0.05,100,precision,0.0
cd8+_tcells,5000,1,6,bh,0.05,100,recall,0.0
cd8+_tcells,5000,1,6,bh,0.05,100,f1,0.0
cd8+_tcells,5000,1,7,raw,-1.0,100,mae,0.046350501996257634
cd8+_tcells,5000,1,7,raw,0.01,100,precision,0.6476278212805159
cd8+_tcells,5000,1,7,raw,0.01,100,recall,0.6802128688921142
cd8+_tcells,5000,1,7,raw,0.01,100,f1,0.6635205285512034
cd8+_tcells,5000,1,7,raw,0.05,100,precision,0.8047705470572984
cd8+_tcells,5000,1,7,raw,0.05,100,recall,0.8253124169103961
cd8+_tcells,5000,1,7,raw,0.05,100,f1,0.8149120504069309
cd8+_tcells,5000,1,7,bh,-1.0,100,mae,0.02529490350656464
cd8+_tcells,5000,1,7,bh,0.01,100,precision,0.0
cd8+_tcells,5000,1,7,bh,0.01,100,recall,0.0
cd8+_tcells,5000,1,7,bh,0.01,100,f1,0.0
cd8+_tcells,5000,1,7,bh,0.05,100,precision,0.0
cd8+_tcells,5000,1,7,bh,0.05,100,recall,0.0
cd8+_tcells,5000,1,7,bh,0.05,100,f1,0.0
cd8+_tcells,5000,1,8,raw,-1.0,100,mae,0.0514194028196866
cd8+_tcells,5000,1,8,raw,0.01,100,precision,0.6190695532012898
cd8+_tcells,5000,1,8,raw,0.01,100,recall,0.6549707602339181
cd8+_tcells,5000,1,8,raw,0.01,100,f1,0.6365143263083116
cd8+_tcells,5000,1,8,raw,0.05,100,precision,0.7963443090484833
cd8+_tcells,5000,1,8,raw,0.05,100,recall,0.7963443090484833
cd8+_tcells,5000,1,8,raw,0.05,100,f1,0.7963443090484833
cd8+_tcells,5000,1,8,bh,-1.0,100,mae,0.027040512606740875
cd8+_tcells,5000,1,8,bh,0.01,100,precision,0.0
cd8+_tcells,5000,1,8,bh,0.01,100,recall,0.0
cd8+_tcells,5000,1,8,bh,0.01,100,f1,0.0
cd8+_tcells,5000,1,8,bh,0.05,100,precision,0.0
cd8+_tcells,5000,1,8,bh,0.05,100,recall,0.0
cd8+_tcells,5000,1,8,bh,0.05,100,f1,0.0
cd8+_tcells,5000,1,9,raw,-1.0,100,mae,0.04652570199841662
cd8+_tcells,5000,1,9,raw,0.01,100,precision,0.616305849838784
cd8+_tcells,5000,1,9,raw,0.01,100,recall,0.6445086705202312
cd8+_tcells,5000,1,9,raw,0.01,100,f1,0.6300918295267247
cd8+_tcells,5000,1,9,raw,0.05,100,precision,0.7829919626652839
cd8+_tcells,5000,1,9,raw,0.05,100,recall,0.7923389741571559
cd8+_tcells,5000,1,9,raw,0.05,100,f1,0.7876377388015909
cd8+_tcells,5000,1,9,bh,-1.0,100,mae,0.02497013535181949
cd8+_tcells,5000,1,9,bh,0.01,100,precision,0.0
cd8+_tcells,5000,1,9,bh,0.01,100,recall,0.0
cd8+_tcells,5000,1,9,bh,0.01,100,f1,0.0
cd8+_tcells,5000,1,9,bh,0.05,100,precision,0.0
cd8+_tcells,5000,1,9,bh,0.05,100,recall,0.0
cd8+_tcells,5000,1,9,bh,0.05,100,f1,0.0
cd8+_tcells,5000,2,3,raw,-1.0,100,mae,0.04288958215468784
cd8+_tcells,5000,2,3,raw,0.01,100,precision,0.6607629427792916
cd8+_tcells,5000,2,3,raw,0.01,100,recall,0.7202970297029703
cd8+_tcells,5000,2,3,raw,0.01,100,f1,0.6892468024632875
cd8+_tcells,5000,2,3,raw,0.05,100,precision,0.8119399051133368
cd8+_tcells,5000,2,3,raw,0.05,100,recall,0.828871249831831
cd8+_tcells,5000,2,3,raw,0.05,100,f1,0.8203182211570468
cd8+_tcells,5000,2,3,bh,-1.0,100,mae,0.022449154757701727
cd8+_tcells,5000,2,3,bh,0.01,100,precision,0.0
cd8+_tcells,5000,2,3,bh,0.01,100,recall,0.0
cd8+_tcells,5000,2,3,bh,0.01,100,f1,0.0
cd8+_tcells,5000,2,3,bh,0.05,100,precision,0.0
cd8+_tcells,5000,2,3,bh,0.05,100,recall,0.0
cd8+_tcells,5000,2,3,bh,0.05,100,f1,0.0
cd8+_tcells,5000,2,4,raw,-1.0,100,mae,0.04023771631008245
cd8+_tcells,5000,2,4,raw,0.01,100,precision,0.6752951861943688
cd8+_tcells,5000,2,4,raw,0.01,100,recall,0.6913063691306369
cd8+_tcells,5000,2,4,raw,0.01,100,f1,0.6832069836894096
cd8+_tcells,5000,2,4,raw,0.05,100,precision,0.8260411175540326
cd8+_tcells,5000,2,4,raw,0.05,100,recall,0.8230042016806722
cd8+_tcells,5000,2,4,raw,0.05,100,f1,0.8245198631938964
cd8+_tcells,5000,2,4,bh,-1.0,100,mae,0.02118060589189124
cd8+_tcells,5000,2,4,bh,0.01,100,precision,0.0
cd8+_tcells,5000,2,4,bh,0.01,100,recall,0.0
cd8+_tcells,5000,2,4,bh,0.01,100,f1,0.0
cd8+_tcells,5000,2,4,bh,0.05,100,precision,0.0
cd8+_tcells,5000,2,4,bh,0.05,100,recall,0.0
cd8+_tcells,5000,2,4,bh,0.05,100,f1,0.0
cd8+_tcells,5000,2,5,raw,-1.0,100,mae,0.04354518229190023
cd8+_tcells,5000,2,5,raw,0.01,100,precision,0.6721162579473207
cd8+_tcells,5000,2,5,raw,0.01,100,recall,0.7191448007774538
cd8+_tcells,5000,2,5,raw,0.01,100,f1,0.6948356807511737
cd8+_tcells,5000,2,5,raw,0.05,100,precision,0.8303900896151819
cd8+_tcells,5000,2,5,raw,0.05,100,recall,0.8270114188213676
cd8+_tcells,5000,2,5,raw,0.05,100,f1,0.8286973104491353
cd8+_tcells,5000,2,5,bh,-1.0,100,mae,0.022257294856308778
cd8+_tcells,5000,2,5,bh,0.01,100,precision,0.0
cd8+_tcells,5000,2,5,bh,0.01,100,recall,0.0
cd8+_tcells,5000,2,5,bh,0.01,100,f1,0.0
cd8+_tcells,5000,2,5,bh,0.05,100,precision,0.0
cd8+_tcells,5000,2,5,bh,0.05,100,recall,0.0
cd8+_tcells,5000,2,5,bh,0.05,100,f1,0.0
cd8+_tcells,5000,2,6,raw,-1.0,100,mae,0.050085093565592265
cd8+_tcells,5000,2,6,raw,0.01,100,precision,0.6303360581289736
cd8+_tcells,5000,2,6,raw,0.01,100,recall,0.6346593507087335
cd8+_tcells,5000,2,6,raw,0.01,100,f1,0.632490316700843
cd8+_tcells,5000,2,6,raw,0.05,100,precision,0.7979704797047971
cd8+_tcells,5000,2,6,raw,0.05,100,recall,0.790986283474853
cd8+_tcells,5000,2,6,raw,0.05,100,f1,0.7944630322115069
cd8+_tcells,5000,2,6,bh,-1.0,100,mae,0.025980614171240205
cd8+_tcells,5000,2,6,bh,0.01,100,precision,0.0
cd8+_tcells,5000,2,6,bh,0.01,100,recall,0.0
cd8+_tcells,5000,2,6,bh,0.01,100,f1,0.0
cd8+_tcells,5000,2,6,bh,0.05,100,precision,0.0
cd8+_tcells,5000,2,6,bh,0.05,100,recall,0.0
cd8+_tcells,5000,2,6,bh,0.05,100,f1,0.0
cd8+_tcells,5000,2,7,raw,-1.0,100,mae,0.04116373460309689
cd8+_tcells,5000,2,7,raw,0.01,100,precision,0.6752951861943688
cd8+_tcells,5000,2,7,raw,0.01,100,recall,0.7194000967585873
cd8+_tcells,5000,2,7,raw,0.01,100,f1,0.6966502693839307
cd8+_tcells,5000,2,7,raw,0.05,100,precision,0.8247232472324724
cd8+_tcells,5000,2,7,raw,0.05,100,recall,0.8319595852166977
cd8+_tcells,5000,2,7,raw,0.05,100,f1,0.828325612177366
cd8+_tcells,5000,2,7,bh,-1.0,100,mae,0.021734353879611555
cd8+_tcells,5000,2,7,bh,0.01,100,precision,0.0
cd8+_tcells,5000,2,7,bh,0.01,100,recall,0.0
cd8+_tcells,5000,2,7,bh,0.01,100,f1,0.0
cd8+_tcells,5000,2,7,bh,0.05,100,precision,0.0
cd8+_tcells,5000,2,7,bh,0.05,100,recall,0.0
cd8+_tcells,5000,2,7,bh,0.05,100,f1,0.0
cd8+_tcells,5000,2,8,raw,-1.0,100,mae,0.04568349281034126
cd8+_tcells,5000,2,8,raw,0.01,100,precision,0.6448683015440508
cd8+_tcells,5000,2,8,raw,0.01,100,recall,0.6920077972709552
cd8+_tcells,5000,2,8,raw,0.01,100,f1,0.6676069581570286
cd8+_tcells,5000,2,8,raw,0.05,100,precision,0.8189246178176067
cd8+_tcells,5000,2,8,raw,0.05,100,recall,0.8055483536427275
cd8+_tcells,5000,2,8,raw,0.05,100,f1,0.812181414194223
cd8+_tcells,5000,2,8,bh,-1.0,100,mae,0.023550614709021863
cd8+_tcells,5000,2,8,bh,0.01,100,precision,0.0
cd8+_tcells,5000,2,8,bh,0.01,100,recall,0.0
cd8+_tcells,5000,2,8,bh,0.01,100,f1,0.0
cd8+_tcells,5000,2,8,bh,0.05,100,precision,0.0
cd8+_tcells,5000,2,8,bh,0.05,100,recall,0.0
cd8+_tcells,5000,2,8,bh,0.05,100,f1,0.0
cd8+_tcells,5000,2,9,raw,-1.0,100,mae,0.04434868797906052
cd8+_tcells,5000,2,9,raw,0.01,100,precision,0.6271571298819255
cd8+_tcells,5000,2,9,raw,0.01,100,recall,0.6652215799614644
cd8+_tcells,5000,2,9,raw,0.01,100,f1,0.6456287985039738
cd8+_tcells,5000,2,9,raw,0.05,100,precision,0.8032419609910385
cd8+_tcells,5000,2,9,raw,0.05,100,recall,0.7995539813721632
cd8+_tcells,5000,2,9,raw,0.05,100,f1,0.8013937282229965
cd8+_tcells,5000,2,9,bh,-1.0,100,mae,0.0235093153057754
cd8+_tcells,5000,2,9,bh,0.01,100,precision,0.0
cd8+_tcells,5000,2,9,bh,0.01,100,recall,0.0
cd8+_tcells,5000,2,9,bh,0.01,100,f1,0.0
cd8+_tcells,5000,2,9,bh,0.05,100,precision,0.0
cd8+_tcells,5000,2,9,bh,0.05,100,recall,0.0
cd8+_tcells,5000,2,9,bh,0.05,100,f1,0.0
cd8+_tcells,5000,3,4,raw,-1.0,100,mae,0.043304908157131
cd8+_tcells,5000,3,4,raw,0.01,100,precision,0.7054455445544554
cd8+_tcells,5000,3,4,raw,0.01,100,recall,0.6624825662482566
cd8+_tcells,5000,3,4,raw,0.01,100,f1,0.6832893790457923
cd8+_tcells,5000,3,4,raw,0.05,100,precision,0.8404412753935154
cd8+_tcells,5000,3,4,raw,0.05,100,recall,0.8202468487394958
cd8+_tcells,5000,3,4,raw,0.05,100,f1,0.8302212771612731
cd8+_tcells,5000,3,4,bh,-1.0,100,mae,0.022194220111024787
cd8+_tcells,5000,3,4,bh,0.01,100,precision,0.0
cd8+_tcells,5000,3,4,bh,0.01,100,recall,0.0
cd8+_tcells,5000,3,4,bh,0.01,100,f1,0.0
cd8+_tcells,5000,3,4,bh,0.05,100,precision,0.0
cd8+_tcells,5000,3,4,bh,0.05,100,recall,0.0
cd8+_tcells,5000,3,4,bh,0.05,100,f1,0.0
cd8+_tcells,5000,3,5,raw,-1.0,100,mae,0.046234609655208585
cd8+_tcells,5000,3,5,raw,0.01,100,precision,0.700990099009901
cd8+_tcells,5000,3,5,raw,0.01,100,recall,0.6880466472303207
cd8+_tcells,5000,3,5,raw,0.01,100,f1,0.6944580676802354
cd8+_tcells,5000,3,5,raw,0.05,100,precision,0.8377505717745191
cd8+_tcells,5000,3,5,raw,0.05,100,recall,0.8172988581178633
cd8+_tcells,5000,3,5,raw,0.05,100,f1,0.8273983523784215
cd8+_tcells,5000,3,5,bh,-1.0,100,mae,0.02281559280484266
cd8+_tcells,5000,3,5,bh,0.01,100,precision,0.0
cd8+_tcells,5000,3,5,bh,0.01,100,recall,0.0
cd8+_tcells,5000,3,5,bh,0.01,100,f1,0.0
cd8+_tcells,5000,3,5,bh,0.05,100,precision,0.0
cd8+_tcells,5000,3,5,bh,0.05,100,recall,0.0
cd8+_tcells,5000,3,5,bh,0.05,100,f1,0.0
cd8+_tcells,5000,3,6,raw,-1.0,100,mae,0.047452700672386744
cd8+_tcells,5000,3,6,raw,0.01,100,precision,0.6831683168316832
cd8+_tcells,5000,3,6,raw,0.01,100,recall,0.6310013717421125
cd8+_tcells,5000,3,6,raw,0.01,100,f1,0.6560494414071785
cd8+_tcells,5000,3,6,raw,0.05,100,precision,0.8261805462128347
cd8+_tcells,5000,3,6,raw,0.05,100,recall,0.8022207707380797
cd8+_tcells,5000,3,6,raw,0.05,100,f1,0.8140243902439024
cd8+_tcells,5000,3,6,bh,-1.0,100,mae,0.024466897549244065
cd8+_tcells,5000,3,6,bh,0.01,100,precision,0.0
cd8+_tcells,5000,3,6,bh,0.01,100,recall,0.0
cd8+_tcells,5000,3,6,bh,0.01,100,f1,0.0
cd8+_tcells,5000,3,6,bh,0.05,100,precision,0.0
cd8+_tcells,5000,3,6,bh,0.05,100,recall,0.0
cd8+_tcells,5000,3,6,bh,0.05,100,f1,0.0
cd8+_tcells,5000,3,7,raw,-1.0,100,mae,0.041668275272506716
cd8+_tcells,5000,3,7,raw,0.01,100,precision,0.6915841584158415
cd8+_tcells,5000,3,7,raw,0.01,100,recall,0.675858732462506
cd8+_tcells,5000,3,7,raw,0.01,100,f1,0.6836310252018596
cd8+_tcells,5000,3,7,raw,0.05,100,precision,0.8307547423651285
cd8+_tcells,5000,3,7,raw,0.05,100,recall,0.8209252858282372
cd8+_tcells,5000,3,7,raw,0.05,100,f1,0.825810765630224
cd8+_tcells,5000,3,7,bh,-1.0,100,mae,0.021426310496774976
cd8+_tcells,5000,3,7,bh,0.01,100,precision,0.0
cd8+_tcells,5000,3,7,bh,0.01,100,recall,0.0
cd8+_tcells,5000,3,7,bh,0.01,100,f1,0.0
cd8+_tcells,5000,3,7,bh,0.05,100,precision,0.0
cd8+_tcells,5000,3,7,bh,0.05,100,recall,0.0
cd8+_tcells,5000,3,7,bh,0.05,100,f1,0.0
cd8+_tcells,5000,3,8,raw,-1.0,100,mae,0.04540876528770106
cd8+_tcells,5000,3,8,raw,0.01,100,precision,0.7
cd8+_tcells,5000,3,8,raw,0.01,100,recall,0.6890838206627681
cd8+_tcells,5000,3,8,raw,0.01,100,f1,0.6944990176817288
cd8+_tcells,5000,3,8,raw,0.05,100,precision,0.8403067402125656
cd8+_tcells,5000,3,8,raw,0.05,100,recall,0.8096966554316827
cd8+_tcells,5000,3,8,raw,0.05,100,f1,0.8247177658942365
cd8+_tcells,5000,3,8,bh,-1.0,100,mae,0.023025544654826067
cd8+_tcells,5000,3,8,bh,0.01,100,precision,0.0
cd8+_tcells,5000,3,8,bh,0.01,100,recall,0.0
cd8+_tcells,5000,3,8,bh,0.01,100,f1,0.0
cd8+_tcells,5000,3,8,bh,0.05,100,precision,0.0
cd8+_tcells,5000,3,8,bh,0.05,100,recall,0.0
cd8+_tcells,5000,3,8,bh,0.05,100,f1,0.0
cd8+_tcells,5000,3,9,raw,-1.0,100,mae,0.044343732207196666
cd8+_tcells,5000,3,9,raw,0.01,100,precision,0.6455445544554456
cd8+_tcells,5000,3,9,raw,0.01,100,recall,0.628131021194605
cd8+_tcells,5000,3,9,raw,0.01,100,f1,0.63671875
cd8+_tcells,5000,3,9,raw,0.05,100,precision,0.815552266917799
cd8+_tcells,5000,3,9,raw,0.05,100,recall,0.7952249770431589
cd8+_tcells,5000,3,9,raw,0.05,100,f1,0.805260361317747
cd8+_tcells,5000,3,9,bh,-1.0,100,mae,0.02262298032885472
cd8+_tcells,5000,3,9,bh,0.01,100,precision,0.0
cd8+_tcells,5000,3,9,bh,0.01,100,recall,0.0
cd8+_tcells,5000,3,9,bh,0.01,100,f1,0.0
cd8+_tcells,5000,3,9,bh,0.05,100,precision,0.0
cd8+_tcells,5000,3,9,bh,0.05,100,recall,0.0
cd8+_tcells,5000,3,9,bh,0.05,100,f1,0.0
cd8+_tcells,5000,4,5,raw,-1.0,100,mae,0.045449065947700526
cd8+_tcells,5000,4,5,raw,0.01,100,precision,0.6643421664342166
cd8+_tcells,5000,4,5,raw,0.01,100,recall,0.6943634596695821
cd8+_tcells,5000,4,5,raw,0.01,100,f1,0.6790211451651224
cd8+_tcells,5000,4,5,raw,0.05,100,precision,0.8239233193277311
cd8+_tcells,5000,4,5,raw,0.05,100,recall,0.8235988974931093
cd8+_tcells,5000,4,5,raw,0.05,100,f1,0.8237610764686577
cd8+_tcells,5000,4,5,bh,-1.0,100,mae,0.0227255330346699
cd8+_tcells,5000,4,5,bh,0.01,100,precision,0.0
cd8+_tcells,5000,4,5,bh,0.01,100,recall,0.0
cd8+_tcells,5000,4,5,bh,0.01,100,f1,0.0
cd8+_tcells,5000,4,5,bh,0.05,100,precision,0.0
cd8+_tcells,5000,4,5,bh,0.05,100,recall,0.0
cd8+_tcells,5000,4,5,bh,0.05,100,f1,0.0
cd8+_tcells,5000,4,6,raw,-1.0,100,mae,0.04807992901567851
cd8+_tcells,5000,4,6,raw,0.01,100,precision,0.6731752673175267
cd8+_tcells,5000,4,6,raw,0.01,100,recall,0.6620941929583904
cd8+_tcells,5000,4,6,raw,0.01,100,f1,0.6675887505763024
cd8+_tcells,5000,4,6,raw,0.05,100,precision,0.8170955882352942
cd8+_tcells,5000,4,6,raw,0.05,100,recall,0.8129327237099935
cd8+_tcells,5000,4,6,raw,0.05,100,f1,0.8150088402855085
cd8+_tcells,5000,4,6,bh,-1.0,100,mae,0.02457560214919036
cd8+_tcells,5000,4,6,bh,0.01,100,precision,0.0
cd8+_tcells,5000,4,6,bh,0.01,100,recall,0.0
cd8+_tcells,5000,4,6,bh,0.01,100,f1,0.0
cd8+_tcells,5000,4,6,bh,0.05,100,precision,0.0
cd8+_tcells,5000,4,6,bh,0.05,100,recall,0.0
cd8+_tcells,5000,4,6,bh,0.05,100,f1,0.0
cd8+_tcells,5000,4,7,raw,-1.0,100,mae,0.045139454100505565
cd8+_tcells,5000,4,7,raw,0.01,100,precision,0.6517898651789865
cd8+_tcells,5000,4,7,raw,0.01,100,recall,0.6782776971456217
cd8+_tcells,5000,4,7,raw,0.01,100,f1,0.6647700331910859
cd8+_tcells,5000,4,7,raw,0.05,100,precision,0.8114495798319328
cd8+_tcells,5000,4,7,raw,0.05,100,recall,0.8215900026588673
cd8+_tcells,5000,4,7,raw,0.05,100,f1,0.8164883075703527
cd8+_tcells,5000,4,7,bh,-1.0,100,mae,0.023078616540315153
cd8+_tcells,5000,4,7,bh,0.01,100,precision,0.0
cd8+_tcells,5000,4,7,bh,0.01,100,recall,0.0
cd8+_tcells,5000,4,7,bh,0.01,100,f1,0.0
cd8+_tcells,5000,4,7,bh,0.05,100,precision,0.0
cd8+_tcells,5000,4,7,bh,0.05,100,recall,0.0
cd8+_tcells,5000,4,7,bh,0.05,100,f1,0.0
cd8+_tcells,5000,4,8,raw,-1.0,100,mae,0.04678656143990081
cd8+_tcells,5000,4,8,raw,0.01,100,precision,0.6490004649000465
cd8+_tcells,5000,4,8,raw,0.01,100,recall,0.6803118908382066
cd8+_tcells,5000,4,8,raw,0.01,100,f1,0.6642874137520819
cd8+_tcells,5000,4,8,raw,0.05,100,precision,0.8226102941176471
cd8+_tcells,5000,4,8,raw,0.05,100,recall,0.8121597096188747
cd8+_tcells,5000,4,8,raw,0.05,100,f1,0.817351598173516
cd8+_tcells,5000,4,8,bh,-1.0,100,mae,0.02386594882934837
cd8+_tcells,5000,4,8,bh,0.01,100,precision,0.0
cd8+_tcells,5000,4,8,bh,0.01,100,recall,0.0
cd8+_tcells,5000,4,8,bh,0.01,100,f1,0.0
cd8+_tcells,5000,4,8,bh,0.05,100,precision,0.0
cd8+_tcells,5000,4,8,bh,0.05,100,recall,0.0
cd8+_tcells,5000,4,8,bh,0.05,100,f1,0.0
cd8+_tcells,5000,4,9,raw,-1.0,100,mae,0.045285571263215633
cd8+_tcells,5000,4,9,raw,0.01,100,precision,0.6271501627150162
cd8+_tcells,5000,4,9,raw,0.01,100,recall,0.6498073217726397
cd8+_tcells,5000,4,9,raw,0.01,100,f1,0.6382777383487107
cd8+_tcells,5000,4,9,raw,0.05,100,precision,0.8052783613445378
cd8+_tcells,5000,4,9,raw,0.05,100,recall,0.8045388954479864
cd8+_tcells,5000,4,9,raw,0.05,100,f1,0.8049084585602729
cd8+_tcells,5000,4,9,bh,-1.0,100,mae,0.02337752051535752
cd8+_tcells,5000,4,9,bh,0.01,100,precision,0.0
cd8+_tcells,5000,4,9,bh,0.01,100,recall,0.0
cd8+_tcells,5000,4,9,bh,0.01,100,f1,0.0
cd8+_tcells,5000,4,9,bh,0.05,100,precision,0.0
cd8+_tcells,5000,4,9,bh,0.05,100,recall,0.0
cd8+_tcells,5000,4,9,bh,0.05,100,f1,0.0
cd8+_tcells,5000,5,6,raw,-1.0,100,mae,0.0463684101088244
cd8+_tcells,5000,5,6,raw,0.01,100,precision,0.7254616132167152
cd8+_tcells,5000,5,6,raw,0.01,100,recall,0.6826703246456333
cd8+_tcells,5000,5,6,raw,0.01,100,f1,0.7034157832744405
cd8+_tcells,5000,5,6,raw,0.05,100,precision,0.8251739073369209
cd8+_tcells,5000,5,6,raw,0.05,100,recall,0.8212932723709994
cd8+_tcells,5000,5,6,raw,0.05,100,f1,0.8232290166295666
cd8+_tcells,5000,5,6,bh,-1.0,100,mae,0.023073717584447904
cd8+_tcells,5000,5,6,bh,0.01,100,precision,0.0
cd8+_tcells,5000,5,6,bh,0.01,100,recall,0.0
cd8+_tcells,5000,5,6,bh,0.01,100,f1,0.0
cd8+_tcells,5000,5,6,bh,0.05,100,precision,0.0
cd8+_tcells,5000,5,6,bh,0.05,100,recall,0.0
cd8+_tcells,5000,5,6,bh,0.05,100,f1,0.0
cd8+_tcells,5000,5,7,raw,-1.0,100,mae,0.04369165228402019
cd8+_tcells,5000,5,7,raw,0.01,100,precision,0.6895043731778425
cd8+_tcells,5000,5,7,raw,0.01,100,recall,0.6865021770682148
cd8+_tcells,5000,5,7,raw,0.01,100,f1,0.688
cd8+_tcells,5000,5,7,raw,0.05,100,precision,0.8193988712429453
cd8+_tcells,5000,5,7,raw,0.05,100,recall,0.8299654347248072
cd8+_tcells,5000,5,7,raw,0.05,100,f1,0.8246483059243115
cd8+_tcells,5000,5,7,bh,-1.0,100,mae,0.02236691633547697
cd8+_tcells,5000,5,7,bh,0.01,100,precision,0.0
cd8+_tcells,5000,5,7,bh,0.01,100,recall,0.0
cd8+_tcells,5000,5,7,bh,0.01,100,f1,0.0
cd8+_tcells,5000,5,7,bh,0.05,100,precision,0.0
cd8+_tcells,5000,5,7,bh,0.05,100,recall,0.0
cd8+_tcells,5000,5,7,bh,0.05,100,f1,0.0
cd8+_tcells,5000,5,8,raw,-1.0,100,mae,0.0444177132623905
cd8+_tcells,5000,5,8,raw,0.01,100,precision,0.6676384839650146
cd8+_tcells,5000,5,8,raw,0.01,100,recall,0.6695906432748538
cd8+_tcells,5000,5,8,raw,0.01,100,f1,0.6686131386861314
cd8+_tcells,5000,5,8,raw,0.05,100,precision,0.8284551778448616
cd8+_tcells,5000,5,8,raw,0.05,100,recall,0.8182525278714027
cd8+_tcells,5000,5,8,raw,0.05,100,f1,0.8233222461357855
cd8+_tcells,5000,5,8,bh,-1.0,100,mae,0.022512089866661967
cd8+_tcells,5000,5,8,bh,0.01,100,precision,0.0
cd8+_tcells,5000,5,8,bh,0.01,100,recall,0.0
cd8+_tcells,5000,5,8,bh,0.01,100,f1,0.0
cd8+_tcells,5000,5,8,bh,0.05,100,precision,0.0
cd8+_tcells,5000,5,8,bh,0.05,100,recall,0.0
cd8+_tcells,5000,5,8,bh,0.05,100,f1,0.0
cd8+_tcells,5000,5,9,raw,-1.0,100,mae,0.04210350785638783
cd8+_tcells,5000,5,9,raw,0.01,100,precision,0.6807580174927114
cd8+_tcells,5000,5,9,raw,0.01,100,recall,0.6748554913294798
cd8+_tcells,5000,5,9,raw,0.01,100,f1,0.6777939042089985
cd8+_tcells,5000,5,9,raw,0.05,100,precision,0.8216301351883449
cd8+_tcells,5000,5,9,raw,0.05,100,recall,0.8211990030171848
cd8+_tcells,5000,5,9,raw,0.05,100,f1,0.8214145125311639
cd8+_tcells,5000,5,9,bh,-1.0,100,mae,0.021332851323497815
cd8+_tcells,5000,5,9,bh,0.01,100,precision,0.0
cd8+_tcells,5000,5,9,bh,0.01,100,recall,0.0
cd8+_tcells,5000,5,9,bh,0.01,100,f1,0.0
cd8+_tcells,5000,5,9,bh,0.05,100,precision,0.0
cd8+_tcells,5000,5,9,bh,0.05,100,recall,0.0
cd8+_tcells,5000,5,9,bh,0.05,100,f1,0.0
cd8+_tcells,5000,6,7,raw,-1.0,100,mae,0.04684288217112107
cd8+_tcells,5000,6,7,raw,0.01,100,precision,0.6419753086419753
cd8+_tcells,5000,6,7,raw,0.01,100,recall,0.6792452830188679
cd8+_tcells,5000,6,7,raw,0.01,100,f1,0.6600846262341326
cd8+_tcells,5000,6,7,raw,0.05,100,precision,0.8062704114957544
cd8+_tcells,5000,6,7,raw,0.05,100,recall,0.820526455729859
cd8+_tcells,5000,6,7,raw,0.05,100,f1,0.8133359689003097
cd8+_tcells,5000,6,7,bh,-1.0,100,mae,0.024588537484080047
cd8+_tcells,5000,6,7,bh,0.01,100,precision,0.0
cd8+_tcells,5000,6,7,bh,0.01,100,recall,0.0
cd8+_tcells,5000,6,7,bh,0.01,100,f1,0.0
cd8+_tcells,5000,6,7,bh,0.05,100,precision,0.0
cd8+_tcells,5000,6,7,bh,0.05,100,recall,0.0
cd8+_tcells,5000,6,7,bh,0.05,100,f1,0.0
cd8+_tcells,5000,6,8,raw,-1.0,100,mae,0.050573546829924446
cd8+_tcells,5000,6,8,raw,0.01,100,precision,0.6099679926840421
cd8+_tcells,5000,6,8,raw,0.01,100,recall,0.6500974658869396
cd8+_tcells,5000,6,8,raw,0.01,100,f1,0.6293937249351262
cd8+_tcells,5000,6,8,raw,0.05,100,precision,0.8019595035924233
cd8+_tcells,5000,6,8,raw,0.05,100,recall,0.7958257713248639
cd8+_tcells,5000,6,8,raw,0.05,100,f1,0.7988808640770382
cd8+_tcells,5000,6,8,bh,-1.0,100,mae,0.026306986133214787
cd8+_tcells,5000,6,8,bh,0.01,100,precision,0.0
cd8+_tcells,5000,6,8,bh,0.01,100,recall,0.0
cd8+_tcells,5000,6,8,bh,0.01,100,f1,0.0
cd8+_tcells,5000,6,8,bh,0.05,100,precision,0.0
cd8+_tcells,5000,6,8,bh,0.05,100,recall,0.0
cd8+_tcells,5000,6,8,bh,0.05,100,f1,0.0
cd8+_tcells,5000,6,9,raw,-1.0,100,mae,0.04752542931784324
cd8+_tcells,5000,6,9,raw,0.01,100,precision,0.6310013717421125
cd8+_tcells,5000,6,9,raw,0.01,100,recall,0.6647398843930635
cd8+_tcells,5000,6,9,raw,0.01,100,f1,0.6474313863476425
cd8+_tcells,5000,6,9,raw,0.05,100,precision,0.8091443500979751
cd8+_tcells,5000,6,9,raw,0.05,100,recall,0.8125409943591761
cd8+_tcells,5000,6,9,raw,0.05,100,f1,0.8108391150674172
cd8+_tcells,5000,6,9,bh,-1.0,100,mae,0.024279634975002903
cd8+_tcells,5000,6,9,bh,0.01,100,precision,0.0
cd8+_tcells,5000,6,9,bh,0.01,100,recall,0.0
cd8+_tcells,5000,6,9,bh,0.01,100,f1,0.0
cd8+_tcells,5000,6,9,bh,0.05,100,precision,0.0
cd8+_tcells,5000,6,9,bh,0.05,100,recall,0.0
cd8+_tcells,5000,6,9,bh,0.05,100,f1,0.0
cd8+_tcells,5000,7,8,raw,-1.0,100,mae,0.04598095762976119
cd8+_tcells,5000,7,8,raw,0.01,100,precision,0.6937590711175616
cd8+_tcells,5000,7,8,raw,0.01,100,recall,0.6988304093567251
cd8+_tcells,5000,7,8,raw,0.01,100,f1,0.696285506190823
cd8+_tcells,5000,7,8,raw,0.05,100,precision,0.8412656208455198
cd8+_tcells,5000,7,8,raw,0.05,100,recall,0.8203266787658802
cd8+_tcells,5000,7,8,raw,0.05,100,f1,0.8306642163297453
cd8+_tcells,5000,7,8,bh,-1.0,100,mae,0.02386524349637297
cd8+_tcells,5000,7,8,bh,0.01,100,precision,0.0
cd8+_tcells,5000,7,8,bh,0.01,100,recall,0.0
cd8+_tcells,5000,7,8,bh,0.01,100,f1,0.0
cd8+_tcells,5000,7,8,bh,0.05,100,precision,0.0
cd8+_tcells,5000,7,8,bh,0.05,100,recall,0.0
cd8+_tcells,5000,7,8,bh,0.05,100,f1,0.0
cd8+_tcells,5000,7,9,raw,-1.0,100,mae,0.04481058746360693
cd8+_tcells,5000,7,9,raw,0.01,100,precision,0.6690856313497823
cd8+_tcells,5000,7,9,raw,0.01,100,recall,0.6661849710982659
cd8+_tcells,5000,7,9,raw,0.01,100,f1,0.667632150615496
cd8+_tcells,5000,7,9,raw,0.05,100,precision,0.8267747939377825
cd8+_tcells,5000,7,9,raw,0.05,100,recall,0.8158205430932703
cd8+_tcells,5000,7,9,raw,0.05,100,f1,0.8212611422911852
cd8+_tcells,5000,7,9,bh,-1.0,100,mae,0.02338701754522261
cd8+_tcells,5000,7,9,bh,0.01,100,precision,0.0
cd8+_tcells,5000,7,9,bh,0.01,100,recall,0.0
cd8+_tcells,5000,7,9,bh,0.01,100,f1,0.0
cd8+_tcells,5000,7,9,bh,0.05,100,precision,0.0
cd8+_tcells,5000,7,9,bh,0.05,100,recall,0.0
cd8+_tcells,5000,7,9,bh,0.05,100,f1,0.0
cd8+_tcells,5000,8,9,raw,-1.0,100,mae,0.04287166057534971
cd8+_tcells,5000,8,9,raw,0.01,100,precision,0.6695906432748538
cd8+_tcells,5000,8,9,raw,0.01,100,recall,0.661849710982659
cd8+_tcells,5000,8,9,raw,0.01,100,f1,0.6656976744186046
cd8+_tcells,5000,8,9,raw,0.05,100,precision,0.8152709359605911
cd8+_tcells,5000,8,9,raw,0.05,100,recall,0.8250032795487341
cd8+_tcells,5000,8,9,raw,0.05,100,f1,0.8201082349872857
cd8+_tcells,5000,8,9,bh,-1.0,100,mae,0.022313631086935726
cd8+_tcells,5000,8,9,bh,0.01,100,precision,0.0
cd8+_tcells,5000,8,9,bh,0.01,100,recall,0.0
cd8+_tcells,5000,8,9,bh,0.01,100,f1,0.0
cd8+_tcells,5000,8,9,bh,0.05,100,precision,0.0
cd8+_tcells,5000,8,9,bh,0.05,100,recall,0.0
cd8+_tcells,5000,8,9,bh,0.05,100,f1,0.0
cd8+_tcells,7000,-1,0,raw,-1.0,100,mae,0.04536244251721713
cd8+_tcells,7000,-1,0,raw,0.01,100,precision,0.669295219319862
cd8+_tcells,7000,-1,0,raw,0.01,100,recall,0.6868993424380374
cd8+_tcells,7000,-1,0,raw,0.01,100,f1,0.6779830254618073
cd8+_tcells,7000,-1,0,raw,0.05,100,precision,0.8127484760137821
cd8+_tcells,7000,-1,0,raw,0.05,100,recall,0.8171885409726849
cd8+_tcells,7000,-1,0,raw,0.05,100,f1,0.8149624609660487
cd8+_tcells,7000,-1,0,bh,-1.0,100,mae,0.021792467188341585
cd8+_tcells,7000,-1,0,bh,0.01,100,precision,0.0
cd8+_tcells,7000,-1,0,bh,0.01,100,recall,0.0
cd8+_tcells,7000,-1,0,bh,0.01,100,f1,0.0
cd8+_tcells,7000,-1,0,bh,0.05,100,precision,0.0
cd8+_tcells,7000,-1,0,bh,0.05,100,recall,0.0
cd8+_tcells,7000,-1,0,bh,0.05,100,f1,0.0
cd8+_tcells,7000,-1,1,raw,-1.0,100,mae,0.04412633390556401
cd8+_tcells,7000,-1,1,raw,0.01,100,precision,0.6471168063085264
cd8+_tcells,7000,-1,1,raw,0.01,100,recall,0.6327710843373494
cd8+_tcells,7000,-1,1,raw,0.01,100,f1,0.6398635477582846
cd8+_tcells,7000,-1,1,raw,0.05,100,precision,0.8032069970845481
cd8+_tcells,7000,-1,1,raw,0.05,100,recall,0.8122487268828732
cd8+_tcells,7000,-1,1,raw,0.05,100,f1,0.8077025586353944
cd8+_tcells,7000,-1,1,bh,-1.0,100,mae,0.022531323493906213
cd8+_tcells,7000,-1,1,bh,0.01,100,precision,0.0
cd8+_tcells,7000,-1,1,bh,0.01,100,recall,0.0
cd8+_tcells,7000,-1,1,bh,0.01,100,f1,0.0
cd8+_tcells,7000,-1,1,bh,0.05,100,precision,0.0
cd8+_tcells,7000,-1,1,bh,0.05,100,recall,0.0
cd8+_tcells,7000,-1,1,bh,0.05,100,f1,0.0
cd8+_tcells,7000,-1,2,raw,-1.0,100,mae,0.047428696114911933
cd8+_tcells,7000,-1,2,raw,0.01,100,precision,0.6791522917693446
cd8+_tcells,7000,-1,2,raw,0.01,100,recall,0.646038443506798
cd8+_tcells,7000,-1,2,raw,0.01,100,f1,0.6621816434406536
cd8+_tcells,7000,-1,2,raw,0.05,100,precision,0.8127484760137821
cd8+_tcells,7000,-1,2,raw,0.05,100,recall,0.8073986308583465
cd8+_tcells,7000,-1,2,raw,0.05,100,f1,0.8100647206445648
cd8+_tcells,7000,-1,2,bh,-1.0,100,mae,0.023960014328631866
cd8+_tcells,7000,-1,2,bh,0.01,100,precision,0.0
cd8+_tcells,7000,-1,2,bh,0.01,100,recall,0.0
cd8+_tcells,7000,-1,2,bh,0.01,100,f1,0.0
cd8+_tcells,7000,-1,2,bh,0.05,100,precision,0.0
cd8+_tcells,7000,-1,2,bh,0.05,100,recall,0.0
cd8+_tcells,7000,-1,2,bh,0.05,100,f1,0.0
cd8+_tcells,7000,-1,3,raw,-1.0,100,mae,0.042647420924959094
cd8+_tcells,7000,-1,3,raw,0.01,100,precision,0.6742237555446032
cd8+_tcells,7000,-1,3,raw,0.01,100,recall,0.7044284243048403
cd8+_tcells,7000,-1,3,raw,0.01,100,f1,0.6889952153110048
cd8+_tcells,7000,-1,3,raw,0.05,100,precision,0.8155314073681421
cd8+_tcells,7000,-1,3,raw,0.05,100,recall,0.831958902257672
cd8+_tcells,7000,-1,3,raw,0.05,100,f1,0.8236632536973834
cd8+_tcells,7000,-1,3,bh,-1.0,100,mae,0.02115744988651367
cd8+_tcells,7000,-1,3,bh,0.01,100,precision,0.0
cd8+_tcells,7000,-1,3,bh,0.01,100,recall,0.0
cd8+_tcells,7000,-1,3,bh,0.01,100,f1,0.0
cd8+_tcells,7000,-1,3,bh,0.05,100,precision,0.0
cd8+_tcells,7000,-1,3,bh,0.05,100,recall,0.0
cd8+_tcells,7000,-1,3,bh,0.05,100,f1,0.0
cd8+_tcells,7000,-1,4,raw,-1.0,100,mae,0.04016005271826516
cd8+_tcells,7000,-1,4,raw,0.01,100,precision,0.7082306554953179
cd8+_tcells,7000,-1,4,raw,0.01,100,recall,0.674015009380863
cd8+_tcells,7000,-1,4,raw,0.01,100,f1,0.6906993511175198
cd8+_tcells,7000,-1,4,raw,0.05,100,precision,0.8327590776570368
cd8+_tcells,7000,-1,4,raw,0.05,100,recall,0.8317670416942422
cd8+_tcells,7000,-1,4,raw,0.05,100,f1,0.8322627640553606
cd8+_tcells,7000,-1,4,bh,-1.0,100,mae,0.02024391100560514
cd8+_tcells,7000,-1,4,bh,0.01,100,precision,0.0
cd8+_tcells,7000,-1,4,bh,0.01,100,recall,0.0
cd8+_tcells,7000,-1,4,bh,0.01,100,f1,0.0
cd8+_tcells,7000,-1,4,bh,0.05,100,precision,0.0
cd8+_tcells,7000,-1,4,bh,0.05,100,recall,0.0
cd8+_tcells,7000,-1,4,bh,0.05,100,f1,0.0
cd8+_tcells,7000,-1,5,raw,-1.0,100,mae,0.03964412854604534
cd8+_tcells,7000,-1,5,raw,0.01,100,precision,0.7116806308526368
cd8+_tcells,7000,-1,5,raw,0.01,100,recall,0.736734693877551
cd8+_tcells,7000,-1,5,raw,0.01,100,f1,0.7239909751817498
cd8+_tcells,7000,-1,5,raw,0.05,100,precision,0.8424330771269547
cd8+_tcells,7000,-1,5,raw,0.05,100,recall,0.8502073023940083
cd8+_tcells,7000,-1,5,raw,0.05,100,f1,0.8463023364174932
cd8+_tcells,7000,-1,5,bh,-1.0,100,mae,0.019225468713614892
cd8+_tcells,7000,-1,5,bh,0.01,100,precision,0.0
cd8+_tcells,7000,-1,5,bh,0.01,100,recall,0.0
cd8+_tcells,7000,-1,5,bh,0.01,100,f1,0.0
cd8+_tcells,7000,-1,5,bh,0.05,100,precision,0.0
cd8+_tcells,7000,-1,5,bh,0.05,100,recall,0.0
cd8+_tcells,7000,-1,5,bh,0.05,100,f1,0.0
cd8+_tcells,7000,-1,6,raw,-1.0,100,mae,0.046107253316950446
cd8+_tcells,7000,-1,6,raw,0.01,100,precision,0.657466732380483
cd8+_tcells,7000,-1,6,raw,0.01,100,recall,0.644133268952197
cd8+_tcells,7000,-1,6,raw,0.01,100,f1,0.6507317073170732
cd8+_tcells,7000,-1,6,raw,0.05,100,precision,0.8116883116883117
cd8+_tcells,7000,-1,6,raw,0.05,100,recall,0.808794401162023
cd8+_tcells,7000,-1,6,raw,0.05,100,f1,0.8102387724055824
cd8+_tcells,7000,-1,6,bh,-1.0,100,mae,0.02288853326147909
cd8+_tcells,7000,-1,6,bh,0.01,100,precision,0.0
cd8+_tcells,7000,-1,6,bh,0.01,100,recall,0.0
cd8+_tcells,7000,-1,6,bh,0.01,100,f1,0.0
cd8+_tcells,7000,-1,6,bh,0.05,100,precision,0.0
cd8+_tcells,7000,-1,6,bh,0.05,100,recall,0.0
cd8+_tcells,7000,-1,6,bh,0.05,100,f1,0.0
cd8+_tcells,7000,-1,7,raw,-1.0,100,mae,0.040924647335417626
cd8+_tcells,7000,-1,7,raw,0.01,100,precision,0.6712666338097585
cd8+_tcells,7000,-1,7,raw,0.01,100,recall,0.6851106639839034
cd8+_tcells,7000,-1,7,raw,0.01,100,f1,0.678117998506348
cd8+_tcells,7000,-1,7,raw,0.05,100,precision,0.8286509408958389
cd8+_tcells,7000,-1,7,raw,0.05,100,recall,0.8203883495145631
cd8+_tcells,7000,-1,7,raw,0.05,100,f1,0.8244989451476793
cd8+_tcells,7000,-1,7,bh,-1.0,100,mae,0.02051697262193741
cd8+_tcells,7000,-1,7,bh,0.01,100,precision,0.0
cd8+_tcells,7000,-1,7,bh,0.01,100,recall,0.0
cd8+_tcells,7000,-1,7,bh,0.01,100,f1,0.0
cd8+_tcells,7000,-1,7,bh,0.05,100,precision,0.0
cd8+_tcells,7000,-1,7,bh,0.05,100,recall,0.0
cd8+_tcells,7000,-1,7,bh,0.05,100,f1,0.0
cd8+_tcells,7000,-1,8,raw,-1.0,100,mae,0.043887639060487274
cd8+_tcells,7000,-1,8,raw,0.01,100,precision,0.6934450468210941
cd8+_tcells,7000,-1,8,raw,0.01,100,recall,0.7
cd8+_tcells,7000,-1,8,raw,0.01,100,f1,0.6967071057192374
cd8+_tcells,7000,-1,8,raw,0.05,100,precision,0.8167240922342963
cd8+_tcells,7000,-1,8,raw,0.05,100,recall,0.8239304812834225
cd8+_tcells,7000,-1,8,raw,0.05,100,f1,0.8203114601357647
cd8+_tcells,7000,-1,8,bh,-1.0,100,mae,0.021293143799320974
cd8+_tcells,7000,-1,8,bh,0.01,100,precision,0.0
cd8+_tcells,7000,-1,8,bh,0.01,100,recall,0.0
cd8+_tcells,7000,-1,8,bh,0.01,100,f1,0.0
cd8+_tcells,7000,-1,8,bh,0.05,100,precision,0.0
cd8+_tcells,7000,-1,8,bh,0.05,100,recall,0.0
cd8+_tcells,7000,-1,8,bh,0.05,100,f1,0.0
cd8+_tcells,7000,-1,9,raw,-1.0,100,mae,0.04211436988872438
cd8+_tcells,7000,-1,9,raw,0.01,100,precision,0.6628881222276983
cd8+_tcells,7000,-1,9,raw,0.01,100,recall,0.6711576846307385
cd8+_tcells,7000,-1,9,raw,0.01,100,f1,0.6669972725018597
cd8+_tcells,7000,-1,9,raw,0.05,100,precision,0.8209647495361782
cd8+_tcells,7000,-1,9,raw,0.05,100,recall,0.8233652312599681
cd8+_tcells,7000,-1,9,raw,0.05,100,f1,0.8221632382216324
cd8+_tcells,7000,-1,9,bh,-1.0,100,mae,0.020936131571385484
cd8+_tcells,7000,-1,9,bh,0.01,100,precision,0.0
cd8+_tcells,7000,-1,9,bh,0.01,100,recall,0.0
cd8+_tcells,7000,-1,9,bh,0.01,100,f1,0.0
cd8+_tcells,7000,-1,9,bh,0.05,100,precision,0.0
cd8+_tcells,7000,-1,9,bh,0.05,100,recall,0.0
cd8+_tcells,7000,-1,9,bh,0.05,100,f1,0.0
cd8+_tcells,7000,0,1,raw,-1.0,100,mae,0.04763003969757738
cd8+_tcells,7000,0,1,raw,0.01,100,precision,0.6388467374810318
cd8+_tcells,7000,0,1,raw,0.01,100,recall,0.6086746987951808
cd8+_tcells,7000,0,1,raw,0.01,100,f1,0.623395853899309
cd8+_tcells,7000,0,1,raw,0.05,100,precision,0.7980013324450367
cd8+_tcells,7000,0,1,raw,0.05,100,recall,0.802599839185205
cd8+_tcells,7000,0,1,raw,0.05,100,f1,0.8002939800895303
cd8+_tcells,7000,0,1,bh,-1.0,100,mae,0.024288583589578843
cd8+_tcells,7000,0,1,bh,0.01,100,precision,0.0
cd8+_tcells,7000,0,1,bh,0.01,100,recall,0.0
cd8+_tcells,7000,0,1,bh,0.01,100,f1,0.0
cd8+_tcells,7000,0,1,bh,0.05,100,precision,0.0
cd8+_tcells,7000,0,1,bh,0.05,100,recall,0.0
cd8+_tcells,7000,0,1,bh,0.05,100,f1,0.0
cd8+_tcells,7000,0,2,raw,-1.0,100,mae,0.049578852491722655
cd8+_tcells,7000,0,2,raw,0.01,100,precision,0.6671724835609509
cd8+_tcells,7000,0,2,raw,0.01,100,recall,0.6183778715424285
cd8+_tcells,7000,0,2,raw,0.01,100,f1,0.6418491484184915
cd8+_tcells,7000,0,2,raw,0.05,100,precision,0.8090606262491672
cd8+_tcells,7000,0,2,raw,0.05,100,recall,0.7993680884676145
cd8+_tcells,7000,0,2,raw,0.05,100,f1,0.8041851533011058
cd8+_tcells,7000,0,2,bh,-1.0,100,mae,0.024890604944685327
cd8+_tcells,7000,0,2,bh,0.01,100,precision,0.0
cd8+_tcells,7000,0,2,bh,0.01,100,recall,0.0
cd8+_tcells,7000,0,2,bh,0.01,100,f1,0.0
cd8+_tcells,7000,0,2,bh,0.05,100,precision,0.0
cd8+_tcells,7000,0,2,bh,0.05,100,recall,0.0
cd8+_tcells,7000,0,2,bh,0.05,100,f1,0.0
cd8+_tcells,7000,0,3,raw,-1.0,100,mae,0.04571715253045414
cd8+_tcells,7000,0,3,raw,0.01,100,precision,0.65402124430956
cd8+_tcells,7000,0,3,raw,0.01,100,recall,0.6658084449021627
cd8+_tcells,7000,0,3,raw,0.01,100,f1,0.6598622097473845
cd8+_tcells,7000,0,3,raw,0.05,100,precision,0.8134576948700866
cd8+_tcells,7000,0,3,raw,0.05,100,recall,0.8253345951061241
cd8+_tcells,7000,0,3,raw,0.05,100,f1,0.819353106965508
cd8+_tcells,7000,0,3,bh,-1.0,100,mae,0.02279312142017113
cd8+_tcells,7000,0,3,bh,0.01,100,precision,0.0
cd8+_tcells,7000,0,3,bh,0.01,100,recall,0.0
cd8+_tcells,7000,0,3,bh,0.01,100,f1,0.0
cd8+_tcells,7000,0,3,bh,0.05,100,precision,0.0
cd8+_tcells,7000,0,3,bh,0.05,100,recall,0.0
cd8+_tcells,7000,0,3,bh,0.05,100,f1,0.0
cd8+_tcells,7000,0,4,raw,-1.0,100,mae,0.04876936478931701
cd8+_tcells,7000,0,4,raw,0.01,100,precision,0.6833586241780476
cd8+_tcells,7000,0,4,raw,0.01,100,recall,0.6336772983114447
cd8+_tcells,7000,0,4,raw,0.01,100,f1,0.6575809199318569
cd8+_tcells,7000,0,4,raw,0.05,100,precision,0.8119920053297801
cd8+_tcells,7000,0,4,raw,0.05,100,recall,0.8066181336863004
cd8+_tcells,7000,0,4,raw,0.05,100,f1,0.8092961487383799
cd8+_tcells,7000,0,4,bh,-1.0,100,mae,0.02430808244000676
cd8+_tcells,7000,0,4,bh,0.01,100,precision,0.0
cd8+_tcells,7000,0,4,bh,0.01,100,recall,0.0
cd8+_tcells,7000,0,4,bh,0.01,100,f1,0.0
cd8+_tcells,7000,0,4,bh,0.05,100,precision,0.0
cd8+_tcells,7000,0,4,bh,0.05,100,recall,0.0
cd8+_tcells,7000,0,4,bh,0.05,100,f1,0.0
cd8+_tcells,7000,0,5,raw,-1.0,100,mae,0.04427637577749508
cd8+_tcells,7000,0,5,raw,0.01,100,precision,0.6767830045523521
cd8+_tcells,7000,0,5,raw,0.01,100,recall,0.6826530612244898
cd8+_tcells,7000,0,5,raw,0.01,100,f1,0.6797053594107189
cd8+_tcells,7000,0,5,raw,0.05,100,precision,0.8223850766155896
cd8+_tcells,7000,0,5,raw,0.05,100,recall,0.8254647585930186
cd8+_tcells,7000,0,5,raw,0.05,100,f1,0.8239220397810706
cd8+_tcells,7000,0,5,bh,-1.0,100,mae,0.021375298805957975
cd8+_tcells,7000,0,5,bh,0.01,100,precision,0.0
cd8+_tcells,7000,0,5,bh,0.01,100,recall,0.0
cd8+_tcells,7000,0,5,bh,0.01,100,f1,0.0
cd8+_tcells,7000,0,5,bh,0.05,100,precision,0.0
cd8+_tcells,7000,0,5,bh,0.05,100,recall,0.0
cd8+_tcells,7000,0,5,bh,0.05,100,f1,0.0
cd8+_tcells,7000,0,6,raw,-1.0,100,mae,0.04776120392519096
cd8+_tcells,7000,0,6,raw,0.01,100,precision,0.6535154274152757
cd8+_tcells,7000,0,6,raw,0.01,100,recall,0.6238532110091743
cd8+_tcells,7000,0,6,raw,0.01,100,f1,0.6383399209486166
cd8+_tcells,7000,0,6,raw,0.05,100,precision,0.8042638241172552
cd8+_tcells,7000,0,6,raw,0.05,100,recall,0.7970421233328931
cd8+_tcells,7000,0,6,raw,0.05,100,f1,0.8006366892160764
cd8+_tcells,7000,0,6,bh,-1.0,100,mae,0.023716376242827842
cd8+_tcells,7000,0,6,bh,0.01,100,precision,0.0
cd8+_tcells,7000,0,6,bh,0.01,100,recall,0.0
cd8+_tcells,7000,0,6,bh,0.01,100,f1,0.0
cd8+_tcells,7000,0,6,bh,0.05,100,precision,0.0
cd8+_tcells,7000,0,6,bh,0.05,100,recall,0.0
cd8+_tcells,7000,0,6,bh,0.05,100,f1,0.0
cd8+_tcells,7000,0,7,raw,-1.0,100,mae,0.04562617159668636
cd8+_tcells,7000,0,7,raw,0.01,100,precision,0.6808295397066262
cd8+_tcells,7000,0,7,raw,0.01,100,recall,0.6770623742454729
cd8+_tcells,7000,0,7,raw,0.01,100,f1,0.6789407313997478
cd8+_tcells,7000,0,7,raw,0.05,100,precision,0.8281145902731513
cd8+_tcells,7000,0,7,raw,0.05,100,recall,0.8154027814221989
cd8+_tcells,7000,0,7,raw,0.05,100,f1,0.8217095260130892
cd8+_tcells,7000,0,7,bh,-1.0,100,mae,0.022450335073574326
cd8+_tcells,7000,0,7,bh,0.01,100,precision,0.0
cd8+_tcells,7000,0,7,bh,0.01,100,recall,0.0
cd8+_tcells,7000,0,7,bh,0.01,100,f1,0.0
cd8+_tcells,7000,0,7,bh,0.05,100,precision,0.0
cd8+_tcells,7000,0,7,bh,0.05,100,recall,0.0
cd8+_tcells,7000,0,7,bh,0.05,100,f1,0.0
cd8+_tcells,7000,0,8,raw,-1.0,100,mae,0.048342499540400936
cd8+_tcells,7000,0,8,raw,0.01,100,precision,0.6737481031866465
cd8+_tcells,7000,0,8,raw,0.01,100,recall,0.6626865671641791
cd8+_tcells,7000,0,8,raw,0.01,100,f1,0.6681715575620768
cd8+_tcells,7000,0,8,raw,0.05,100,precision,0.8082611592271819
cd8+_tcells,7000,0,8,raw,0.05,100,recall,0.8109625668449197
cd8+_tcells,7000,0,8,raw,0.05,100,f1,0.8096096096096096
cd8+_tcells,7000,0,8,bh,-1.0,100,mae,0.023237313749246997
cd8+_tcells,7000,0,8,bh,0.01,100,precision,0.0
cd8+_tcells,7000,0,8,bh,0.01,100,recall,0.0
cd8+_tcells,7000,0,8,bh,0.01,100,f1,0.0
cd8+_tcells,7000,0,8,bh,0.05,100,precision,0.0
cd8+_tcells,7000,0,8,bh,0.05,100,recall,0.0
cd8+_tcells,7000,0,8,bh,0.05,100,f1,0.0
cd8+_tcells,7000,0,9,raw,-1.0,100,mae,0.045561827534664964
cd8+_tcells,7000,0,9,raw,0.01,100,precision,0.6307536671724836
cd8+_tcells,7000,0,9,raw,0.01,100,recall,0.622255489021956
cd8+_tcells,7000,0,9,raw,0.01,100,f1,0.6264757598593318
cd8+_tcells,7000,0,9,raw,0.05,100,precision,0.8023984010659561
cd8+_tcells,7000,0,9,raw,0.05,100,recall,0.8003721424774056
cd8+_tcells,7000,0,9,raw,0.05,100,f1,0.8013839909508284
cd8+_tcells,7000,0,9,bh,-1.0,100,mae,0.02253204435689243
cd8+_tcells,7000,0,9,bh,0.01,100,precision,0.0
cd8+_tcells,7000,0,9,bh,0.01,100,recall,0.0
cd8+_tcells,7000,0,9,bh,0.01,100,f1,0.0
cd8+_tcells,7000,0,9,bh,0.05,100,precision,0.0
cd8+_tcells,7000,0,9,bh,0.05,100,recall,0.0
cd8+_tcells,7000,0,9,bh,0.05,100,f1,0.0
cd8+_tcells,7000,1,2,raw,-1.0,100,mae,0.048115865840068
cd8+_tcells,7000,1,2,raw,0.01,100,precision,0.6713253012048193
cd8+_tcells,7000,1,2,raw,0.01,100,recall,0.6530707923112986
cd8+_tcells,7000,1,2,raw,0.01,100,f1,0.6620722433460076
cd8+_tcells,7000,1,2,raw,0.05,100,precision,0.8064861967300991
cd8+_tcells,7000,1,2,raw,0.05,100,recall,0.792259083728278
cd8+_tcells,7000,1,2,raw,0.05,100,f1,0.7993093372293797
cd8+_tcells,7000,1,2,bh,-1.0,100,mae,0.02454740109961128
cd8+_tcells,7000,1,2,bh,0.01,100,precision,0.0
cd8+_tcells,7000,1,2,bh,0.01,100,recall,0.0
cd8+_tcells,7000,1,2,bh,0.01,100,f1,0.0
cd8+_tcells,7000,1,2,bh,0.05,100,precision,0.0
cd8+_tcells,7000,1,2,bh,0.05,100,recall,0.0
cd8+_tcells,7000,1,2,bh,0.05,100,f1,0.0
cd8+_tcells,7000,1,3,raw,-1.0,100,mae,0.04549949013622114
cd8+_tcells,7000,1,3,raw,0.01,100,precision,0.632289156626506
cd8+_tcells,7000,1,3,raw,0.01,100,recall,0.6755921730175077
cd8+_tcells,7000,1,3,raw,0.01,100,f1,0.6532237988548668
cd8+_tcells,7000,1,3,raw,0.05,100,precision,0.8039399624765479
cd8+_tcells,7000,1,3,raw,0.05,100,recall,0.8110044612680817
cd8+_tcells,7000,1,3,raw,0.05,100,f1,0.8074567602126658
cd8+_tcells,7000,1,3,bh,-1.0,100,mae,0.0222483592899692
cd8+_tcells,7000,1,3,bh,0.01,100,precision,0.0
cd8+_tcells,7000,1,3,bh,0.01,100,recall,0.0
cd8+_tcells,7000,1,3,bh,0.01,100,f1,0.0
cd8+_tcells,7000,1,3,bh,0.05,100,precision,0.0
cd8+_tcells,7000,1,3,bh,0.05,100,recall,0.0
cd8+_tcells,7000,1,3,bh,0.05,100,f1,0.0
cd8+_tcells,7000,1,4,raw,-1.0,100,mae,0.04348807636461945
cd8+_tcells,7000,1,4,raw,0.01,100,precision,0.6506024096385542
cd8+_tcells,7000,1,4,raw,0.01,100,recall,0.6332082551594747
cd8+_tcells,7000,1,4,raw,0.01,100,f1,0.6417874970287616
cd8+_tcells,7000,1,4,raw,0.05,100,precision,0.8083623693379791
cd8+_tcells,7000,1,4,raw,0.05,100,recall,0.7984116479152878
cd8+_tcells,7000,1,4,raw,0.05,100,f1,0.8033561963108478
cd8+_tcells,7000,1,4,bh,-1.0,100,mae,0.02294882969258449
cd8+_tcells,7000,1,4,bh,0.01,100,precision,0.0
cd8+_tcells,7000,1,4,bh,0.01,100,recall,0.0
cd8+_tcells,7000,1,4,bh,0.01,100,f1,0.0
cd8+_tcells,7000,1,4,bh,0.05,100,precision,0.0
cd8+_tcells,7000,1,4,bh,0.05,100,recall,0.0
cd8+_tcells,7000,1,4,bh,0.05,100,f1,0.0
cd8+_tcells,7000,1,5,raw,-1.0,100,mae,0.041681461561862795
cd8+_tcells,7000,1,5,raw,0.01,100,precision,0.6640963855421687
cd8+_tcells,7000,1,5,raw,0.01,100,recall,0.7030612244897959
cd8+_tcells,7000,1,5,raw,0.01,100,f1,0.6830235439900867
cd8+_tcells,7000,1,5,raw,0.05,100,precision,0.8280621817207183
cd8+_tcells,7000,1,5,raw,0.05,100,recall,0.826400962953056
cd8+_tcells,7000,1,5,raw,0.05,100,f1,0.8272307383358993
cd8+_tcells,7000,1,5,bh,-1.0,100,mae,0.02187162412582248
cd8+_tcells,7000,1,5,bh,0.01,100,precision,0.0
cd8+_tcells,7000,1,5,bh,0.01,100,recall,0.0
cd8+_tcells,7000,1,5,bh,0.01,100,f1,0.0
cd8+_tcells,7000,1,5,bh,0.05,100,precision,0.0
cd8+_tcells,7000,1,5,bh,0.05,100,recall,0.0
cd8+_tcells,7000,1,5,bh,0.05,100,f1,0.0
cd8+_tcells,7000,1,6,raw,-1.0,100,mae,0.048232190761666426
cd8+_tcells,7000,1,6,raw,0.01,100,precision,0.6346987951807229
cd8+_tcells,7000,1,6,raw,0.01,100,recall,0.6359246740704974
cd8+_tcells,7000,1,6,raw,0.01,100,f1,0.6353111432706223
cd8+_tcells,7000,1,6,raw,0.05,100,precision,0.8153310104529616
cd8+_tcells,7000,1,6,raw,0.05,100,recall,0.8033804304766935
cd8+_tcells,7000,1,6,raw,0.05,100,f1,0.8093116062520784
cd8+_tcells,7000,1,6,bh,-1.0,100,mae,0.02557708203451202
cd8+_tcells,7000,1,6,bh,0.01,100,precision,0.0
cd8+_tcells,7000,1,6,bh,0.01,100,recall,0.0
cd8+_tcells,7000,1,6,bh,0.01,100,f1,0.0
cd8+_tcells,7000,1,6,bh,0.05,100,precision,0.0
cd8+_tcells,7000,1,6,bh,0.05,100,recall,0.0
cd8+_tcells,7000,1,6,bh,0.05,100,f1,0.0
cd8+_tcells,7000,1,7,raw,-1.0,100,mae,0.042954603986751466
cd8+_tcells,7000,1,7,raw,0.01,100,precision,0.6428915662650603
cd8+_tcells,7000,1,7,raw,0.01,100,recall,0.6710261569416499
cd8+_tcells,7000,1,7,raw,0.01,100,f1,0.6566576421363525
cd8+_tcells,7000,1,7,raw,0.05,100,precision,0.8201554543017958
cd8+_tcells,7000,1,7,raw,0.05,100,recall,0.8029388611912883
cd8+_tcells,7000,1,7,raw,0.05,100,f1,0.8114558472553699
cd8+_tcells,7000,1,7,bh,-1.0,100,mae,0.022732543029409004
cd8+_tcells,7000,1,7,bh,0.01,100,precision,0.0
cd8+_tcells,7000,1,7,bh,0.01,100,recall,0.0
cd8+_tcells,7000,1,7,bh,0.01,100,f1,0.0
cd8+_tcells,7000,1,7,bh,0.05,100,precision,0.0
cd8+_tcells,7000,1,7,bh,0.05,100,recall,0.0
cd8+_tcells,7000,1,7,bh,0.05,100,f1,0.0
cd8+_tcells,7000,1,8,raw,-1.0,100,mae,0.05125798740123873
cd8+_tcells,7000,1,8,raw,0.01,100,precision,0.6255421686746988
cd8+_tcells,7000,1,8,raw,0.01,100,recall,0.6457711442786069
cd8+_tcells,7000,1,8,raw,0.01,100,f1,0.6354957160342717
cd8+_tcells,7000,1,8,raw,0.05,100,precision,0.7920128651835969
cd8+_tcells,7000,1,8,raw,0.05,100,recall,0.7901069518716578
cd8+_tcells,7000,1,8,raw,0.05,100,f1,0.7910587605407576
cd8+_tcells,7000,1,8,bh,-1.0,100,mae,0.025493712386927273
cd8+_tcells,7000,1,8,bh,0.01,100,precision,0.0
cd8+_tcells,7000,1,8,bh,0.01,100,recall,0.0
cd8+_tcells,7000,1,8,bh,0.01,100,f1,0.0
cd8+_tcells,7000,1,8,bh,0.05,100,precision,0.0
cd8+_tcells,7000,1,8,bh,0.05,100,recall,0.0
cd8+_tcells,7000,1,8,bh,0.05,100,f1,0.0
cd8+_tcells,7000,1,9,raw,-1.0,100,mae,0.045477489946374995
cd8+_tcells,7000,1,9,raw,0.01,100,precision,0.6260240963855421
cd8+_tcells,7000,1,9,raw,0.01,100,recall,0.6482035928143712
cd8+_tcells,7000,1,9,raw,0.01,100,f1,0.6369208139249816
cd8+_tcells,7000,1,9,raw,0.05,100,precision,0.8083623693379791
cd8+_tcells,7000,1,9,raw,0.05,100,recall,0.8017012227538544
cd8+_tcells,7000,1,9,raw,0.05,100,f1,0.8050180168156946
cd8+_tcells,7000,1,9,bh,-1.0,100,mae,0.02351912526703943
cd8+_tcells,7000,1,9,bh,0.01,100,precision,0.0
cd8+_tcells,7000,1,9,bh,0.01,100,recall,0.0
cd8+_tcells,7000,1,9,bh,0.01,100,f1,0.0
cd8+_tcells,7000,1,9,bh,0.05,100,precision,0.0
cd8+_tcells,7000,1,9,bh,0.05,100,recall,0.0
cd8+_tcells,7000,1,9,bh,0.05,100,f1,0.0
cd8+_tcells,7000,2,3,raw,-1.0,100,mae,0.04667908317492011
cd8+_tcells,7000,2,3,raw,0.01,100,precision,0.6244725738396625
cd8+_tcells,7000,2,3,raw,0.01,100,recall,0.685890834191555
cd8+_tcells,7000,2,3,raw,0.01,100,f1,0.6537423312883436
cd8+_tcells,7000,2,3,raw,0.05,100,precision,0.7977883096366508
cd8+_tcells,7000,2,3,raw,0.05,100,recall,0.8192510477220495
cd8+_tcells,7000,2,3,raw,0.05,100,f1,0.8083772427132662
cd8+_tcells,7000,2,3,bh,-1.0,100,mae,0.023805037022207574
cd8+_tcells,7000,2,3,bh,0.01,100,precision,0.0
cd8+_tcells,7000,2,3,bh,0.01,100,recall,0.0
cd8+_tcells,7000,2,3,bh,0.01,100,f1,0.0
cd8+_tcells,7000,2,3,bh,0.05,100,precision,0.0
cd8+_tcells,7000,2,3,bh,0.05,100,recall,0.0
cd8+_tcells,7000,2,3,bh,0.05,100,f1,0.0
cd8+_tcells,7000,2,4,raw,-1.0,100,mae,0.04441903936100813
cd8+_tcells,7000,2,4,raw,0.01,100,precision,0.6347866854195968
cd8+_tcells,7000,2,4,raw,0.01,100,recall,0.6350844277673546
cd8+_tcells,7000,2,4,raw,0.01,100,f1,0.6349355216881595
cd8+_tcells,7000,2,4,raw,0.05,100,precision,0.8075302790942601
cd8+_tcells,7000,2,4,raw,0.05,100,recall,0.8119126406353409
cd8+_tcells,7000,2,4,raw,0.05,100,f1,0.8097155303280311
cd8+_tcells,7000,2,4,bh,-1.0,100,mae,0.023040408769837272
cd8+_tcells,7000,2,4,bh,0.01,100,precision,0.0
cd8+_tcells,7000,2,4,bh,0.01,100,recall,0.0
cd8+_tcells,7000,2,4,bh,0.01,100,f1,0.0
cd8+_tcells,7000,2,4,bh,0.05,100,precision,0.0
cd8+_tcells,7000,2,4,bh,0.05,100,recall,0.0
cd8+_tcells,7000,2,4,bh,0.05,100,f1,0.0
cd8+_tcells,7000,2,5,raw,-1.0,100,mae,0.047600882471769024
cd8+_tcells,7000,2,5,raw,0.01,100,precision,0.653539615564932
cd8+_tcells,7000,2,5,raw,0.01,100,recall,0.7112244897959183
cd8+_tcells,7000,2,5,raw,0.01,100,f1,0.6811629611531884
cd8+_tcells,7000,2,5,raw,0.05,100,precision,0.8155608214849921
cd8+_tcells,7000,2,5,raw,0.05,100,recall,0.8285408586331416
cd8+_tcells,7000,2,5,raw,0.05,100,f1,0.8219996019372388
cd8+_tcells,7000,2,5,bh,-1.0,100,mae,0.024380381962969513
cd8+_tcells,7000,2,5,bh,0.01,100,precision,0.0
cd8+_tcells,7000,2,5,bh,0.01,100,recall,0.0
cd8+_tcells,7000,2,5,bh,0.01,100,f1,0.0
cd8+_tcells,7000,2,5,bh,0.05,100,precision,0.0
cd8+_tcells,7000,2,5,bh,0.05,100,recall,0.0
cd8+_tcells,7000,2,5,bh,0.05,100,f1,0.0
cd8+_tcells,7000,2,6,raw,-1.0,100,mae,0.044800178461076506
cd8+_tcells,7000,2,6,raw,0.01,100,precision,0.6216596343178622
cd8+_tcells,7000,2,6,raw,0.01,100,recall,0.6402704007725737
cd8+_tcells,7000,2,6,raw,0.01,100,f1,0.6308277830637488
cd8+_tcells,7000,2,6,raw,0.05,100,precision,0.7996313849394419
cd8+_tcells,7000,2,6,raw,0.05,100,recall,0.8020599498217351
cd8+_tcells,7000,2,6,raw,0.05,100,f1,0.8008438262245369
cd8+_tcells,7000,2,6,bh,-1.0,100,mae,0.0238258248613333
cd8+_tcells,7000,2,6,bh,0.01,100,precision,0.0
cd8+_tcells,7000,2,6,bh,0.01,100,recall,0.0
cd8+_tcells,7000,2,6,bh,0.01,100,f1,0.0
cd8+_tcells,7000,2,6,bh,0.05,100,precision,0.0
cd8+_tcells,7000,2,6,bh,0.05,100,recall,0.0
cd8+_tcells,7000,2,6,bh,0.05,100,f1,0.0
cd8+_tcells,7000,2,7,raw,-1.0,100,mae,0.04251081581086672
cd8+_tcells,7000,2,7,raw,0.01,100,precision,0.6305672761368963
cd8+_tcells,7000,2,7,raw,0.01,100,recall,0.6765593561368209
cd8+_tcells,7000,2,7,raw,0.01,100,f1,0.6527541858772142
cd8+_tcells,7000,2,7,raw,0.05,100,precision,0.8184570826750922
cd8+_tcells,7000,2,7,raw,0.05,100,recall,0.8156651797428497
cd8+_tcells,7000,2,7,raw,0.05,100,f1,0.8170587462215797
cd8+_tcells,7000,2,7,bh,-1.0,100,mae,0.02244344130840616
cd8+_tcells,7000,2,7,bh,0.01,100,precision,0.0
cd8+_tcells,7000,2,7,bh,0.01,100,recall,0.0
cd8+_tcells,7000,2,7,bh,0.01,100,f1,0.0
cd8+_tcells,7000,2,7,bh,0.05,100,precision,0.0
cd8+_tcells,7000,2,7,bh,0.05,100,recall,0.0
cd8+_tcells,7000,2,7,bh,0.05,100,f1,0.0
cd8+_tcells,7000,2,8,raw,-1.0,100,mae,0.04023746991452394
cd8+_tcells,7000,2,8,raw,0.01,100,precision,0.6947960618846695
cd8+_tcells,7000,2,8,raw,0.01,100,recall,0.7373134328358208
cd8+_tcells,7000,2,8,raw,0.01,100,f1,0.7154236060825488
cd8+_tcells,7000,2,8,raw,0.05,100,precision,0.8284623486045287
cd8+_tcells,7000,2,8,raw,0.05,100,recall,0.8413101604278075
cd8+_tcells,7000,2,8,raw,0.05,100,f1,0.8348368267444946
cd8+_tcells,7000,2,8,bh,-1.0,100,mae,0.020513522553005415
cd8+_tcells,7000,2,8,bh,0.01,100,precision,0.0
cd8+_tcells,7000,2,8,bh,0.01,100,recall,0.0
cd8+_tcells,7000,2,8,bh,0.01,100,f1,0.0
cd8+_tcells,7000,2,8,bh,0.05,100,precision,0.0
cd8+_tcells,7000,2,8,bh,0.05,100,recall,0.0
cd8+_tcells,7000,2,8,bh,0.05,100,f1,0.0
cd8+_tcells,7000,2,9,raw,-1.0,100,mae,0.04611277116080517
cd8+_tcells,7000,2,9,raw,0.01,100,precision,0.5921237693389592
cd8+_tcells,7000,2,9,raw,0.01,100,recall,0.6302395209580839
cd8+_tcells,7000,2,9,raw,0.01,100,f1,0.6105873821609862
cd8+_tcells,7000,2,9,raw,0.05,100,precision,0.792259083728278
cd8+_tcells,7000,2,9,raw,0.05,100,recall,0.7998405103668261
cd8+_tcells,7000,2,9,raw,0.05,100,f1,0.796031746031746
cd8+_tcells,7000,2,9,bh,-1.0,100,mae,0.024256513707871814
cd8+_tcells,7000,2,9,bh,0.01,100,precision,0.0
cd8+_tcells,7000,2,9,bh,0.01,100,recall,0.0
cd8+_tcells,7000,2,9,bh,0.01,100,f1,0.0
cd8+_tcells,7000,2,9,bh,0.05,100,precision,0.0
cd8+_tcells,7000,2,9,bh,0.05,100,recall,0.0
cd8+_tcells,7000,2,9,bh,0.05,100,f1,0.0
cd8+_tcells,7000,3,4,raw,-1.0,100,mae,0.042495580174365485
cd8+_tcells,7000,3,4,raw,0.01,100,precision,0.7013388259526262
cd8+_tcells,7000,3,4,raw,0.01,100,recall,0.6388367729831145
cd8+_tcells,7000,3,4,raw,0.01,100,f1,0.6686303387334315
cd8+_tcells,7000,3,4,raw,0.05,100,precision,0.8342571312694336
cd8+_tcells,7000,3,4,raw,0.05,100,recall,0.8168100595632032
cd8+_tcells,7000,3,4,raw,0.05,100,f1,0.8254414125200642
cd8+_tcells,7000,3,4,bh,-1.0,100,mae,0.022032900190758778
cd8+_tcells,7000,3,4,bh,0.01,100,precision,0.0
cd8+_tcells,7000,3,4,bh,0.01,100,recall,0.0
cd8+_tcells,7000,3,4,bh,0.01,100,f1,0.0
cd8+_tcells,7000,3,4,bh,0.05,100,precision,0.0
cd8+_tcells,7000,3,4,bh,0.05,100,recall,0.0
cd8+_tcells,7000,3,4,bh,0.05,100,f1,0.0
cd8+_tcells,7000,3,5,raw,-1.0,100,mae,0.043609478549095346
cd8+_tcells,7000,3,5,raw,0.01,100,precision,0.7260556127703398
cd8+_tcells,7000,3,5,raw,0.01,100,recall,0.7193877551020408
cd8+_tcells,7000,3,5,raw,0.01,100,f1,0.7227063044592517
cd8+_tcells,7000,3,5,raw,0.05,100,precision,0.8457482763282412
cd8+_tcells,7000,3,5,raw,0.05,100,recall,0.836699210913468
cd8+_tcells,7000,3,5,raw,0.05,100,f1,0.8411994083635874
cd8+_tcells,7000,3,5,bh,-1.0,100,mae,0.022161404881939423
cd8+_tcells,7000,3,5,bh,0.01,100,precision,0.0
cd8+_tcells,7000,3,5,bh,0.01,100,recall,0.0
cd8+_tcells,7000,3,5,bh,0.01,100,f1,0.0
cd8+_tcells,7000,3,5,bh,0.05,100,precision,0.0
cd8+_tcells,7000,3,5,bh,0.05,100,recall,0.0
cd8+_tcells,7000,3,5,bh,0.05,100,f1,0.0
cd8+_tcells,7000,3,6,raw,-1.0,100,mae,0.046973429746406094
cd8+_tcells,7000,3,6,raw,0.01,100,precision,0.7100926879505665
cd8+_tcells,7000,3,6,raw,0.01,100,recall,0.6658619024625785
cd8+_tcells,7000,3,6,raw,0.01,100,f1,0.6872663842511837
cd8+_tcells,7000,3,6,raw,0.05,100,precision,0.8372313099905367
cd8+_tcells,7000,3,6,raw,0.05,100,recall,0.8177736696157402
cd8+_tcells,7000,3,6,raw,0.05,100,f1,0.8273881095524382
cd8+_tcells,7000,3,6,bh,-1.0,100,mae,0.024452372192548113
cd8+_tcells,7000,3,6,bh,0.01,100,precision,0.0
cd8+_tcells,7000,3,6,bh,0.01,100,recall,0.0
cd8+_tcells,7000,3,6,bh,0.01,100,f1,0.0
cd8+_tcells,7000,3,6,bh,0.05,100,precision,0.0
cd8+_tcells,7000,3,6,bh,0.05,100,recall,0.0
cd8+_tcells,7000,3,6,bh,0.05,100,f1,0.0
cd8+_tcells,7000,3,7,raw,-1.0,100,mae,0.04559081737818064
cd8+_tcells,7000,3,7,raw,0.01,100,precision,0.6781668383110195
cd8+_tcells,7000,3,7,raw,0.01,100,recall,0.6624748490945674
cd8+_tcells,7000,3,7,raw,0.01,100,f1,0.6702290076335878
cd8+_tcells,7000,3,7,raw,0.05,100,precision,0.8338515614438285
cd8+_tcells,7000,3,7,raw,0.05,100,recall,0.8092364208869063
cd8+_tcells,7000,3,7,raw,0.05,100,f1,0.8213596111591983
cd8+_tcells,7000,3,7,bh,-1.0,100,mae,0.02329748030598128
cd8+_tcells,7000,3,7,bh,0.01,100,precision,0.0
cd8+_tcells,7000,3,7,bh,0.01,100,recall,0.0
cd8+_tcells,7000,3,7,bh,0.01,100,f1,0.0
cd8+_tcells,7000,3,7,bh,0.05,100,precision,0.0
cd8+_tcells,7000,3,7,bh,0.05,100,recall,0.0
cd8+_tcells,7000,3,7,bh,0.05,100,f1,0.0
cd8+_tcells,7000,3,8,raw,-1.0,100,mae,0.049465338438280354
cd8+_tcells,7000,3,8,raw,0.01,100,precision,0.6580844490216272
cd8+_tcells,7000,3,8,raw,0.01,100,recall,0.6358208955223881
cd8+_tcells,7000,3,8,raw,0.01,100,f1,0.6467611336032388
cd8+_tcells,7000,3,8,raw,0.05,100,precision,0.8010004055698257
cd8+_tcells,7000,3,8,raw,0.05,100,recall,0.7921122994652406
cd8+_tcells,7000,3,8,raw,0.05,100,f1,0.7965315587820125
cd8+_tcells,7000,3,8,bh,-1.0,100,mae,0.024324990591460816
cd8+_tcells,7000,3,8,bh,0.01,100,precision,0.0
cd8+_tcells,7000,3,8,bh,0.01,100,recall,0.0
cd8+_tcells,7000,3,8,bh,0.01,100,f1,0.0
cd8+_tcells,7000,3,8,bh,0.05,100,precision,0.0
cd8+_tcells,7000,3,8,bh,0.05,100,recall,0.0
cd8+_tcells,7000,3,8,bh,0.05,100,f1,0.0
cd8+_tcells,7000,3,9,raw,-1.0,100,mae,0.045776311589271736
cd8+_tcells,7000,3,9,raw,0.01,100,precision,0.6616889804325438
cd8+_tcells,7000,3,9,raw,0.01,100,recall,0.6412175648702595
cd8+_tcells,7000,3,9,raw,0.01,100,f1,0.6512924480486568
cd8+_tcells,7000,3,9,raw,0.05,100,precision,0.8241178856293092
cd8+_tcells,7000,3,9,raw,0.05,100,recall,0.810207336523126
cd8+_tcells,7000,3,9,raw,0.05,100,f1,0.8171034112995108
cd8+_tcells,7000,3,9,bh,-1.0,100,mae,0.02344066274012471
cd8+_tcells,7000,3,9,bh,0.01,100,precision,0.0
cd8+_tcells,7000,3,9,bh,0.01,100,recall,0.0
cd8+_tcells,7000,3,9,bh,0.01,100,f1,0.0
cd8+_tcells,7000,3,9,bh,0.05,100,precision,0.0
cd8+_tcells,7000,3,9,bh,0.05,100,recall,0.0
cd8+_tcells,7000,3,9,bh,0.05,100,f1,0.0
cd8+_tcells,7000,4,5,raw,-1.0,100,mae,0.04620943154891715
cd8+_tcells,7000,4,5,raw,0.01,100,precision,0.624765478424015
cd8+_tcells,7000,4,5,raw,0.01,100,recall,0.6795918367346939
cd8+_tcells,7000,4,5,raw,0.01,100,f1,0.6510263929618768
cd8+_tcells,7000,4,5,raw,0.05,100,precision,0.8101919258769027
cd8+_tcells,7000,4,5,raw,0.05,100,recall,0.8186438411127458
cd8+_tcells,7000,4,5,raw,0.05,100,f1,0.8143959552953699
cd8+_tcells,7000,4,5,bh,-1.0,100,mae,0.02321904244757969
cd8+_tcells,7000,4,5,bh,0.01,100,precision,0.0
cd8+_tcells,7000,4,5,bh,0.01,100,recall,0.0
cd8+_tcells,7000,4,5,bh,0.01,100,f1,0.0
cd8+_tcells,7000,4,5,bh,0.05,100,precision,0.0
cd8+_tcells,7000,4,5,bh,0.05,100,recall,0.0
cd8+_tcells,7000,4,5,bh,0.05,100,f1,0.0
cd8+_tcells,7000,4,6,raw,-1.0,100,mae,0.04564778699965282
cd8+_tcells,7000,4,6,raw,0.01,100,precision,0.625234521575985
cd8+_tcells,7000,4,6,raw,0.01,100,recall,0.6436504104297441
cd8+_tcells,7000,4,6,raw,0.01,100,f1,0.6343088270283131
cd8+_tcells,7000,4,6,raw,0.05,100,precision,0.8083388484447386
cd8+_tcells,7000,4,6,raw,0.05,100,recall,0.8064175359830978
cd8+_tcells,7000,4,6,raw,0.05,100,f1,0.8073770491803278
cd8+_tcells,7000,4,6,bh,-1.0,100,mae,0.02378333184823217
cd8+_tcells,7000,4,6,bh,0.01,100,precision,0.0
cd8+_tcells,7000,4,6,bh,0.01,100,recall,0.0
cd8+_tcells,7000,4,6,bh,0.01,100,f1,0.0
cd8+_tcells,7000,4,6,bh,0.05,100,precision,0.0
cd8+_tcells,7000,4,6,bh,0.05,100,recall,0.0
cd8+_tcells,7000,4,6,bh,0.05,100,f1,0.0
cd8+_tcells,7000,4,7,raw,-1.0,100,mae,0.04455158689745419
cd8+_tcells,7000,4,7,raw,0.01,100,precision,0.6599437148217636
cd8+_tcells,7000,4,7,raw,0.01,100,recall,0.7077464788732394
cd8+_tcells,7000,4,7,raw,0.01,100,f1,0.683009708737864
cd8+_tcells,7000,4,7,raw,0.05,100,precision,0.8338848444738584
cd8+_tcells,7000,4,7,raw,0.05,100,recall,0.8265547100498557
cd8+_tcells,7000,4,7,raw,0.05,100,f1,0.8302035975489227
cd8+_tcells,7000,4,7,bh,-1.0,100,mae,0.02239261048370429
cd8+_tcells,7000,4,7,bh,0.01,100,precision,0.0
cd8+_tcells,7000,4,7,bh,0.01,100,recall,0.0
cd8+_tcells,7000,4,7,bh,0.01,100,f1,0.0
cd8+_tcells,7000,4,7,bh,0.05,100,precision,0.0
cd8+_tcells,7000,4,7,bh,0.05,100,recall,0.0
cd8+_tcells,7000,4,7,bh,0.05,100,f1,0.0
cd8+_tcells,7000,4,8,raw,-1.0,100,mae,0.04657119662959324
cd8+_tcells,7000,4,8,raw,0.01,100,precision,0.6411819887429644
cd8+_tcells,7000,4,8,raw,0.01,100,recall,0.6800995024875622
cd8+_tcells,7000,4,8,raw,0.01,100,f1,0.6600676001931434
cd8+_tcells,7000,4,8,raw,0.05,100,precision,0.8113831899404368
cd8+_tcells,7000,4,8,raw,0.05,100,recall,0.81951871657754
cd8+_tcells,7000,4,8,raw,0.05,100,f1,0.8154306617891587
cd8+_tcells,7000,4,8,bh,-1.0,100,mae,0.023390490176668586
cd8+_tcells,7000,4,8,bh,0.01,100,precision,0.0
cd8+_tcells,7000,4,8,bh,0.01,100,recall,0.0
cd8+_tcells,7000,4,8,bh,0.01,100,f1,0.0
cd8+_tcells,7000,4,8,bh,0.05,100,precision,0.0
cd8+_tcells,7000,4,8,bh,0.05,100,recall,0.0
cd8+_tcells,7000,4,8,bh,0.05,100,f1,0.0
cd8+_tcells,7000,4,9,raw,-1.0,100,mae,0.04585847320775709
cd8+_tcells,7000,4,9,raw,0.01,100,precision,0.6036585365853658
cd8+_tcells,7000,4,9,raw,0.01,100,recall,0.6422155688622755
cd8+_tcells,7000,4,9,raw,0.01,100,f1,0.6223404255319149
cd8+_tcells,7000,4,9,raw,0.05,100,precision,0.8033090668431502
cd8+_tcells,7000,4,9,raw,0.05,100,recall,0.8066188197767146
cd8+_tcells,7000,4,9,raw,0.05,100,f1,0.8049605411499436
cd8+_tcells,7000,4,9,bh,-1.0,100,mae,0.02357461418705047
cd8+_tcells,7000,4,9,bh,0.01,100,precision,0.0
cd8+_tcells,7000,4,9,bh,0.01,100,recall,0.0
cd8+_tcells,7000,4,9,bh,0.01,100,f1,0.0
cd8+_tcells,7000,4,9,bh,0.05,100,precision,0.0
cd8+_tcells,7000,4,9,bh,0.05,100,recall,0.0
cd8+_tcells,7000,4,9,bh,0.05,100,f1,0.0
cd8+_tcells,7000,5,6,raw,-1.0,100,mae,0.049801016892448
cd8+_tcells,7000,5,6,raw,0.01,100,precision,0.6571428571428571
cd8+_tcells,7000,5,6,raw,0.01,100,recall,0.6219217769193627
cd8+_tcells,7000,5,6,raw,0.01,100,f1,0.6390473827834284
cd8+_tcells,7000,5,6,raw,0.05,100,precision,0.8066069279122643
cd8+_tcells,7000,5,6,raw,0.05,100,recall,0.796381883005414
cd8+_tcells,7000,5,6,raw,0.05,100,f1,0.8014617940199336
cd8+_tcells,7000,5,6,bh,-1.0,100,mae,0.02486456674208063
cd8+_tcells,7000,5,6,bh,0.01,100,precision,0.0
cd8+_tcells,7000,5,6,bh,0.01,100,recall,0.0
cd8+_tcells,7000,5,6,bh,0.01,100,f1,0.0
cd8+_tcells,7000,5,6,bh,0.05,100,precision,0.0
cd8+_tcells,7000,5,6,bh,0.05,100,recall,0.0
cd8+_tcells,7000,5,6,bh,0.05,100,f1,0.0
cd8+_tcells,7000,5,7,raw,-1.0,100,mae,0.04120405070843093
cd8+_tcells,7000,5,7,raw,0.01,100,precision,0.6780612244897959
cd8+_tcells,7000,5,7,raw,0.01,100,recall,0.6685110663983903
cd8+_tcells,7000,5,7,raw,0.01,100,f1,0.6732522796352584
cd8+_tcells,7000,5,7,raw,0.05,100,precision,0.8350942891534038
cd8+_tcells,7000,5,7,raw,0.05,100,recall,0.8192075570716347
cd8+_tcells,7000,5,7,raw,0.05,100,f1,0.8270746407046824
cd8+_tcells,7000,5,7,bh,-1.0,100,mae,0.020724833996022582
cd8+_tcells,7000,5,7,bh,0.01,100,precision,0.0
cd8+_tcells,7000,5,7,bh,0.01,100,recall,0.0
cd8+_tcells,7000,5,7,bh,0.01,100,f1,0.0
cd8+_tcells,7000,5,7,bh,0.05,100,precision,0.0
cd8+_tcells,7000,5,7,bh,0.05,100,recall,0.0
cd8+_tcells,7000,5,7,bh,0.05,100,f1,0.0
cd8+_tcells,7000,5,8,raw,-1.0,100,mae,0.04816081856728754
cd8+_tcells,7000,5,8,raw,0.01,100,precision,0.6846938775510204
cd8+_tcells,7000,5,8,raw,0.01,100,recall,0.6676616915422886
cd8+_tcells,7000,5,8,raw,0.01,100,f1,0.6760705289672544
cd8+_tcells,7000,5,8,raw,0.05,100,precision,0.8090143105523606
cd8+_tcells,7000,5,8,raw,0.05,100,recall,0.8086898395721925
cd8+_tcells,7000,5,8,raw,0.05,100,f1,0.8088520425218961
cd8+_tcells,7000,5,8,bh,-1.0,100,mae,0.02355261897866432
cd8+_tcells,7000,5,8,bh,0.01,100,precision,0.0
cd8+_tcells,7000,5,8,bh,0.01,100,recall,0.0
cd8+_tcells,7000,5,8,bh,0.01,100,f1,0.0
cd8+_tcells,7000,5,8,bh,0.05,100,precision,0.0
cd8+_tcells,7000,5,8,bh,0.05,100,recall,0.0
cd8+_tcells,7000,5,8,bh,0.05,100,f1,0.0
cd8+_tcells,7000,5,9,raw,-1.0,100,mae,0.044915574122360476
cd8+_tcells,7000,5,9,raw,0.01,100,precision,0.6571428571428571
cd8+_tcells,7000,5,9,raw,0.01,100,recall,0.6427145708582834
cd8+_tcells,7000,5,9,raw,0.01,100,f1,0.649848637739657
cd8+_tcells,7000,5,9,raw,0.05,100,precision,0.8132941019125318
cd8+_tcells,7000,5,9,raw,0.05,100,recall,0.8082137161084529
cd8+_tcells,7000,5,9,raw,0.05,100,f1,0.810745950269982
cd8+_tcells,7000,5,9,bh,-1.0,100,mae,0.022493845013492105
cd8+_tcells,7000,5,9,bh,0.01,100,precision,0.0
cd8+_tcells,7000,5,9,bh,0.01,100,recall,0.0
cd8+_tcells,7000,5,9,bh,0.01,100,f1,0.0
cd8+_tcells,7000,5,9,bh,0.05,100,precision,0.0
cd8+_tcells,7000,5,9,bh,0.05,100,recall,0.0
cd8+_tcells,7000,5,9,bh,0.05,100,f1,0.0
cd8+_tcells,7000,6,7,raw,-1.0,100,mae,0.044710507726634055
cd8+_tcells,7000,6,7,raw,0.01,100,precision,0.6349589570255915
cd8+_tcells,7000,6,7,raw,0.01,100,recall,0.6614688128772636
cd8+_tcells,7000,6,7,raw,0.01,100,f1,0.6479428430647943
cd8+_tcells,7000,6,7,raw,0.05,100,precision,0.8186980060742111
cd8+_tcells,7000,6,7,raw,0.05,100,recall,0.8134347940173183
cd8+_tcells,7000,6,7,raw,0.05,100,f1,0.8160579137874301
cd8+_tcells,7000,6,7,bh,-1.0,100,mae,0.022696992585456856
cd8+_tcells,7000,6,7,bh,0.01,100,precision,0.0
cd8+_tcells,7000,6,7,bh,0.01,100,recall,0.0
cd8+_tcells,7000,6,7,bh,0.01,100,f1,0.0
cd8+_tcells,7000,6,7,bh,0.05,100,precision,0.0
cd8+_tcells,7000,6,7,bh,0.05,100,recall,0.0
cd8+_tcells,7000,6,7,bh,0.05,100,f1,0.0
cd8+_tcells,7000,6,8,raw,-1.0,100,mae,0.04382863968822474
cd8+_tcells,7000,6,8,raw,0.01,100,precision,0.6349589570255915
cd8+_tcells,7000,6,8,raw,0.01,100,recall,0.654228855721393
cd8+_tcells,7000,6,8,raw,0.01,100,f1,0.6444498897329086
cd8+_tcells,7000,6,8,raw,0.05,100,precision,0.8069457282450813
cd8+_tcells,7000,6,8,raw,0.05,100,recall,0.8169786096256685
cd8+_tcells,7000,6,8,raw,0.05,100,f1,0.8119311765096658
cd8+_tcells,7000,6,8,bh,-1.0,100,mae,0.022460237777450476
cd8+_tcells,7000,6,8,bh,0.01,100,precision,0.0
cd8+_tcells,7000,6,8,bh,0.01,100,recall,0.0
cd8+_tcells,7000,6,8,bh,0.01,100,f1,0.0
cd8+_tcells,7000,6,8,bh,0.05,100,precision,0.0
cd8+_tcells,7000,6,8,bh,0.05,100,recall,0.0
cd8+_tcells,7000,6,8,bh,0.05,100,f1,0.0
cd8+_tcells,7000,6,9,raw,-1.0,100,mae,0.04477106163789053
cd8+_tcells,7000,6,9,raw,0.01,100,precision,0.6243360695316272
cd8+_tcells,7000,6,9,raw,0.01,100,recall,0.6452095808383234
cd8+_tcells,7000,6,9,raw,0.01,100,f1,0.634601226993865
cd8+_tcells,7000,6,9,raw,0.05,100,precision,0.806285487917602
cd8+_tcells,7000,6,9,raw,0.05,100,recall,0.8115364167995747
cd8+_tcells,7000,6,9,raw,0.05,100,f1,0.8089024309465457
cd8+_tcells,7000,6,9,bh,-1.0,100,mae,0.02283761472569663
cd8+_tcells,7000,6,9,bh,0.01,100,precision,0.0
cd8+_tcells,7000,6,9,bh,0.01,100,recall,0.0
cd8+_tcells,7000,6,9,bh,0.01,100,f1,0.0
cd8+_tcells,7000,6,9,bh,0.05,100,precision,0.0
cd8+_tcells,7000,6,9,bh,0.05,100,recall,0.0
cd8+_tcells,7000,6,9,bh,0.05,100,f1,0.0
cd8+_tcells,7000,7,8,raw,-1.0,100,mae,0.043420957989195506
cd8+_tcells,7000,7,8,raw,0.01,100,precision,0.6695171026156942
cd8+_tcells,7000,7,8,raw,0.01,100,recall,0.6621890547263681
cd8+_tcells,7000,7,8,raw,0.01,100,f1,0.6658329164582291
cd8+_tcells,7000,7,8,raw,0.05,100,precision,0.8096300183678824
cd8+_tcells,7000,7,8,raw,0.05,100,recall,0.825
cd8+_tcells,7000,7,8,raw,0.05,100,f1,0.8172427493047278
cd8+_tcells,7000,7,8,bh,-1.0,100,mae,0.021997806509928976
cd8+_tcells,7000,7,8,bh,0.01,100,precision,0.0
cd8+_tcells,7000,7,8,bh,0.01,100,recall,0.0
cd8+_tcells,7000,7,8,bh,0.01,100,f1,0.0
cd8+_tcells,7000,7,8,bh,0.05,100,precision,0.0
cd8+_tcells,7000,7,8,bh,0.05,100,recall,0.0
cd8+_tcells,7000,7,8,bh,0.05,100,f1,0.0
cd8+_tcells,7000,7,9,raw,-1.0,100,mae,0.043005086101432104
cd8+_tcells,7000,7,9,raw,0.01,100,precision,0.6443661971830986
cd8+_tcells,7000,7,9,raw,0.01,100,recall,0.6392215568862275
cd8+_tcells,7000,7,9,raw,0.01,100,f1,0.6417835671342685
cd8+_tcells,7000,7,9,raw,0.05,100,precision,0.814746785620572
cd8+_tcells,7000,7,9,raw,0.05,100,recall,0.8253588516746412
cd8+_tcells,7000,7,9,raw,0.05,100,f1,0.8200184867291694
cd8+_tcells,7000,7,9,bh,-1.0,100,mae,0.021737014239206126
cd8+_tcells,7000,7,9,bh,0.01,100,precision,0.0
cd8+_tcells,7000,7,9,bh,0.01,100,recall,0.0
cd8+_tcells,7000,7,9,bh,0.01,100,f1,0.0
cd8+_tcells,7000,7,9,bh,0.05,100,precision,0.0
cd8+_tcells,7000,7,9,bh,0.05,100,recall,0.0
cd8+_tcells,7000,7,9,bh,0.05,100,f1,0.0
cd8+_tcells,7000,8,9,raw,-1.0,100,mae,0.043656147425798285
cd8+_tcells,7000,8,9,raw,0.01,100,precision,0.6492537313432836
cd8+_tcells,7000,8,9,raw,0.01,100,recall,0.6511976047904192
cd8+_tcells,7000,8,9,raw,0.01,100,f1,0.6502242152466368
cd8+_tcells,7000,8,9,raw,0.05,100,precision,0.8164438502673796
cd8+_tcells,7000,8,9,raw,0.05,100,recall,0.8116693248272195
cd8+_tcells,7000,8,9,raw,0.05,100,f1,0.8140495867768595
cd8+_tcells,7000,8,9,bh,-1.0,100,mae,0.021779825942352015
cd8+_tcells,7000,8,9,bh,0.01,100,precision,0.0
cd8+_tcells,7000,8,9,bh,0.01,100,recall,0.0
cd8+_tcells,7000,8,9,bh,0.01,100,f1,0.0
cd8+_tcells,7000,8,9,bh,0.05,100,precision,0.0
cd8+_tcells,7000,8,9,bh,0.05,100,recall,0.0
cd8+_tcells,7000,8,9,bh,0.05,100,f1,0.0
cd8+_tcells,10000,-1,0,raw,-1.0,100,mae,0.045903573485220374
cd8+_tcells,10000,-1,0,raw,0.01,100,precision,0.6466165413533834
cd8+_tcells,10000,-1,0,raw,0.01,100,recall,0.6453226613306653
cd8+_tcells,10000,-1,0,raw,0.01,100,f1,0.6459689534301453
cd8+_tcells,10000,-1,0,raw,0.05,100,precision,0.8114666666666667
cd8+_tcells,10000,-1,0,raw,0.05,100,recall,0.8087707641196014
cd8+_tcells,10000,-1,0,raw,0.05,100,f1,0.810116472545757
cd8+_tcells,10000,-1,0,bh,-1.0,100,mae,0.02276616725708481
cd8+_tcells,10000,-1,0,bh,0.01,100,precision,0.0
cd8+_tcells,10000,-1,0,bh,0.01,100,recall,0.0
cd8+_tcells,10000,-1,0,bh,0.01,100,f1,0.0
cd8+_tcells,10000,-1,0,bh,0.05,100,precision,0.0
cd8+_tcells,10000,-1,0,bh,0.05,100,recall,0.0
cd8+_tcells,10000,-1,0,bh,0.05,100,f1,0.0
cd8+_tcells,10000,-1,1,raw,-1.0,100,mae,0.04409699651246588
cd8+_tcells,10000,-1,1,raw,0.01,100,precision,0.6852130325814536
cd8+_tcells,10000,-1,1,raw,0.01,100,recall,0.6442035815268614
cd8+_tcells,10000,-1,1,raw,0.01,100,f1,0.6640757833373816
cd8+_tcells,10000,-1,1,raw,0.05,100,precision,0.8321333333333333
cd8+_tcells,10000,-1,1,raw,0.05,100,recall,0.8153906454141625
cd8+_tcells,10000,-1,1,raw,0.05,100,f1,0.8236769169856144
cd8+_tcells,10000,-1,1,bh,-1.0,100,mae,0.02284128358126001
cd8+_tcells,10000,-1,1,bh,0.01,100,precision,0.0
cd8+_tcells,10000,-1,1,bh,0.01,100,recall,0.0
cd8+_tcells,10000,-1,1,bh,0.01,100,f1,0.0
cd8+_tcells,10000,-1,1,bh,0.05,100,precision,0.0
cd8+_tcells,10000,-1,1,bh,0.05,100,recall,0.0
cd8+_tcells,10000,-1,1,bh,0.05,100,f1,0.0
cd8+_tcells,10000,-1,2,raw,-1.0,100,mae,0.045944321275962166
cd8+_tcells,10000,-1,2,raw,0.01,100,precision,0.7022556390977444
cd8+_tcells,10000,-1,2,raw,0.01,100,recall,0.6260053619302949
cd8+_tcells,10000,-1,2,raw,0.01,100,f1,0.66194188518781
cd8+_tcells,10000,-1,2,raw,0.05,100,precision,0.824
cd8+_tcells,10000,-1,2,raw,0.05,100,recall,0.7939362795477903
cd8+_tcells,10000,-1,2,raw,0.05,100,f1,0.8086888249149438
cd8+_tcells,10000,-1,2,bh,-1.0,100,mae,0.024798063288416848
cd8+_tcells,10000,-1,2,bh,0.01,100,precision,0.0
cd8+_tcells,10000,-1,2,bh,0.01,100,recall,0.0
cd8+_tcells,10000,-1,2,bh,0.01,100,f1,0.0
cd8+_tcells,10000,-1,2,bh,0.05,100,precision,0.0
cd8+_tcells,10000,-1,2,bh,0.05,100,recall,0.0
cd8+_tcells,10000,-1,2,bh,0.05,100,f1,0.0
cd8+_tcells,10000,-1,3,raw,-1.0,100,mae,0.04126907424556163
cd8+_tcells,10000,-1,3,raw,0.01,100,precision,0.637593984962406
cd8+_tcells,10000,-1,3,raw,0.01,100,recall,0.644703497212367
cd8+_tcells,10000,-1,3,raw,0.01,100,f1,0.6411290322580645
cd8+_tcells,10000,-1,3,raw,0.05,100,precision,0.8084
cd8+_tcells,10000,-1,3,raw,0.05,100,recall,0.8089392928619079
cd8+_tcells,10000,-1,3,raw,0.05,100,f1,0.8086695565188396
cd8+_tcells,10000,-1,3,bh,-1.0,100,mae,0.020465056685362183
cd8+_tcells,10000,-1,3,bh,0.01,100,precision,0.0
cd8+_tcells,10000,-1,3,bh,0.01,100,recall,0.0
cd8+_tcells,10000,-1,3,bh,0.01,100,f1,0.0
cd8+_tcells,10000,-1,3,bh,0.05,100,precision,0.0
cd8+_tcells,10000,-1,3,bh,0.05,100,recall,0.0
cd8+_tcells,10000,-1,3,bh,0.05,100,f1,0.0
cd8+_tcells,10000,-1,4,raw,-1.0,100,mae,0.046489609006287756
cd8+_tcells,10000,-1,4,raw,0.01,100,precision,0.675187969924812
cd8+_tcells,10000,-1,4,raw,0.01,100,recall,0.6460431654676259
cd8+_tcells,10000,-1,4,raw,0.01,100,f1,0.6602941176470588
cd8+_tcells,10000,-1,4,raw,0.05,100,precision,0.8237333333333333
cd8+_tcells,10000,-1,4,raw,0.05,100,recall,0.814073000395309
cd8+_tcells,10000,-1,4,raw,0.05,100,f1,0.8188746769169594
cd8+_tcells,10000,-1,4,bh,-1.0,100,mae,0.022936628120778887
cd8+_tcells,10000,-1,4,bh,0.01,100,precision,0.0
cd8+_tcells,10000,-1,4,bh,0.01,100,recall,0.0
cd8+_tcells,10000,-1,4,bh,0.01,100,f1,0.0
cd8+_tcells,10000,-1,4,bh,0.05,100,precision,0.0
cd8+_tcells,10000,-1,4,bh,0.05,100,recall,0.0
cd8+_tcells,10000,-1,4,bh,0.05,100,f1,0.0
cd8+_tcells,10000,-1,5,raw,-1.0,100,mae,0.04433263066301328
cd8+_tcells,10000,-1,5,raw,0.01,100,precision,0.7027568922305765
cd8+_tcells,10000,-1,5,raw,0.01,100,recall,0.701
cd8+_tcells,10000,-1,5,raw,0.01,100,f1,0.7018773466833542
cd8+_tcells,10000,-1,5,raw,0.05,100,precision,0.8372
cd8+_tcells,10000,-1,5,raw,0.05,100,recall,0.8267281105990784
cd8+_tcells,10000,-1,5,raw,0.05,100,f1,0.8319311030142431
cd8+_tcells,10000,-1,5,bh,-1.0,100,mae,0.022061268720017242
cd8+_tcells,10000,-1,5,bh,0.01,100,precision,0.0
cd8+_tcells,10000,-1,5,bh,0.01,100,recall,0.0
cd8+_tcells,10000,-1,5,bh,0.01,100,f1,0.0
cd8+_tcells,10000,-1,5,bh,0.05,100,precision,0.0
cd8+_tcells,10000,-1,5,bh,0.05,100,recall,0.0
cd8+_tcells,10000,-1,5,bh,0.05,100,f1,0.0
cd8+_tcells,10000,-1,6,raw,-1.0,100,mae,0.046241766006853424
cd8+_tcells,10000,-1,6,raw,0.01,100,precision,0.6957393483709273
cd8+_tcells,10000,-1,6,raw,0.01,100,recall,0.6522556390977443
cd8+_tcells,10000,-1,6,raw,0.01,100,f1,0.6732961435847684
cd8+_tcells,10000,-1,6,raw,0.05,100,precision,0.8297333333333333
cd8+_tcells,10000,-1,6,raw,0.05,100,recall,0.8163452708907254
cd8+_tcells,10000,-1,6,raw,0.05,100,f1,0.8229848575018184
cd8+_tcells,10000,-1,6,bh,-1.0,100,mae,0.023451586285255788
cd8+_tcells,10000,-1,6,bh,0.01,100,precision,0.0
cd8+_tcells,10000,-1,6,bh,0.01,100,recall,0.0
cd8+_tcells,10000,-1,6,bh,0.01,100,f1,0.0
cd8+_tcells,10000,-1,6,bh,0.05,100,precision,0.0
cd8+_tcells,10000,-1,6,bh,0.05,100,recall,0.0
cd8+_tcells,10000,-1,6,bh,0.05,100,f1,0.0
cd8+_tcells,10000,-1,7,raw,-1.0,100,mae,0.04514741947318697
cd8+_tcells,10000,-1,7,raw,0.01,100,precision,0.6726817042606517
cd8+_tcells,10000,-1,7,raw,0.01,100,recall,0.6467469879518072
cd8+_tcells,10000,-1,7,raw,0.01,100,f1,0.6594594594594595
cd8+_tcells,10000,-1,7,raw,0.05,100,precision,0.8185333333333333
cd8+_tcells,10000,-1,7,raw,0.05,100,recall,0.8133280339162692
cd8+_tcells,10000,-1,7,raw,0.05,100,f1,0.8159223817118554
cd8+_tcells,10000,-1,7,bh,-1.0,100,mae,0.023005618423295716
cd8+_tcells,10000,-1,7,bh,0.01,100,precision,0.0
cd8+_tcells,10000,-1,7,bh,0.01,100,recall,0.0
cd8+_tcells,10000,-1,7,bh,0.01,100,f1,0.0
cd8+_tcells,10000,-1,7,bh,0.05,100,precision,0.0
cd8+_tcells,10000,-1,7,bh,0.05,100,recall,0.0
cd8+_tcells,10000,-1,7,bh,0.05,100,f1,0.0
cd8+_tcells,10000,-1,8,raw,-1.0,100,mae,0.040961870516431555
cd8+_tcells,10000,-1,8,raw,0.01,100,precision,0.7147869674185464
cd8+_tcells,10000,-1,8,raw,0.01,100,recall,0.6803435114503816
cd8+_tcells,10000,-1,8,raw,0.01,100,f1,0.6971400635541433
cd8+_tcells,10000,-1,8,raw,0.05,100,precision,0.8333333333333334
cd8+_tcells,10000,-1,8,raw,0.05,100,recall,0.8259548037531387
cd8+_tcells,10000,-1,8,raw,0.05,100,f1,0.8296276631047985
cd8+_tcells,10000,-1,8,bh,-1.0,100,mae,0.020556292144960304
cd8+_tcells,10000,-1,8,bh,0.01,100,precision,0.0
cd8+_tcells,10000,-1,8,bh,0.01,100,recall,0.0
cd8+_tcells,10000,-1,8,bh,0.01,100,f1,0.0
cd8+_tcells,10000,-1,8,bh,0.05,100,precision,0.0
cd8+_tcells,10000,-1,8,bh,0.05,100,recall,0.0
cd8+_tcells,10000,-1,8,bh,0.05,100,f1,0.0
cd8+_tcells,10000,-1,9,raw,-1.0,100,mae,0.04437084106034051
cd8+_tcells,10000,-1,9,raw,0.01,100,precision,0.6591478696741855
cd8+_tcells,10000,-1,9,raw,0.01,100,recall,0.6465093411996067
cd8+_tcells,10000,-1,9,raw,0.01,100,f1,0.6527674360883594
cd8+_tcells,10000,-1,9,raw,0.05,100,precision,0.8141333333333334
cd8+_tcells,10000,-1,9,raw,0.05,100,recall,0.8083134763039449
cd8+_tcells,10000,-1,9,raw,0.05,100,f1,0.8112129666533812
cd8+_tcells,10000,-1,9,bh,-1.0,100,mae,0.022005432913593734
cd8+_tcells,10000,-1,9,bh,0.01,100,precision,0.0
cd8+_tcells,10000,-1,9,bh,0.01,100,recall,0.0
cd8+_tcells,10000,-1,9,bh,0.01,100,f1,0.0
cd8+_tcells,10000,-1,9,bh,0.05,100,precision,0.0
cd8+_tcells,10000,-1,9,bh,0.05,100,recall,0.0
cd8+_tcells,10000,-1,9,bh,0.05,100,f1,0.0
cd8+_tcells,10000,0,1,raw,-1.0,100,mae,0.04357826252341496
cd8+_tcells,10000,0,1,raw,0.01,100,precision,0.6743371685842922
cd8+_tcells,10000,0,1,raw,0.01,100,recall,0.6352497643732328
cd8+_tcells,10000,0,1,raw,0.01,100,f1,0.6542101431691337
cd8+_tcells,10000,0,1,raw,0.05,100,precision,0.8253820598006645
cd8+_tcells,10000,0,1,raw,0.05,100,recall,0.8114711262085185
cd8+_tcells,10000,0,1,raw,0.05,100,f1,0.8183674813887608
cd8+_tcells,10000,0,1,bh,-1.0,100,mae,0.022250828297253538
cd8+_tcells,10000,0,1,bh,0.01,100,precision,0.0
cd8+_tcells,10000,0,1,bh,0.01,100,recall,0.0
cd8+_tcells,10000,0,1,bh,0.01,100,f1,0.0
cd8+_tcells,10000,0,1,bh,0.05,100,precision,0.0
cd8+_tcells,10000,0,1,bh,0.05,100,recall,0.0
cd8+_tcells,10000,0,1,bh,0.05,100,f1,0.0
cd8+_tcells,10000,0,2,raw,-1.0,100,mae,0.054174700253096376
cd8+_tcells,10000,0,2,raw,0.01,100,precision,0.6708354177088545
cd8+_tcells,10000,0,2,raw,0.01,100,recall,0.599195710455764
cd8+_tcells,10000,0,2,raw,0.01,100,f1,0.6329950436629691
cd8+_tcells,10000,0,2,raw,0.05,100,precision,0.8039867109634552
cd8+_tcells,10000,0,2,raw,0.05,100,recall,0.777235354573484
cd8+_tcells,10000,0,2,raw,0.05,100,f1,0.7903847410020249
cd8+_tcells,10000,0,2,bh,-1.0,100,mae,0.028964667260067124
cd8+_tcells,10000,0,2,bh,0.01,100,precision,0.0
cd8+_tcells,10000,0,2,bh,0.01,100,recall,0.0
cd8+_tcells,10000,0,2,bh,0.01,100,f1,0.0
cd8+_tcells,10000,0,2,bh,0.05,100,precision,0.0
cd8+_tcells,10000,0,2,bh,0.05,100,recall,0.0
cd8+_tcells,10000,0,2,bh,0.05,100,f1,0.0
cd8+_tcells,10000,0,3,raw,-1.0,100,mae,0.04413587762206511
cd8+_tcells,10000,0,3,raw,0.01,100,precision,0.6688344172086043
cd8+_tcells,10000,0,3,raw,0.01,100,recall,0.6776482513938166
cd8+_tcells,10000,0,3,raw,0.01,100,f1,0.6732124874118832
cd8+_tcells,10000,0,3,raw,0.05,100,precision,0.8240531561461794
cd8+_tcells,10000,0,3,raw,0.05,100,recall,0.8273515677118078
cd8+_tcells,10000,0,3,raw,0.05,100,f1,0.825699067909454
cd8+_tcells,10000,0,3,bh,-1.0,100,mae,0.022218556259685794
cd8+_tcells,10000,0,3,bh,0.01,100,precision,0.0
cd8+_tcells,10000,0,3,bh,0.01,100,recall,0.0
cd8+_tcells,10000,0,3,bh,0.01,100,f1,0.0
cd8+_tcells,10000,0,3,bh,0.05,100,precision,0.0
cd8+_tcells,10000,0,3,bh,0.05,100,recall,0.0
cd8+_tcells,10000,0,3,bh,0.05,100,f1,0.0
cd8+_tcells,10000,0,4,raw,-1.0,100,mae,0.05170764408432948
cd8+_tcells,10000,0,4,raw,0.01,100,precision,0.655327663831916
cd8+_tcells,10000,0,4,raw,0.01,100,recall,0.6282973621103117
cd8+_tcells,10000,0,4,raw,0.01,100,f1,0.6415279138099902
cd8+_tcells,10000,0,4,raw,0.05,100,precision,0.8099667774086379
cd8+_tcells,10000,0,4,raw,0.05,100,recall,0.8031361180656212
cd8+_tcells,10000,0,4,raw,0.05,100,f1,0.8065369855762868
cd8+_tcells,10000,0,4,bh,-1.0,100,mae,0.02565544109887598
cd8+_tcells,10000,0,4,bh,0.01,100,precision,0.0
cd8+_tcells,10000,0,4,bh,0.01,100,recall,0.0
cd8+_tcells,10000,0,4,bh,0.01,100,f1,0.0
cd8+_tcells,10000,0,4,bh,0.05,100,precision,0.0
cd8+_tcells,10000,0,4,bh,0.05,100,recall,0.0
cd8+_tcells,10000,0,4,bh,0.05,100,f1,0.0
cd8+_tcells,10000,0,5,raw,-1.0,100,mae,0.04880657646904689
cd8+_tcells,10000,0,5,raw,0.01,100,precision,0.6703351675837919
cd8+_tcells,10000,0,5,raw,0.01,100,recall,0.67
cd8+_tcells,10000,0,5,raw,0.01,100,f1,0.6701675418854713
cd8+_tcells,10000,0,5,raw,0.05,100,precision,0.8174086378737542
cd8+_tcells,10000,0,5,raw,0.05,100,recall,0.8098749177090191
cd8+_tcells,10000,0,5,raw,0.05,100,f1,0.8136243386243386
cd8+_tcells,10000,0,5,bh,-1.0,100,mae,0.024040208885459845
cd8+_tcells,10000,0,5,bh,0.01,100,precision,0.0
cd8+_tcells,10000,0,5,bh,0.01,100,recall,0.0
cd8+_tcells,10000,0,5,bh,0.01,100,f1,0.0
cd8+_tcells,10000,0,5,bh,0.05,100,precision,0.0
cd8+_tcells,10000,0,5,bh,0.05,100,recall,0.0
cd8+_tcells,10000,0,5,bh,0.05,100,f1,0.0
cd8+_tcells,10000,0,6,raw,-1.0,100,mae,0.047801027930395715
cd8+_tcells,10000,0,6,raw,0.01,100,precision,0.6583291645822912
cd8+_tcells,10000,0,6,raw,0.01,100,recall,0.618421052631579
cd8+_tcells,10000,0,6,raw,0.01,100,f1,0.6377513932638721
cd8+_tcells,10000,0,6,raw,0.05,100,precision,0.8114285714285714
cd8+_tcells,10000,0,6,raw,0.05,100,recall,0.8009969828151646
cd8+_tcells,10000,0,6,raw,0.05,100,f1,0.8061790335357804
cd8+_tcells,10000,0,6,bh,-1.0,100,mae,0.024282903767063175
cd8+_tcells,10000,0,6,bh,0.01,100,precision,0.0
cd8+_tcells,10000,0,6,bh,0.01,100,recall,0.0
cd8+_tcells,10000,0,6,bh,0.01,100,f1,0.0
cd8+_tcells,10000,0,6,bh,0.05,100,precision,0.0
cd8+_tcells,10000,0,6,bh,0.05,100,recall,0.0
cd8+_tcells,10000,0,6,bh,0.05,100,f1,0.0
cd8+_tcells,10000,0,7,raw,-1.0,100,mae,0.04906591854755421
cd8+_tcells,10000,0,7,raw,0.01,100,precision,0.6613306653326664
cd8+_tcells,10000,0,7,raw,0.01,100,recall,0.6371084337349397
cd8+_tcells,10000,0,7,raw,0.01,100,f1,0.648993618065783
cd8+_tcells,10000,0,7,raw,0.05,100,precision,0.8053156146179402
cd8+_tcells,10000,0,7,raw,0.05,100,recall,0.8028616852146264
cd8+_tcells,10000,0,7,raw,0.05,100,f1,0.8040867776819478
cd8+_tcells,10000,0,7,bh,-1.0,100,mae,0.024422604515570028
cd8+_tcells,10000,0,7,bh,0.01,100,precision,0.0
cd8+_tcells,10000,0,7,bh,0.01,100,recall,0.0
cd8+_tcells,10000,0,7,bh,0.01,100,f1,0.0
cd8+_tcells,10000,0,7,bh,0.05,100,precision,0.0
cd8+_tcells,10000,0,7,bh,0.05,100,recall,0.0
cd8+_tcells,10000,0,7,bh,0.05,100,f1,0.0
cd8+_tcells,10000,0,8,raw,-1.0,100,mae,0.04758042554624956
cd8+_tcells,10000,0,8,raw,0.01,100,precision,0.6603301650825413
cd8+_tcells,10000,0,8,raw,0.01,100,recall,0.6297709923664122
cd8+_tcells,10000,0,8,raw,0.01,100,f1,0.6446886446886447
cd8+_tcells,10000,0,8,raw,0.05,100,precision,0.8114285714285714
cd8+_tcells,10000,0,8,raw,0.05,100,recall,0.8069248050746664
cd8+_tcells,10000,0,8,raw,0.05,100,f1,0.8091704214153194
cd8+_tcells,10000,0,8,bh,-1.0,100,mae,0.024629333312949395
cd8+_tcells,10000,0,8,bh,0.01,100,precision,0.0
cd8+_tcells,10000,0,8,bh,0.01,100,recall,0.0
cd8+_tcells,10000,0,8,bh,0.01,100,f1,0.0
cd8+_tcells,10000,0,8,bh,0.05,100,precision,0.0
cd8+_tcells,10000,0,8,bh,0.05,100,recall,0.0
cd8+_tcells,10000,0,8,bh,0.05,100,f1,0.0
cd8+_tcells,10000,0,9,raw,-1.0,100,mae,0.0470167565285981
cd8+_tcells,10000,0,9,raw,0.01,100,precision,0.6198099049524762
cd8+_tcells,10000,0,9,raw,0.01,100,recall,0.6091445427728613
cd8+_tcells,10000,0,9,raw,0.01,100,f1,0.6144309447061741
cd8+_tcells,10000,0,9,raw,0.05,100,precision,0.7950830564784053
cd8+_tcells,10000,0,9,raw,0.05,100,recall,0.7920307122054541
cd8+_tcells,10000,0,9,raw,0.05,100,f1,0.7935539492008754
cd8+_tcells,10000,0,9,bh,-1.0,100,mae,0.02398280329805927
cd8+_tcells,10000,0,9,bh,0.01,100,precision,0.0
cd8+_tcells,10000,0,9,bh,0.01,100,recall,0.0
cd8+_tcells,10000,0,9,bh,0.01,100,f1,0.0
cd8+_tcells,10000,0,9,bh,0.05,100,precision,0.0
cd8+_tcells,10000,0,9,bh,0.05,100,recall,0.0
cd8+_tcells,10000,0,9,bh,0.05,100,f1,0.0
cd8+_tcells,10000,1,2,raw,-1.0,100,mae,0.05177928369712529
cd8+_tcells,10000,1,2,raw,0.01,100,precision,0.675306314797361
cd8+_tcells,10000,1,2,raw,0.01,100,recall,0.6403038427167114
cd8+_tcells,10000,1,2,raw,0.01,100,f1,0.6573394495412844
cd8+_tcells,10000,1,2,raw,0.05,100,precision,0.8080742095636269
cd8+_tcells,10000,1,2,raw,0.05,100,recall,0.7945786228160329
cd8+_tcells,10000,1,2,raw,0.05,100,f1,0.8012695945070605
cd8+_tcells,10000,1,2,bh,-1.0,100,mae,0.02686127695542201
cd8+_tcells,10000,1,2,bh,0.01,100,precision,0.0
cd8+_tcells,10000,1,2,bh,0.01,100,recall,0.0
cd8+_tcells,10000,1,2,bh,0.01,100,f1,0.0
cd8+_tcells,10000,1,2,bh,0.05,100,precision,0.4968152866242038
cd8+_tcells,10000,1,2,bh,0.05,100,recall,0.49056603773584906
cd8+_tcells,10000,1,2,bh,0.05,100,f1,0.4936708860759494
cd8+_tcells,10000,1,3,raw,-1.0,100,mae,0.047936452549621256
cd8+_tcells,10000,1,3,raw,0.01,100,precision,0.6277097078228087
cd8+_tcells,10000,1,3,raw,0.01,100,recall,0.675114039533705
cd8+_tcells,10000,1,3,raw,0.01,100,f1,0.6505494505494506
cd8+_tcells,10000,1,3,raw,0.05,100,precision,0.8033707865168539
cd8+_tcells,10000,1,3,raw,0.05,100,recall,0.8204136090727151
cd8+_tcells,10000,1,3,raw,0.05,100,f1,0.8118027592580368
cd8+_tcells,10000,1,3,bh,-1.0,100,mae,0.025388216861246756
cd8+_tcells,10000,1,3,bh,0.01,100,precision,0.0
cd8+_tcells,10000,1,3,bh,0.01,100,recall,0.0
cd8+_tcells,10000,1,3,bh,0.01,100,f1,0.0
cd8+_tcells,10000,1,3,bh,0.05,100,precision,0.0
cd8+_tcells,10000,1,3,bh,0.05,100,recall,0.0
cd8+_tcells,10000,1,3,bh,0.05,100,f1,0.0
cd8+_tcells,10000,1,4,raw,-1.0,100,mae,0.046492229902033375
cd8+_tcells,10000,1,4,raw,0.01,100,precision,0.6550424128180962
cd8+_tcells,10000,1,4,raw,0.01,100,recall,0.6666666666666666
cd8+_tcells,10000,1,4,raw,0.01,100,f1,0.6608034228666508
cd8+_tcells,10000,1,4,raw,0.05,100,precision,0.8161745492552913
cd8+_tcells,10000,1,4,raw,0.05,100,recall,0.8231651073922783
cd8+_tcells,10000,1,4,raw,0.05,100,f1,0.8196549235714754
cd8+_tcells,10000,1,4,bh,-1.0,100,mae,0.02435159324977136
cd8+_tcells,10000,1,4,bh,0.01,100,precision,0.0
cd8+_tcells,10000,1,4,bh,0.01,100,recall,0.0
cd8+_tcells,10000,1,4,bh,0.01,100,f1,0.0
cd8+_tcells,10000,1,4,bh,0.05,100,precision,0.0
cd8+_tcells,10000,1,4,bh,0.05,100,recall,0.0
cd8+_tcells,10000,1,4,bh,0.05,100,f1,0.0
cd8+_tcells,10000,1,5,raw,-1.0,100,mae,0.04769967091542779
cd8+_tcells,10000,1,5,raw,0.01,100,precision,0.651272384542884
cd8+_tcells,10000,1,5,raw,0.01,100,recall,0.691
cd8+_tcells,10000,1,5,raw,0.01,100,f1,0.6705482775351771
cd8+_tcells,10000,1,5,raw,0.05,100,precision,0.8110791742879541
cd8+_tcells,10000,1,5,raw,0.05,100,recall,0.8173798551678736
cd8+_tcells,10000,1,5,raw,0.05,100,f1,0.8142173257262771
cd8+_tcells,10000,1,5,bh,-1.0,100,mae,0.024245527846896223
cd8+_tcells,10000,1,5,bh,0.01,100,precision,0.0
cd8+_tcells,10000,1,5,bh,0.01,100,recall,0.0
cd8+_tcells,10000,1,5,bh,0.01,100,f1,0.0
cd8+_tcells,10000,1,5,bh,0.05,100,precision,0.0
cd8+_tcells,10000,1,5,bh,0.05,100,recall,0.0
cd8+_tcells,10000,1,5,bh,0.05,100,f1,0.0
cd8+_tcells,10000,1,6,raw,-1.0,100,mae,0.04688129689226599
cd8+_tcells,10000,1,6,raw,0.01,100,precision,0.6361922714420358
cd8+_tcells,10000,1,6,raw,0.01,100,recall,0.6343984962406015
cd8+_tcells,10000,1,6,raw,0.01,100,f1,0.6352941176470588
cd8+_tcells,10000,1,6,raw,0.05,100,precision,0.8048079435589235
cd8+_tcells,10000,1,6,raw,0.05,100,recall,0.8080808080808081
cd8+_tcells,10000,1,6,raw,0.05,100,f1,0.8064410551809911
cd8+_tcells,10000,1,6,bh,-1.0,100,mae,0.024314996580726236
cd8+_tcells,10000,1,6,bh,0.01,100,precision,0.0
cd8+_tcells,10000,1,6,bh,0.01,100,recall,0.0
cd8+_tcells,10000,1,6,bh,0.01,100,f1,0.0
cd8+_tcells,10000,1,6,bh,0.05,100,precision,0.0
cd8+_tcells,10000,1,6,bh,0.05,100,recall,0.0
cd8+_tcells,10000,1,6,bh,0.05,100,f1,0.0
cd8+_tcells,10000,1,7,raw,-1.0,100,mae,0.047008465555211675
cd8+_tcells,10000,1,7,raw,0.01,100,precision,0.6776625824693685
cd8+_tcells,10000,1,7,raw,0.01,100,recall,0.6930120481927711
cd8+_tcells,10000,1,7,raw,0.01,100,f1,0.6852513700262092
cd8+_tcells,10000,1,7,raw,0.05,100,precision,0.8187875620590541
cd8+_tcells,10000,1,7,raw,0.05,100,recall,0.8302861685214626
cd8+_tcells,10000,1,7,raw,0.05,100,f1,0.8244967767399026
cd8+_tcells,10000,1,7,bh,-1.0,100,mae,0.023857373339670303
cd8+_tcells,10000,1,7,bh,0.01,100,precision,0.0
cd8+_tcells,10000,1,7,bh,0.01,100,recall,0.0
cd8+_tcells,10000,1,7,bh,0.01,100,f1,0.0
cd8+_tcells,10000,1,7,bh,0.05,100,precision,0.0
cd8+_tcells,10000,1,7,bh,0.05,100,recall,0.0
cd8+_tcells,10000,1,7,bh,0.05,100,f1,0.0
cd8+_tcells,10000,1,8,raw,-1.0,100,mae,0.04524833338707561
cd8+_tcells,10000,1,8,raw,0.01,100,precision,0.6918001885014138
cd8+_tcells,10000,1,8,raw,0.01,100,recall,0.700381679389313
cd8+_tcells,10000,1,8,raw,0.01,100,f1,0.6960644855381698
cd8+_tcells,10000,1,8,raw,0.05,100,precision,0.8254507447086491
cd8+_tcells,10000,1,8,raw,0.05,100,recall,0.8349411920179728
cd8+_tcells,10000,1,8,raw,0.05,100,f1,0.8301688456737403
cd8+_tcells,10000,1,8,bh,-1.0,100,mae,0.02400297208594773
cd8+_tcells,10000,1,8,bh,0.01,100,precision,0.0
cd8+_tcells,10000,1,8,bh,0.01,100,recall,0.0
cd8+_tcells,10000,1,8,bh,0.01,100,f1,0.0
cd8+_tcells,10000,1,8,bh,0.05,100,precision,0.0
cd8+_tcells,10000,1,8,bh,0.05,100,recall,0.0
cd8+_tcells,10000,1,8,bh,0.05,100,f1,0.0
cd8+_tcells,10000,1,9,raw,-1.0,100,mae,0.04379963932434104
cd8+_tcells,10000,1,9,raw,0.01,100,precision,0.6267672007540056
cd8+_tcells,10000,1,9,raw,0.01,100,recall,0.6538839724680433
cd8+_tcells,10000,1,9,raw,0.01,100,f1,0.6400384985563041
cd8+_tcells,10000,1,9,raw,0.05,100,precision,0.8001045205121505
cd8+_tcells,10000,1,9,raw,0.05,100,recall,0.8106963198305533
cd8+_tcells,10000,1,9,raw,0.05,100,f1,0.805365597054182
cd8+_tcells,10000,1,9,bh,-1.0,100,mae,0.023507790219538534
cd8+_tcells,10000,1,9,bh,0.01,100,precision,0.0
cd8+_tcells,10000,1,9,bh,0.01,100,recall,0.0
cd8+_tcells,10000,1,9,bh,0.01,100,f1,0.0
cd8+_tcells,10000,1,9,bh,0.05,100,precision,0.0
cd8+_tcells,10000,1,9,bh,0.05,100,recall,0.0
cd8+_tcells,10000,1,9,bh,0.05,100,f1,0.0
cd8+_tcells,10000,2,3,raw,-1.0,100,mae,0.0436344959561316
cd8+_tcells,10000,2,3,raw,0.01,100,precision,0.6554959785522788
cd8+_tcells,10000,2,3,raw,0.01,100,recall,0.7435377597567157
cd8+_tcells,10000,2,3,raw,0.01,100,f1,0.6967466160056993
cd8+_tcells,10000,2,3,raw,0.05,100,precision,0.808710174717369
cd8+_tcells,10000,2,3,raw,0.05,100,recall,0.8398932621747832
cd8+_tcells,10000,2,3,raw,0.05,100,f1,0.824006806728189
cd8+_tcells,10000,2,3,bh,-1.0,100,mae,0.024523882523452646
cd8+_tcells,10000,2,3,bh,0.01,100,precision,0.0
cd8+_tcells,10000,2,3,bh,0.01,100,recall,0.0
cd8+_tcells,10000,2,3,bh,0.01,100,f1,0.0
cd8+_tcells,10000,2,3,bh,0.05,100,precision,0.0
cd8+_tcells,10000,2,3,bh,0.05,100,recall,0.0
cd8+_tcells,10000,2,3,bh,0.05,100,f1,0.0
cd8+_tcells,10000,2,4,raw,-1.0,100,mae,0.055279969430389195
cd8+_tcells,10000,2,4,raw,0.01,100,precision,0.6126005361930295
cd8+_tcells,10000,2,4,raw,0.01,100,recall,0.6575539568345323
cd8+_tcells,10000,2,4,raw,0.01,100,f1,0.6342817487855655
cd8+_tcells,10000,2,4,raw,0.05,100,precision,0.7771068859198356
cd8+_tcells,10000,2,4,raw,0.05,100,recall,0.7970747134009751
cd8+_tcells,10000,2,4,raw,0.05,100,f1,0.7869641579392441
cd8+_tcells,10000,2,4,bh,-1.0,100,mae,0.029015318645018884
cd8+_tcells,10000,2,4,bh,0.01,100,precision,0.0
cd8+_tcells,10000,2,4,bh,0.01,100,recall,0.0
cd8+_tcells,10000,2,4,bh,0.01,100,f1,0.0
cd8+_tcells,10000,2,4,bh,0.05,100,precision,0.0
cd8+_tcells,10000,2,4,bh,0.05,100,recall,0.0
cd8+_tcells,10000,2,4,bh,0.05,100,f1,0.0
cd8+_tcells,10000,2,5,raw,-1.0,100,mae,0.04973054996431878
cd8+_tcells,10000,2,5,raw,0.01,100,precision,0.6260053619302949
cd8+_tcells,10000,2,5,raw,0.01,100,recall,0.7005
cd8+_tcells,10000,2,5,raw,0.01,100,f1,0.661160924964606
cd8+_tcells,10000,2,5,raw,0.05,100,precision,0.8042137718396711
cd8+_tcells,10000,2,5,raw,0.05,100,recall,0.8242264647794602
cd8+_tcells,10000,2,5,raw,0.05,100,f1,0.8140971454580922
cd8+_tcells,10000,2,5,bh,-1.0,100,mae,0.02572612092805522
cd8+_tcells,10000,2,5,bh,0.01,100,precision,0.0
cd8+_tcells,10000,2,5,bh,0.01,100,recall,0.0
cd8+_tcells,10000,2,5,bh,0.01,100,f1,0.0
cd8+_tcells,10000,2,5,bh,0.05,100,precision,0.0
cd8+_tcells,10000,2,5,bh,0.05,100,recall,0.0
cd8+_tcells,10000,2,5,bh,0.05,100,f1,0.0
cd8+_tcells,10000,2,6,raw,-1.0,100,mae,0.0475639499976082
cd8+_tcells,10000,2,6,raw,0.01,100,precision,0.6389633601429848
cd8+_tcells,10000,2,6,raw,0.01,100,recall,0.6719924812030075
cd8+_tcells,10000,2,6,raw,0.01,100,f1,0.6550618415025194
cd8+_tcells,10000,2,6,raw,0.05,100,precision,0.8003597122302158
cd8+_tcells,10000,2,6,raw,0.05,100,recall,0.8172635445362718
cd8+_tcells,10000,2,6,raw,0.05,100,f1,0.8087233075874602
cd8+_tcells,10000,2,6,bh,-1.0,100,mae,0.025572162539391572
cd8+_tcells,10000,2,6,bh,0.01,100,precision,0.0
cd8+_tcells,10000,2,6,bh,0.01,100,recall,0.0
cd8+_tcells,10000,2,6,bh,0.01,100,f1,0.0
cd8+_tcells,10000,2,6,bh,0.05,100,precision,0.0
cd8+_tcells,10000,2,6,bh,0.05,100,recall,0.0
cd8+_tcells,10000,2,6,bh,0.05,100,f1,0.0
cd8+_tcells,10000,2,7,raw,-1.0,100,mae,0.044473816943081425
cd8+_tcells,10000,2,7,raw,0.01,100,precision,0.6438784629133154
cd8+_tcells,10000,2,7,raw,0.01,100,recall,0.6944578313253013
cd8+_tcells,10000,2,7,raw,0.01,100,f1,0.6682123811731973
cd8+_tcells,10000,2,7,raw,0.05,100,precision,0.8017728674203495
cd8+_tcells,10000,2,7,raw,0.05,100,recall,0.8268415474297828
cd8+_tcells,10000,2,7,raw,0.05,100,f1,0.8141142708061571
cd8+_tcells,10000,2,7,bh,-1.0,100,mae,0.0243115018498604
cd8+_tcells,10000,2,7,bh,0.01,100,precision,0.0
cd8+_tcells,10000,2,7,bh,0.01,100,recall,0.0
cd8+_tcells,10000,2,7,bh,0.01,100,f1,0.0
cd8+_tcells,10000,2,7,bh,0.05,100,precision,0.0
cd8+_tcells,10000,2,7,bh,0.05,100,recall,0.0
cd8+_tcells,10000,2,7,bh,0.05,100,f1,0.0
cd8+_tcells,10000,2,8,raw,-1.0,100,mae,0.04716505936217079
cd8+_tcells,10000,2,8,raw,0.01,100,precision,0.6380697050938338
cd8+_tcells,10000,2,8,raw,0.01,100,recall,0.6812977099236641
cd8+_tcells,10000,2,8,raw,0.01,100,f1,0.6589755422242732
cd8+_tcells,10000,2,8,raw,0.05,100,precision,0.7975334018499486
cd8+_tcells,10000,2,8,raw,0.05,100,recall,0.8204043874719176
cd8+_tcells,10000,2,8,raw,0.05,100,f1,0.8088072438277637
cd8+_tcells,10000,2,8,bh,-1.0,100,mae,0.02598794887978384
cd8+_tcells,10000,2,8,bh,0.01,100,precision,0.0
cd8+_tcells,10000,2,8,bh,0.01,100,recall,0.0
cd8+_tcells,10000,2,8,bh,0.01,100,f1,0.0
cd8+_tcells,10000,2,8,bh,0.05,100,precision,0.0
cd8+_tcells,10000,2,8,bh,0.05,100,recall,0.0
cd8+_tcells,10000,2,8,bh,0.05,100,f1,0.0
cd8+_tcells,10000,2,9,raw,-1.0,100,mae,0.046727944861288236
cd8+_tcells,10000,2,9,raw,0.01,100,precision,0.613941018766756
cd8+_tcells,10000,2,9,raw,0.01,100,recall,0.6755162241887905
cd8+_tcells,10000,2,9,raw,0.01,100,f1,0.6432584269662921
cd8+_tcells,10000,2,9,raw,0.05,100,precision,0.7907245632065776
cd8+_tcells,10000,2,9,raw,0.05,100,recall,0.8148001059041567
cd8+_tcells,10000,2,9,raw,0.05,100,f1,0.802581822923458
cd8+_tcells,10000,2,9,bh,-1.0,100,mae,0.026104193701948674
cd8+_tcells,10000,2,9,bh,0.01,100,precision,0.0
cd8+_tcells,10000,2,9,bh,0.01,100,recall,0.0
cd8+_tcells,10000,2,9,bh,0.01,100,f1,0.0
cd8+_tcells,10000,2,9,bh,0.05,100,precision,0.0
cd8+_tcells,10000,2,9,bh,0.05,100,recall,0.0
cd8+_tcells,10000,2,9,bh,0.05,100,f1,0.0
cd8+_tcells,10000,3,4,raw,-1.0,100,mae,0.04868195732082189
cd8+_tcells,10000,3,4,raw,0.01,100,precision,0.6507856056766346
cd8+_tcells,10000,3,4,raw,0.01,100,recall,0.6158273381294964
cd8+_tcells,10000,3,4,raw,0.01,100,f1,0.6328240512567768
cd8+_tcells,10000,3,4,raw,0.05,100,precision,0.8084056037358239
cd8+_tcells,10000,3,4,raw,0.05,100,recall,0.7983924100672025
cd8+_tcells,10000,3,4,raw,0.05,100,f1,0.8033678069477592
cd8+_tcells,10000,3,4,bh,-1.0,100,mae,0.024474847375207373
cd8+_tcells,10000,3,4,bh,0.01,100,precision,0.0
cd8+_tcells,10000,3,4,bh,0.01,100,recall,0.0
cd8+_tcells,10000,3,4,bh,0.01,100,f1,0.0
cd8+_tcells,10000,3,4,bh,0.05,100,precision,0.0
cd8+_tcells,10000,3,4,bh,0.05,100,recall,0.0
cd8+_tcells,10000,3,4,bh,0.05,100,f1,0.0
cd8+_tcells,10000,3,5,raw,-1.0,100,mae,0.04697436966790647
cd8+_tcells,10000,3,5,raw,0.01,100,precision,0.6568677141409022
cd8+_tcells,10000,3,5,raw,0.01,100,recall,0.648
cd8+_tcells,10000,3,5,raw,0.01,100,f1,0.6524037251447269
cd8+_tcells,10000,3,5,raw,0.05,100,precision,0.8210807204803202
cd8+_tcells,10000,3,5,raw,0.05,100,recall,0.8102699144173798
cd8+_tcells,10000,3,5,raw,0.05,100,f1,0.8156394963552022
cd8+_tcells,10000,3,5,bh,-1.0,100,mae,0.024868361335791487
cd8+_tcells,10000,3,5,bh,0.01,100,precision,0.0
cd8+_tcells,10000,3,5,bh,0.01,100,recall,0.0
cd8+_tcells,10000,3,5,bh,0.01,100,f1,0.0
cd8+_tcells,10000,3,5,bh,0.05,100,precision,0.0
cd8+_tcells,10000,3,5,bh,0.05,100,recall,0.0
cd8+_tcells,10000,3,5,bh,0.05,100,f1,0.0
cd8+_tcells,10000,3,6,raw,-1.0,100,mae,0.04540798715042426
cd8+_tcells,10000,3,6,raw,0.01,100,precision,0.6741003547896605
cd8+_tcells,10000,3,6,raw,0.01,100,recall,0.625
cd8+_tcells,10000,3,6,raw,0.01,100,f1,0.6486222872470129
cd8+_tcells,10000,3,6,raw,0.05,100,precision,0.8181454302868579
cd8+_tcells,10000,3,6,raw,0.05,100,recall,0.8044077134986226
cd8+_tcells,10000,3,6,raw,0.05,100,f1,0.8112184151342771
cd8+_tcells,10000,3,6,bh,-1.0,100,mae,0.02382886441307736
cd8+_tcells,10000,3,6,bh,0.01,100,precision,0.0
cd8+_tcells,10000,3,6,bh,0.01,100,recall,0.0
cd8+_tcells,10000,3,6,bh,0.01,100,f1,0.0
cd8+_tcells,10000,3,6,bh,0.05,100,precision,0.0
cd8+_tcells,10000,3,6,bh,0.05,100,recall,0.0
cd8+_tcells,10000,3,6,bh,0.05,100,f1,0.0
cd8+_tcells,10000,3,7,raw,-1.0,100,mae,0.043276951095871256
cd8+_tcells,10000,3,7,raw,0.01,100,precision,0.7136340598073999
cd8+_tcells,10000,3,7,raw,0.01,100,recall,0.6785542168674699
cd8+_tcells,10000,3,7,raw,0.01,100,f1,0.6956521739130435
cd8+_tcells,10000,3,7,raw,0.05,100,precision,0.8406937958639092
cd8+_tcells,10000,3,7,raw,0.05,100,recall,0.8347906730259671
cd8+_tcells,10000,3,7,raw,0.05,100,f1,0.8377318354051718
cd8+_tcells,10000,3,7,bh,-1.0,100,mae,0.022497419516002634
cd8+_tcells,10000,3,7,bh,0.01,100,precision,0.0
cd8+_tcells,10000,3,7,bh,0.01,100,recall,0.0
cd8+_tcells,10000,3,7,bh,0.01,100,f1,0.0
cd8+_tcells,10000,3,7,bh,0.05,100,precision,0.0
cd8+_tcells,10000,3,7,bh,0.05,100,recall,0.0
cd8+_tcells,10000,3,7,bh,0.05,100,f1,0.0
cd8+_tcells,10000,3,8,raw,-1.0,100,mae,0.04757182884658653
cd8+_tcells,10000,3,8,raw,0.01,100,precision,0.6614292954891029
cd8+_tcells,10000,3,8,raw,0.01,100,recall,0.6226145038167938
cd8+_tcells,10000,3,8,raw,0.01,100,f1,0.6414352420742198
cd8+_tcells,10000,3,8,raw,0.05,100,precision,0.8062708472314877
cd8+_tcells,10000,3,8,raw,0.05,100,recall,0.7985991806528346
cd8+_tcells,10000,3,8,raw,0.05,100,f1,0.802416677732041
cd8+_tcells,10000,3,8,bh,-1.0,100,mae,0.024295940745820203
cd8+_tcells,10000,3,8,bh,0.01,100,precision,0.0
cd8+_tcells,10000,3,8,bh,0.01,100,recall,0.0
cd8+_tcells,10000,3,8,bh,0.01,100,f1,0.0
cd8+_tcells,10000,3,8,bh,0.05,100,precision,0.0
cd8+_tcells,10000,3,8,bh,0.05,100,recall,0.0
cd8+_tcells,10000,3,8,bh,0.05,100,f1,0.0
cd8+_tcells,10000,3,9,raw,-1.0,100,mae,0.047185685784752525
cd8+_tcells,10000,3,9,raw,0.01,100,precision,0.6198682209832742
cd8+_tcells,10000,3,9,raw,0.01,100,recall,0.6012782694198623
cd8+_tcells,10000,3,9,raw,0.01,100,f1,0.6104317444472174
cd8+_tcells,10000,3,9,raw,0.05,100,precision,0.7953302201467645
cd8+_tcells,10000,3,9,raw,0.05,100,recall,0.7891183478951549
cd8+_tcells,10000,3,9,raw,0.05,100,f1,0.7922121071167519
cd8+_tcells,10000,3,9,bh,-1.0,100,mae,0.02371230168047134
cd8+_tcells,10000,3,9,bh,0.01,100,precision,0.0
cd8+_tcells,10000,3,9,bh,0.01,100,recall,0.0
cd8+_tcells,10000,3,9,bh,0.01,100,f1,0.0
cd8+_tcells,10000,3,9,bh,0.05,100,precision,0.0
cd8+_tcells,10000,3,9,bh,0.05,100,recall,0.0
cd8+_tcells,10000,3,9,bh,0.05,100,f1,0.0
cd8+_tcells,10000,4,5,raw,-1.0,100,mae,0.04694943614121657
cd8+_tcells,10000,4,5,raw,0.01,100,precision,0.6388489208633094
cd8+_tcells,10000,4,5,raw,0.01,100,recall,0.666
cd8+_tcells,10000,4,5,raw,0.01,100,f1,0.652141982864137
cd8+_tcells,10000,4,5,raw,0.05,100,precision,0.8132823823955725
cd8+_tcells,10000,4,5,raw,0.05,100,recall,0.8126398946675444
cd8+_tcells,10000,4,5,raw,0.05,100,f1,0.8129610115911485
cd8+_tcells,10000,4,5,bh,-1.0,100,mae,0.023992105149793847
cd8+_tcells,10000,4,5,bh,0.01,100,precision,0.0
cd8+_tcells,10000,4,5,bh,0.01,100,recall,0.0
cd8+_tcells,10000,4,5,bh,0.01,100,f1,0.0
cd8+_tcells,10000,4,5,bh,0.05,100,precision,0.0
cd8+_tcells,10000,4,5,bh,0.05,100,recall,0.0
cd8+_tcells,10000,4,5,bh,0.05,100,f1,0.0
cd8+_tcells,10000,4,6,raw,-1.0,100,mae,0.05211239873830563
cd8+_tcells,10000,4,6,raw,0.01,100,precision,0.6326139088729017
cd8+_tcells,10000,4,6,raw,0.01,100,recall,0.6198308270676691
cd8+_tcells,10000,4,6,raw,0.01,100,f1,0.6261571326845479
cd8+_tcells,10000,4,6,raw,0.05,100,precision,0.7961523257346159
cd8+_tcells,10000,4,6,raw,0.05,100,recall,0.7926013380558835
cd8+_tcells,10000,4,6,raw,0.05,100,f1,0.7943728635287931
cd8+_tcells,10000,4,6,bh,-1.0,100,mae,0.026618930867943646
cd8+_tcells,10000,4,6,bh,0.01,100,precision,0.0
cd8+_tcells,10000,4,6,bh,0.01,100,recall,0.0
cd8+_tcells,10000,4,6,bh,0.01,100,f1,0.0
cd8+_tcells,10000,4,6,bh,0.05,100,precision,0.0
cd8+_tcells,10000,4,6,bh,0.05,100,recall,0.0
cd8+_tcells,10000,4,6,bh,0.05,100,f1,0.0
cd8+_tcells,10000,4,7,raw,-1.0,100,mae,0.046773615249126745
cd8+_tcells,10000,4,7,raw,0.01,100,precision,0.6508393285371703
cd8+_tcells,10000,4,7,raw,0.01,100,recall,0.6539759036144578
cd8+_tcells,10000,4,7,raw,0.01,100,f1,0.6524038461538462
cd8+_tcells,10000,4,7,raw,0.05,100,precision,0.8113058373962314
cd8+_tcells,10000,4,7,raw,0.05,100,recall,0.8157127715951246
cd8+_tcells,10000,4,7,raw,0.05,100,f1,0.8135033361960758
cd8+_tcells,10000,4,7,bh,-1.0,100,mae,0.023901917035997002
cd8+_tcells,10000,4,7,bh,0.01,100,precision,0.0
cd8+_tcells,10000,4,7,bh,0.01,100,recall,0.0
cd8+_tcells,10000,4,7,bh,0.01,100,f1,0.0
cd8+_tcells,10000,4,7,bh,0.05,100,precision,0.0
cd8+_tcells,10000,4,7,bh,0.05,100,recall,0.0
cd8+_tcells,10000,4,7,bh,0.05,100,f1,0.0
cd8+_tcells,10000,4,8,raw,-1.0,100,mae,0.046898620932335794
cd8+_tcells,10000,4,8,raw,0.01,100,precision,0.6628297362110311
cd8+_tcells,10000,4,8,raw,0.01,100,recall,0.6593511450381679
cd8+_tcells,10000,4,8,raw,0.01,100,f1,0.6610858646256876
cd8+_tcells,10000,4,8,raw,0.05,100,precision,0.8157860060614046
cd8+_tcells,10000,4,8,raw,0.05,100,recall,0.818157790405709
cd8+_tcells,10000,4,8,raw,0.05,100,f1,0.816970176827659
cd8+_tcells,10000,4,8,bh,-1.0,100,mae,0.02426672567157944
cd8+_tcells,10000,4,8,bh,0.01,100,precision,0.0
cd8+_tcells,10000,4,8,bh,0.01,100,recall,0.0
cd8+_tcells,10000,4,8,bh,0.01,100,f1,0.0
cd8+_tcells,10000,4,8,bh,0.05,100,precision,0.0
cd8+_tcells,10000,4,8,bh,0.05,100,recall,0.0
cd8+_tcells,10000,4,8,bh,0.05,100,f1,0.0
cd8+_tcells,10000,4,9,raw,-1.0,100,mae,0.045560777560885106
cd8+_tcells,10000,4,9,raw,0.01,100,precision,0.6282973621103117
cd8+_tcells,10000,4,9,raw,0.01,100,recall,0.6440511307767945
cd8+_tcells,10000,4,9,raw,0.01,100,f1,0.636076717649915
cd8+_tcells,10000,4,9,raw,0.05,100,precision,0.805376202398208
cd8+_tcells,10000,4,9,raw,0.05,100,recall,0.809107757479481
cd8+_tcells,10000,4,9,raw,0.05,100,f1,0.8072376675691739
cd8+_tcells,10000,4,9,bh,-1.0,100,mae,0.02330705421932353
cd8+_tcells,10000,4,9,bh,0.01,100,precision,0.0
cd8+_tcells,10000,4,9,bh,0.01,100,recall,0.0
cd8+_tcells,10000,4,9,bh,0.01,100,f1,0.0
cd8+_tcells,10000,4,9,bh,0.05,100,precision,0.0
cd8+_tcells,10000,4,9,bh,0.05,100,recall,0.0
cd8+_tcells,10000,4,9,bh,0.05,100,f1,0.0
cd8+_tcells,10000,5,6,raw,-1.0,100,mae,0.05029755907521232
cd8+_tcells,10000,5,6,raw,0.01,100,precision,0.6535
cd8+_tcells,10000,5,6,raw,0.01,100,recall,0.6141917293233082
cd8+_tcells,10000,5,6,raw,0.01,100,f1,0.6332364341085271
cd8+_tcells,10000,5,6,raw,0.05,100,precision,0.8073732718894009
cd8+_tcells,10000,5,6,raw,0.05,100,recall,0.8044077134986226
cd8+_tcells,10000,5,6,raw,0.05,100,f1,0.8058877644894205
cd8+_tcells,10000,5,6,bh,-1.0,100,mae,0.02573324237770269
cd8+_tcells,10000,5,6,bh,0.01,100,precision,0.0
cd8+_tcells,10000,5,6,bh,0.01,100,recall,0.0
cd8+_tcells,10000,5,6,bh,0.01,100,f1,0.0
cd8+_tcells,10000,5,6,bh,0.05,100,precision,0.0
cd8+_tcells,10000,5,6,bh,0.05,100,recall,0.0
cd8+_tcells,10000,5,6,bh,0.05,100,f1,0.0
cd8+_tcells,10000,5,7,raw,-1.0,100,mae,0.04231404935258744
cd8+_tcells,10000,5,7,raw,0.01,100,precision,0.6785
cd8+_tcells,10000,5,7,raw,0.01,100,recall,0.6539759036144578
cd8+_tcells,10000,5,7,raw,0.01,100,f1,0.6660122699386503
cd8+_tcells,10000,5,7,raw,0.05,100,precision,0.817906517445688
cd8+_tcells,10000,5,7,raw,0.05,100,recall,0.8229994700582935
cd8+_tcells,10000,5,7,raw,0.05,100,f1,0.820445090140659
cd8+_tcells,10000,5,7,bh,-1.0,100,mae,0.022086726102893483
cd8+_tcells,10000,5,7,bh,0.01,100,precision,0.0
cd8+_tcells,10000,5,7,bh,0.01,100,recall,0.0
cd8+_tcells,10000,5,7,bh,0.01,100,f1,0.0
cd8+_tcells,10000,5,7,bh,0.05,100,precision,0.0
cd8+_tcells,10000,5,7,bh,0.05,100,recall,0.0
cd8+_tcells,10000,5,7,bh,0.05,100,f1,0.0
cd8+_tcells,10000,5,8,raw,-1.0,100,mae,0.04409939114383058
cd8+_tcells,10000,5,8,raw,0.01,100,precision,0.702
cd8+_tcells,10000,5,8,raw,0.01,100,recall,0.6698473282442748
cd8+_tcells,10000,5,8,raw,0.01,100,f1,0.685546875
cd8+_tcells,10000,5,8,raw,0.05,100,precision,0.828439763001975
cd8+_tcells,10000,5,8,raw,0.05,100,recall,0.8315052200343597
cd8+_tcells,10000,5,8,raw,0.05,100,f1,0.8299696609945918
cd8+_tcells,10000,5,8,bh,-1.0,100,mae,0.022941558610094236
cd8+_tcells,10000,5,8,bh,0.01,100,precision,0.0
cd8+_tcells,10000,5,8,bh,0.01,100,recall,0.0
cd8+_tcells,10000,5,8,bh,0.01,100,f1,0.0
cd8+_tcells,10000,5,8,bh,0.05,100,precision,0.0
cd8+_tcells,10000,5,8,bh,0.05,100,recall,0.0
cd8+_tcells,10000,5,8,bh,0.05,100,f1,0.0
cd8+_tcells,10000,5,9,raw,-1.0,100,mae,0.044927735614682385
cd8+_tcells,10000,5,9,raw,0.01,100,precision,0.6595
cd8+_tcells,10000,5,9,raw,0.01,100,recall,0.6484759095378564
cd8+_tcells,10000,5,9,raw,0.01,100,f1,0.653941497273178
cd8+_tcells,10000,5,9,raw,0.05,100,precision,0.8138248847926267
cd8+_tcells,10000,5,9,raw,0.05,100,recall,0.8182419909981467
cd8+_tcells,10000,5,9,raw,0.05,100,f1,0.8160274605584527
cd8+_tcells,10000,5,9,bh,-1.0,100,mae,0.023457561758390883
cd8+_tcells,10000,5,9,bh,0.01,100,precision,0.0
cd8+_tcells,10000,5,9,bh,0.01,100,recall,0.0
cd8+_tcells,10000,5,9,bh,0.01,100,f1,0.0
cd8+_tcells,10000,5,9,bh,0.05,100,precision,0.0
cd8+_tcells,10000,5,9,bh,0.05,100,recall,0.0
cd8+_tcells,10000,5,9,bh,0.05,100,f1,0.0
cd8+_tcells,10000,6,7,raw,-1.0,100,mae,0.048927630606460645
cd8+_tcells,10000,6,7,raw,0.01,100,precision,0.6395676691729323
cd8+_tcells,10000,6,7,raw,0.01,100,recall,0.6559036144578313
cd8+_tcells,10000,6,7,raw,0.01,100,f1,0.6476326433499882
cd8+_tcells,10000,6,7,raw,0.05,100,precision,0.7975862521317066
cd8+_tcells,10000,6,7,raw,0.05,100,recall,0.8055113937466879
cd8+_tcells,10000,6,7,raw,0.05,100,f1,0.80152923340584
cd8+_tcells,10000,6,7,bh,-1.0,100,mae,0.025067314685853534
cd8+_tcells,10000,6,7,bh,0.01,100,precision,0.0
cd8+_tcells,10000,6,7,bh,0.01,100,recall,0.0
cd8+_tcells,10000,6,7,bh,0.01,100,f1,0.0
cd8+_tcells,10000,6,7,bh,0.05,100,precision,0.0
cd8+_tcells,10000,6,7,bh,0.05,100,recall,0.0
cd8+_tcells,10000,6,7,bh,0.05,100,f1,0.0
cd8+_tcells,10000,6,8,raw,-1.0,100,mae,0.046925139656503884
cd8+_tcells,10000,6,8,raw,0.01,100,precision,0.6672932330827067
cd8+_tcells,10000,6,8,raw,0.01,100,recall,0.6774809160305344
cd8+_tcells,10000,6,8,raw,0.01,100,f1,0.6723484848484849
cd8+_tcells,10000,6,8,raw,0.05,100,precision,0.8101797192706284
cd8+_tcells,10000,6,8,raw,0.05,100,recall,0.8161754988767015
cd8+_tcells,10000,6,8,raw,0.05,100,f1,0.8131665569453588
cd8+_tcells,10000,6,8,bh,-1.0,100,mae,0.024431066670364567
cd8+_tcells,10000,6,8,bh,0.01,100,precision,0.0
cd8+_tcells,10000,6,8,bh,0.01,100,recall,0.0
cd8+_tcells,10000,6,8,bh,0.01,100,f1,0.0
cd8+_tcells,10000,6,8,bh,0.05,100,precision,0.0
cd8+_tcells,10000,6,8,bh,0.05,100,recall,0.0
cd8+_tcells,10000,6,8,bh,0.05,100,f1,0.0
cd8+_tcells,10000,6,9,raw,-1.0,100,mae,0.04213688299551823
cd8+_tcells,10000,6,9,raw,0.01,100,precision,0.6386278195488722
cd8+_tcells,10000,6,9,raw,0.01,100,recall,0.668141592920354
cd8+_tcells,10000,6,9,raw,0.01,100,f1,0.6530514175876982
cd8+_tcells,10000,6,9,raw,0.05,100,precision,0.8079496261314443
cd8+_tcells,10000,6,9,raw,0.05,100,recall,0.8153296266878475
cd8+_tcells,10000,6,9,raw,0.05,100,f1,0.8116228503656849
cd8+_tcells,10000,6,9,bh,-1.0,100,mae,0.0225280304051644
cd8+_tcells,10000,6,9,bh,0.01,100,precision,0.0
cd8+_tcells,10000,6,9,bh,0.01,100,recall,0.0
cd8+_tcells,10000,6,9,bh,0.01,100,f1,0.0
cd8+_tcells,10000,6,9,bh,0.05,100,precision,0.0
cd8+_tcells,10000,6,9,bh,0.05,100,recall,0.0
cd8+_tcells,10000,6,9,bh,0.05,100,f1,0.0
cd8+_tcells,10000,7,8,raw,-1.0,100,mae,0.048297740199849254
cd8+_tcells,10000,7,8,raw,0.01,100,precision,0.655421686746988
cd8+_tcells,10000,7,8,raw,0.01,100,recall,0.648854961832061
cd8+_tcells,10000,7,8,raw,0.01,100,f1,0.6521217933349317
cd8+_tcells,10000,7,8,raw,0.05,100,precision,0.8080286168521462
cd8+_tcells,10000,7,8,raw,0.05,100,recall,0.8059997356944628
cd8+_tcells,10000,7,8,raw,0.05,100,f1,0.8070129010916308
cd8+_tcells,10000,7,8,bh,-1.0,100,mae,0.025557088665905944
cd8+_tcells,10000,7,8,bh,0.01,100,precision,0.0
cd8+_tcells,10000,7,8,bh,0.01,100,recall,0.0
cd8+_tcells,10000,7,8,bh,0.01,100,f1,0.0
cd8+_tcells,10000,7,8,bh,0.05,100,precision,0.0
cd8+_tcells,10000,7,8,bh,0.05,100,recall,0.0
cd8+_tcells,10000,7,8,bh,0.05,100,f1,0.0
cd8+_tcells,10000,7,9,raw,-1.0,100,mae,0.0446151971640475
cd8+_tcells,10000,7,9,raw,0.01,100,precision,0.6284337349397591
cd8+_tcells,10000,7,9,raw,0.01,100,recall,0.6411012782694199
cd8+_tcells,10000,7,9,raw,0.01,100,f1,0.6347043076174251
cd8+_tcells,10000,7,9,raw,0.05,100,precision,0.8044515103338633
cd8+_tcells,10000,7,9,raw,0.05,100,recall,0.8038125496425734
cd8+_tcells,10000,7,9,raw,0.05,100,f1,0.8041319030591975
cd8+_tcells,10000,7,9,bh,-1.0,100,mae,0.023957835895546745
cd8+_tcells,10000,7,9,bh,0.01,100,precision,0.0
cd8+_tcells,10000,7,9,bh,0.01,100,recall,0.0
cd8+_tcells,10000,7,9,bh,0.01,100,f1,0.0
cd8+_tcells,10000,7,9,bh,0.05,100,precision,0.0
cd8+_tcells,10000,7,9,bh,0.05,100,recall,0.0
cd8+_tcells,10000,7,9,bh,0.05,100,f1,0.0
cd8+_tcells,10000,8,9,raw,-1.0,100,mae,0.044975566288633924
cd8+_tcells,10000,8,9,raw,0.01,100,precision,0.6564885496183206
cd8+_tcells,10000,8,9,raw,0.01,100,recall,0.6764995083579154
cd8+_tcells,10000,8,9,raw,0.01,100,f1,0.6663438256658596
cd8+_tcells,10000,8,9,raw,0.05,100,precision,0.820007929166116
cd8+_tcells,10000,8,9,raw,0.05,100,recall,0.8214191157002912
cd8+_tcells,10000,8,9,raw,0.05,100,f1,0.8207129158124463
cd8+_tcells,10000,8,9,bh,-1.0,100,mae,0.022999190101984604
cd8+_tcells,10000,8,9,bh,0.01,100,precision,0.0
cd8+_tcells,10000,8,9,bh,0.01,100,recall,0.0
cd8+_tcells,10000,8,9,bh,0.01,100,f1,0.0
cd8+_tcells,10000,8,9,bh,0.05,100,precision,0.0
cd8+_tcells,10000,8,9,bh,0.05,100,recall,0.0
cd8+_tcells,10000,8,9,bh,0.05,100,f1,0.0
